accession	fetch_source	note
1A9V_A	pdb	species: Dermatophagoides pteronyssinus; common name: House dust mite; IUIS Allergen: Unassigned; Type: Aero Mite; Group: Dermatophagoides Der p 2 / Der f 2; Allergenicity: IgE plus basophil+ or SPT+; 1st V: 9; curationNote: 
1B6F_A	pdb	species: Betula pendula; common name: European white birch; IUIS Allergen: ; Type: Aero Plant; Group: Betula Bet v 1; Allergenicity: IgE plus basophil+ or SPT+; 1st V: 9; curationNote: 
1CQA_A	pdb	species: Betula pendula; common name: European white birch; IUIS Allergen: Unassigned; Type: Aero Plant; Group: Betula Bet v 2; Allergenicity: IgE plus basophil+ or SPT+; 1st V: 9; curationNote: 
1ESF_B	pdb	species: Staphylococcus aureus; common name: Bacteria; IUIS Allergen: Unassigned; Type: Bacteria skin; Group: Staphylococcus enterotoxin SEA; Allergenicity: IgE plus basophil+ or SPT+; 1st V: 9; curationNote: 
1G5U_A	pdb	species: Hevea brasiliensis; common name: Para rubber tree; IUIS Allergen: ; Type: Contact; Group: Hevea Hev b 8; Allergenicity: IgE plus basophil+ or SPT+; 1st V: 7; curationNote: 
1H2O_A	pdb	species: Prunus avium; common name: Cherry; IUIS Allergen: Unassigned; Type: Food Plant; Group: Pru av 1 Pru a 1; Allergenicity: IgE plus basophil+ or SPT+; 1st V: 9; curationNote: 
1JTI_A	pdb	species: Gallus gallus; common name: chicken; IUIS Allergen: ; Type: Food Animal; Group: Gallus Gal d 2; Allergenicity: IgE plus basophil+ or SPT+; 1st V: 7; curationNote: 
1KTJ_A	pdb	species: Dermatophagoides pteronyssinus; common name: House dust mite; IUIS Allergen: ; Type: Aero Mite; Group: Dermatophagoides Der p 2 / Der f 2; Allergenicity: IgE plus basophil+ or SPT+; 1st V: 7; curationNote: 
1L3P_A	pdb	species: Phleum pratense; common name: Common timothy; IUIS Allergen: ; Type: Aero Plant; Group: Phleum Phl p 5; Allergenicity: IgE plus basophil+ or SPT+; 1st V: 7; curationNote: 
1LLT_A	pdb	species: Betula pendula; common name: European white birch; IUIS Allergen: ; Type: Aero Plant; Group: Betula Bet v 1; Allergenicity: IgE plus basophil+ or SPT+; 1st V: 7; curationNote: 
1N10_A	pdb	species: Phleum pratense; common name: Common timothy; IUIS Allergen: Phl p 2.0101; Type: Aero Plant; Group: Phleum Phl p 1; Allergenicity: IgE plus basophil+ or SPT+; 1st V: 7; curationNote: 
1NLX_N	pdb	species: Phleum pratense; common name: Common timothy; IUIS Allergen: Unassigned; Type: Aero Plant; Group: Phleum Phl p 6; Allergenicity: IgE plus basophil+ or SPT+; 1st V: 7; curationNote: 
1QMR_A	pdb	species: Betula pendula; common name: European white birch; IUIS Allergen: ; Type: Aero Plant; Group: Betula Bet v 1; Allergenicity: IgE plus basophil+ or SPT+; 1st V: 7; curationNote: 
1QNX_A	pdb	species: Vespula vulgaris; common name: Wasp; IUIS Allergen: Ves v 5; Type: Venom or Salivary; Group: Vespula antigen 5 Ves f, v, s  5; Allergenicity: IgE plus basophil+ or SPT+; 1st V: 7; curationNote: 
1UHG_D	pdb	species: Gallus gallus; common name: chicken; IUIS Allergen: Unassigned; Type: Food Animal; Group: Gallus Gal d 2; Allergenicity: IgE plus basophil+ or SPT+; 1st V: 7; curationNote: 
1W2Q_A	pdb	species: Arachis hypogaea; common name: Peanut; IUIS Allergen: Unassigned; Type: Food Plant; Group: Arachis Ara h 6; Allergenicity: IgE plus basophil+ or SPT+; 1st V: 9; curationNote: 
1WKX_A	pdb	species: Hevea brasiliensis; common name: Para rubber tree; IUIS Allergen: Unassigned; Type: Contact; Group: Hevea Hev b 6; Allergenicity: IgE plus basophil+ or SPT+; 1st V: 7; curationNote: 
1YG9_A	pdb	species: Blattella germanica; common name: German cockroach; IUIS Allergen: Unassigned; Type: Aero Insect; Group: Blattella Bla g 2; Allergenicity: IgE plus basophil+ or SPT+; 1st V: 7; curationNote: 
1Z3Q_A	pdb	species: Musa acuminata; common name: Banana; IUIS Allergen: Mus a 4.0101; Type: Food Plant; Group: Musa Mus a 4; Allergenicity: IgE plus basophil+ or SPT+; 1st V: 7; curationNote: 
2008179A	ncbi	species: Parietaria judaica; common name: Weed; IUIS Allergen: ; Type: Aero Plant; Group: Parietaria Par j 1; Allergenicity: IgE plus basophil+ or SPT+; 1st V: 7; curationNote: 
2023228A	ncbi	species: Phleum pratense; common name: Common timothy; IUIS Allergen: Unassigned; Type: Aero Plant; Group: Phleum Phl p 5; Allergenicity: IgE plus basophil+ or SPT+; 1st V: 7; curationNote: 
2103117A	ncbi	species: Dactylis glomerata; common name: Orchard grass; IUIS Allergen: Dac g 2.0101; Type: Aero Plant; Group: Dactylis Dac g 2; Allergenicity: IgE but no biological test; 1st V: 7; curationNote: 
2118249A	ncbi	species: Lepidoglyphus destructor; common name: Storage mite; IUIS Allergen: ; Type: Aero Mite; Group: Lepidoglyphus Lep d 2; Allergenicity: IgE but no biological test; 1st V: 7; curationNote: 
2118249B	ncbi	species: Lepidoglyphus destructor; common name: Storage mite; IUIS Allergen: ; Type: Aero Mite; Group: Lepidoglyphus Lep d 2; Allergenicity: IgE but no biological test; 1st V: 7; curationNote: 
2118271A	ncbi	species: Phleum pratense; common name: Common timothy; IUIS Allergen: Unassigned; Type: Aero Plant; Group: Phleum Phl p 1; Allergenicity: IgE plus basophil+ or SPT+; 1st V: 10; curationNote: 
2206305A	ncbi	species: Myrmecia pilosula; common name: Jumper ant; IUIS Allergen: ; Type: Venom or Salivary; Group: Myrmecia Myr p 2; Allergenicity: IgE but no biological test; 1st V: 7; curationNote: 
2209273A	ncbi	species: Zea mays; common name: Corn; IUIS Allergen: Unassigned; Type: Aero Plant; Group: Zea pollen specific protein; Allergenicity: IgE but no biological test; 1st V: 7; curationNote: 
2AS8_B	pdb	species: Dermatophagoides pteronyssinus; common name: House dust mite; IUIS Allergen: Unassigned; Type: Aero Mite; Group: Dermatophagoides Der p 1 Der f 1 Der m 1; Allergenicity: IgE plus basophil+ or SPT+; 1st V: 7; curationNote: 
2ATM_A	pdb	species: Vespula vulgaris; common name: Wasp; IUIS Allergen: Unassigned; Type: Venom or Salivary; Group: Vespula Ves v 2; Allergenicity: IgE plus basophil+ or SPT+; 1st V: 8; curationNote: 
2CYG_A	pdb	species: Musa acuminata; common name: Banana; IUIS Allergen: Unassigned; Type: Food Plant; Group: Musa acuminata Mus a 5 Endo-Beta-1,3-Glucanase; Allergenicity: IgE plus basophil+ or SPT+; 1st V: 7; curationNote: 
2HCZ_X	pdb	species: Zea mays; common name: Corn; IUIS Allergen: Unassigned; Type: Aero Plant; Group: Zea Zea m 1 beta-expansin; Allergenicity: IgE but no biological test; 1st V: 8; curationNote: 
2JMH_A	pdb	species: Blomia tropicalis; common name: Mite; IUIS Allergen: Unassigned; Type: Aero Mite; Group: Blomia Blo t 5; Allergenicity: IgE plus basophil+ or SPT+; 1st V: 9; curationNote: 
2JON_A	pdb	species: Olea europaea; common name: Olive tree; IUIS Allergen: Unassigned; Type: Aero Plant; Group: Olea Ole e 9; Allergenicity: IgE plus basophil+ or SPT+; 1st V: 9; curationNote: 
2MFK_A	pdb	species: Blomia tropicalis; common name: Mite; IUIS Allergen: Unassigned; Type: Aero Insect; Group: Blomia Blo t 12; Allergenicity: IgE plus basophil+ or SPT+; 1st V: 16; curationNote: 
2N81_A	pdb	species: Pisum sativum; common name: Pea; IUIS Allergen: Unassigned; Type: Food Plant; Group: Pisum sativum Pis s 3; Allergenicity: IgE but no biological test; 1st V: 18; curationNote: 
2X45_A	pdb	species: Argas reflexus; common name: European pigeon tick; IUIS Allergen: Unassigned; Type: Venom or Salivary; Group: Argas Arg r 1; Allergenicity: IgE plus basophil+ or SPT+; 1st V: 12; curationNote: 
2XV9_A	pdb	species: Ascaris suum; common name: Parasitic roundworm; IUIS Allergen: Unassigned; Type: Worm (parasite); Group: Ascaris Asc s 1; Allergenicity: IgE but no biological test; 1st V: 12; curationNote: 
3C3V_A	pdb	species: Arachis hypogaea; common name: Peanut; IUIS Allergen: Unassigned; Type: Food Plant; Group: Arachis Ara h 3 Glycinin; Allergenicity: IgE plus basophil+ or SPT+; 1st V: 10; curationNote: 
3EBW_A	pdb	species: Periplaneta americana; common name: American cockroach; IUIS Allergen: Unassigned; Type: Aero Insect; Group: Periplaneta Not in IUIS Per a 4; Allergenicity: IgE but no biological test; 1st V: 10; curationNote: 
3EHK_A	pdb	species: Prunus dulcis; common name: Almond; IUIS Allergen: Unassigned; Type: Food Plant; Group: Prunus Pru du 6 Amandin; Allergenicity: IgE but no biological test; 1st V: 11; curationNote: 
3F5V_B	pdb	species: Dermatophagoides pteronyssinus; common name: House dust mite; IUIS Allergen: Unassigned; Type: Aero Mite; Group: Dermatophagoides Der p 1 Der f 1 Der m 1; Allergenicity: IgE plus basophil+ or SPT+; 1st V: 10; curationNote: 
3FT1_A	pdb	species: Phleum pratense; common name: Common timothy; IUIS Allergen: Unassigned; Type: Aero Plant; Group: Phleum Phl p 3; Allergenicity: IgE plus basophil+ or SPT+; 1st V: 11; curationNote: 
3LIZ_A	pdb	species: Blattella germanica; common name: German cockroach; IUIS Allergen: Unassigned; Type: Aero Insect; Group: Blattella Bla g 2; Allergenicity: IgE plus basophil+ or SPT+; 1st V: 12; curationNote: 
3S7E_A	pdb	species: Arachis hypogaea; common name: Peanut; IUIS Allergen: Unassigned; Type: Food Plant; Group: Arachis Ara h 1; Allergenicity: IgE plus basophil+ or SPT+; 1st V: 13; curationNote: 
3SMH_A	pdb	species: Arachis hypogaea; common name: Peanut; IUIS Allergen: Unassigned; Type: Food Plant; Group: Arachis Ara h 1; Allergenicity: IgE plus basophil+ or SPT+; 1st V: 13; curationNote: 
3TSH_A	pdb	species: Phleum pratense; common name: Common timothy; IUIS Allergen: Unassigned; Type: Aero Plant; Group: Phleum Phl p 4; Allergenicity: IgE plus basophil+ or SPT+; 1st V: 14; curationNote: 
3V0R_A	pdb	species: Alternaria alternata; common name: Fungus; IUIS Allergen: Unassigned; Type: Aero Fungi; Group: Alternaria Alt a 1; Allergenicity: IgE plus basophil+ or SPT+; 1st V: 13; curationNote: 
4AUD_B	pdb	species: Alternaria alternata; common name: Fungus; IUIS Allergen: Unassigned; Type: Aero Fungi; Group: Alternaria Alt a 1; Allergenicity: IgE plus basophil+ or SPT+; 1st V: 15; curationNote: 
4B9R_A	pdb	species: Betula pendula; common name: European white birch; IUIS Allergen: Unassigned; Type: Aero Plant; Group: Betula Bet v 1; Allergenicity: IgE plus basophil+ or SPT+; 1st V: 15; curationNote: 
4BK6_B	pdb	species: Betula pendula; common name: European white birch; IUIS Allergen: Unassigned; Type: Aero Plant; Group: Betula Bet v 1; Allergenicity: IgE plus basophil+ or SPT+; 1st V: 15; curationNote: 
4BK7_A	pdb	species: Betula pendula; common name: European white birch; IUIS Allergen: Unassigned; Type: Aero Plant; Group: Betula Bet v 1; Allergenicity: IgE plus basophil+ or SPT+; 1st V: 15; curationNote: 
4BKC_A	pdb	species: Betula pendula; common name: European white birch; IUIS Allergen: Unassigned; Type: Aero Plant; Group: Betula Bet v 1; Allergenicity: IgE plus basophil+ or SPT+; 1st V: 15; curationNote: 
4BKD_A	pdb	species: Betula pendula; common name: European white birch; IUIS Allergen: Unassigned; Type: Aero Plant; Group: Betula Bet v 1; Allergenicity: IgE plus basophil+ or SPT+; 1st V: 15; curationNote: 
4BTZ_A	pdb	species: Betula pendula; common name: European white birch; IUIS Allergen: Unassigned; Type: Aero Plant; Group: Betula Bet v 1; Allergenicity: IgE plus basophil+ or SPT+; 1st V: 16; curationNote: 
4X9U_B	pdb	species: Actinidia deliciosa; common name: Kiwi; IUIS Allergen: Unassigned; Type: Food Plant; Group: Actinidia Act d 5 kiwellin; Allergenicity: IgE plus basophil+ or SPT+; 1st V: 17; curationNote: 
4Z3L_D	pdb	species: Betula pendula; common name: European white birch; IUIS Allergen: Unassigned; Type: Aero Plant; Group: Betula Bet v 1; Allergenicity: IgE plus basophil+ or SPT+; 1st V: 17; curationNote: 
4ZCE_A	pdb	species: Dermatophagoides pteronyssinus; common name: House dust mite; IUIS Allergen: Unassigned; Type: Aero Mite; Group: Dermatophagoides Der p 23 Peritrophin-like protein; Allergenicity: IgE plus basophil+ or SPT+; 1st V: 17; curationNote: 
5E1R_F	pdb	species: Carya illinoinensis; common name: Pecan; IUIS Allergen: ; Type: Food Plant; Group: Carya i Car i 2.0101 vicilin; Allergenicity: IgE but no biological test; 1st V: 18; curationNote: 
5EGW_B	pdb	species: Ambrosia artemisiifolia; common name: Short ragweed; IUIS Allergen: Unassigned; Type: Aero Plant; Group: Ambrosia artemisiifolia Amb a 11; Allergenicity: IgE plus basophil+ or SPT+; 1st V: 17; curationNote: 
5EM0_A	pdb	species: Artemisia vulgaris; common name: Mugwort; IUIS Allergen: Unassigned; Type: Aero Plant; Group: Artemisia Art v 4; Allergenicity: IgE but no biological test; 1st V: 18; curationNote: 
5EM1_A	pdb	species: Ambrosia artemisiifolia; common name: Short ragweed; IUIS Allergen: Unassigned; Type: Aero Plant; Group: Ambrosia Amb a 8 profilin; Allergenicity: IgE plus basophil+ or SPT+; 1st V: 18; curationNote: 
5EV0_B	pdb	species: Ambrosia artemisiifolia; common name: Short ragweed; IUIS Allergen: Unassigned; Type: Aero Plant; Group: Ambrosia Amb a 8 profilin; Allergenicity: IgE plus basophil+ or SPT+; 1st V: 18; curationNote: 
5FEF_A	pdb	species: Zea mays; common name: Corn; IUIS Allergen: Unassigned; Type: Aero Plant; Group: Zea Zea m 12 profilin; Allergenicity: IgE but no biological test; 1st V: 18; curationNote: 
5JT8_B	pdb	species: Blomia tropicalis; common name: Mite; IUIS Allergen: Unassigned; Type: Aero Mite; Group: Blomia Blo t 1.02; Allergenicity: IgE but no biological test; 1st V: 18; curationNote: 
5X7Y_D	pdb	species: Canis familiaris; common name: Dog; IUIS Allergen: Unassigned; Type: Aero Animal; Group: Canis Can f 6 Lipocalin; Allergenicity: IgE but no biological test; 1st V: 19; curationNote: 
5YNX_A	pdb	species: Dermatophagoides farinae; common name: House dust mite; IUIS Allergen: Unassigned; Type: Aero Mite; Group: Der f 21; Allergenicity: IgE but no biological test; 1st V: 20; curationNote: 
5ZGM_A	pdb	species: Mustelus griseus; common name: ; IUIS Allergen: Unassigned; Type: Food Animal; Group: Mustelus griseus parvalbumin; Allergenicity: IgE but no biological test; 1st V: 20; curationNote: 
5ZH6_A	pdb	species: Mustelus griseus; common name: ; IUIS Allergen: Unassigned; Type: Food Animal; Group: Mustelus griseus parvalbumin; Allergenicity: IgE but no biological test; 1st V: 20; curationNote: 
5ZHQ_A	pdb	species: Scylla paramamosain; common name: green mud crab; IUIS Allergen: Unassigned; Type: Food Animal; Group: Scylla arginine kinase Scy p 2; Allergenicity: IgE but no biological test; 1st V: 20; curationNote: 
6B4S_A	pdb	species: Bertholletia excelsa; common name: Brazil nut; IUIS Allergen: Unassigned; Type: Food Plant; Group: Bertholletia Ber e 2; Allergenicity: IgE but no biological test; 1st V: 20; curationNote: 
6B6J_A	pdb	species: Artemisia vulgaris; common name: Mugwort; IUIS Allergen: Unassigned; Type: Aero Plant; Group: Artemisia Art v 4; Allergenicity: IgE but no biological test; 1st V: 20; curationNote: 
6FRR_A	pdb	species: Artemisia vulgaris; common name: Mugwort; IUIS Allergen: Unassigned; Type: Aero Plant; Group: Artemisia Art v 3; Allergenicity: IgE plus basophil+ or SPT+; 1st V: 20; curationNote: 
6GER_A	pdb	species: Triticum aestivum; common name: Wheat; IUIS Allergen: Tri a 17.0101; Type: Food Plant; Group: Triticum Tri a 17; Allergenicity: IgE plus basophil+ or SPT+; 1st V: 19; curationNote: 
6TRK_A	pdb	species: Phleum pratense; common name: Common timothy; IUIS Allergen: Unassigned; Type: Aero Plant; Group: Phleum Phl p 6; Allergenicity: IgE plus basophil+ or SPT+; 1st V: 21; curationNote: 
6Y3H_A	pdb	species: Corylus avellana; common name: European hazelnut; IUIS Allergen: Unassigned; Type: Unassigned; Group: Corylus Cor a 1; Allergenicity: IgE plus basophil+ or SPT+; 1st V: 22; curationNote: 
6Y3I_A	pdb	species: Corylus avellana; common name: European hazelnut; IUIS Allergen: Unassigned; Type: Unassigned; Group: Corylus Cor a 1; Allergenicity: IgE plus basophil+ or SPT+; 1st V: 22; curationNote: 
7KYW_A	pdb	species: Phleum pratense; common name: Common timothy; IUIS Allergen: Unassigned; Type: Unassigned; Group: Phleum Phl p 12; Allergenicity: IgE but no biological test; 1st V: 22; curationNote: 
7SBD_C	pdb	species: Hevea brasiliensis; common name: Para rubber tree; IUIS Allergen: Unassigned; Type: Unassigned; Group: Hevea Hev b 8; Allergenicity: IgE plus basophil+ or SPT+; 1st V: 23; curationNote: 
7UV1_A	pdb	species: Anacardium occidentale; common name: Cashew; IUIS Allergen: Unassigned; Type: Unassigned; Group: Asparagin ends VICILINS; Allergenicity: IgE but no biological test; 1st V: 23; curationNote: 
7UV2_A	pdb	species: Anacardium occidentale; common name: Cashew; IUIS Allergen: Unassigned; Type: Unassigned; Group: Asparagin ends VICILINS; Allergenicity: IgE but no biological test; 1st V: 23; curationNote: 
7UV3_A	pdb	species: Pistacia vera; common name: pistachio; IUIS Allergen: Unassigned; Type: Unassigned; Group: Pistacia Pis v 3 vicilin; Allergenicity: IgE but no biological test; 1st V: 23; curationNote: 
7UV4_A	pdb	species: Pistacia vera; common name: pistachio; IUIS Allergen: Unassigned; Type: Unassigned; Group: Pistacia Pis v 3 vicilin; Allergenicity: IgE but no biological test; 1st V: 23; curationNote: 
7WBO_A	pdb	species: Scylla paramamosain; common name: green mud crab; IUIS Allergen: Unassigned; Type: Unassigned; Group: Scylla paramamosain Scy p 4 Sarc Ca Binding Ptn; Allergenicity: IgE but no biological test; 1st V: 23; curationNote: 
8A0D_A	pdb	species: Cavia porcellus; common name: Domestic guinea pig; IUIS Allergen: Unassigned; Type: Unassigned; Group: Cavia Cav p 1; Allergenicity: IgE but no biological test; 1st V: 23; curationNote: 
8A0D_B	pdb	species: Cavia porcellus; common name: Domestic guinea pig; IUIS Allergen: Unassigned; Type: Unassigned; Group: Cavia Cav p 1; Allergenicity: IgE but no biological test; 1st V: 23; curationNote: 
8A0D_C	pdb	species: Cavia porcellus; common name: Domestic guinea pig; IUIS Allergen: Unassigned; Type: Unassigned; Group: Cavia Cav p 1; Allergenicity: IgE but no biological test; 1st V: 23; curationNote: 
8A0D_D	pdb	species: Cavia porcellus; common name: Domestic guinea pig; IUIS Allergen: Unassigned; Type: Unassigned; Group: Cavia Cav p 1; Allergenicity: IgE but no biological test; 1st V: 23; curationNote: 
8A0D_E	pdb	species: Cavia porcellus; common name: Domestic guinea pig; IUIS Allergen: Unassigned; Type: Unassigned; Group: Cavia Cav p 1; Allergenicity: IgE but no biological test; 1st V: 23; curationNote: 
8DB4_F	pdb	species: Arachis hypogaea; common name: Peanut; IUIS Allergen: Unassigned; Type: Unassigned; Group: Arachis Ara h 2; Allergenicity: IgE plus basophil+ or SPT+; 1st V: 23; curationNote: 
8EPV_A	pdb	species: Felis catus; common name: Cat; IUIS Allergen: Unassigned; Type: Unassigned; Group: Felis Fel d 7; Allergenicity: IgE but no biological test; 1st V: 23; curationNote: 
8GKO_A	pdb	species: Aspergillus fumigatus Af293; common name: Fungus; IUIS Allergen: Unassigned; Type: Unassigned; Group: Aspergillus fumigatus Asp f 13; Allergenicity: IgE but no biological test; 1st V: 23; curationNote: 
8GKO_C	pdb	species: Aspergillus fumigatus Af293; common name: Fungus; IUIS Allergen: Unassigned; Type: Unassigned; Group: Aspergillus fumigatus Asp f 13; Allergenicity: IgE but no biological test; 1st V: 23; curationNote: 
8GKP_C	pdb	species: Aspergillus fumigatus Af293; common name: Fungus; IUIS Allergen: Unassigned; Type: Unassigned; Group: Aspergillus fumigatus Asp f 13; Allergenicity: IgE but no biological test; 1st V: 23; curationNote: 
8GKP_D	pdb	species: Aspergillus fumigatus Af293; common name: Fungus; IUIS Allergen: Unassigned; Type: Unassigned; Group: Aspergillus fumigatus Asp f 13; Allergenicity: IgE but no biological test; 1st V: 23; curationNote: 
8GKP_I	pdb	species: Aspergillus fumigatus Af293; common name: Fungus; IUIS Allergen: Unassigned; Type: Unassigned; Group: Aspergillus fumigatus Asp f 13; Allergenicity: IgE but no biological test; 1st V: 23; curationNote: 
8GKP_J	pdb	species: Aspergillus fumigatus Af293; common name: Fungus; IUIS Allergen: Unassigned; Type: Unassigned; Group: Aspergillus fumigatus Asp f 13; Allergenicity: IgE but no biological test; 1st V: 23; curationNote: 
8GKQ_A	pdb	species: Aspergillus fumigatus Af293; common name: Fungus; IUIS Allergen: Unassigned; Type: Unassigned; Group: Aspergillus fumigatus Asp f 13; Allergenicity: IgE but no biological test; 1st V: 23; curationNote: 
8GKQ_C	pdb	species: Aspergillus fumigatus Af293; common name: Fungus; IUIS Allergen: Unassigned; Type: Unassigned; Group: Aspergillus fumigatus Asp f 13; Allergenicity: IgE but no biological test; 1st V: 23; curationNote: 
8PKC_A	pdb	species: Apis mellifera; common name: Honeybee; IUIS Allergen: Unassigned; Type: Unassigned; Group: Apis mellifera Phospholipase A2; Allergenicity: IgE plus basophil+ or SPT+; 1st V: 24; curationNote: 
8PKC_B	pdb	species: Apis mellifera; common name: Honeybee; IUIS Allergen: Unassigned; Type: Unassigned; Group: Apis Api m 1 Api d 1 Api c 1; Allergenicity: IgE plus basophil+ or SPT+; 1st V: 24; curationNote: 
8SHW_B	pdb	species: Arachis hypogaea; common name: Peanut; IUIS Allergen: Unassigned; Type: Unassigned; Group: Arachis Ara h 2; Allergenicity: IgE plus basophil+ or SPT+; 1st V: 24; curationNote: 
8SHW_Q	pdb	species: Arachis hypogaea; common name: Peanut; IUIS Allergen: Unassigned; Type: Unassigned; Group: Arachis Ara h 2; Allergenicity: IgE plus basophil+ or SPT+; 1st V: 24; curationNote: 
8SI1_E	pdb	species: Arachis hypogaea; common name: Peanut; IUIS Allergen: Unassigned; Type: Unassigned; Group: Arachis Ara h 6; Allergenicity: IgE plus basophil+ or SPT+; 1st V: 24; curationNote: 
8SI1_F	pdb	species: Arachis hypogaea; common name: Peanut; IUIS Allergen: Unassigned; Type: Unassigned; Group: Arachis Ara h 6; Allergenicity: IgE plus basophil+ or SPT+; 1st V: 24; curationNote: 
8SI1_G	pdb	species: Arachis hypogaea; common name: Peanut; IUIS Allergen: Unassigned; Type: Unassigned; Group: Arachis Ara h 6; Allergenicity: IgE plus basophil+ or SPT+; 1st V: 24; curationNote: 
8SJ4_A	pdb	species: Arachis hypogaea; common name: Peanut; IUIS Allergen: Unassigned; Type: Unassigned; Group: Arachis Ara h 6; Allergenicity: IgE plus basophil+ or SPT+; 1st V: 24; curationNote: 
8SJ6_Q	pdb	species: Arachis hypogaea; common name: Peanut; IUIS Allergen: Unassigned; Type: Unassigned; Group: Arachis Ara h 2; Allergenicity: IgE plus basophil+ or SPT+; 1st V: 24; curationNote: 
8SJA_G	pdb	species: Arachis hypogaea; common name: Peanut; IUIS Allergen: Unassigned; Type: Unassigned; Group: Arachis Ara h 2; Allergenicity: IgE plus basophil+ or SPT+; 1st V: 24; curationNote: 
8SJA_I	pdb	species: Arachis hypogaea; common name: Peanut; IUIS Allergen: Unassigned; Type: Unassigned; Group: Arachis Ara h 6; Allergenicity: IgE plus basophil+ or SPT+; 1st V: 24; curationNote: 
8TI7_E	pdb	species: Dermatophagoides pteronyssinus; common name: House dust mite; IUIS Allergen: Unassigned; Type: Unassigned; Group: Der p 29; Allergenicity: IgE but no biological test; 1st V: 24; curationNote: 
8TI7_G	pdb	species: Dermatophagoides pteronyssinus; common name: House dust mite; IUIS Allergen: Unassigned; Type: Unassigned; Group: Der p 29; Allergenicity: IgE but no biological test; 1st V: 24; curationNote: 
8TI7_I	pdb	species: Dermatophagoides pteronyssinus; common name: House dust mite; IUIS Allergen: Unassigned; Type: Unassigned; Group: Der p 29; Allergenicity: IgE but no biological test; 1st V: 24; curationNote: 
8TI7_K	pdb	species: Dermatophagoides pteronyssinus; common name: House dust mite; IUIS Allergen: Unassigned; Type: Unassigned; Group: Der p 29; Allergenicity: IgE but no biological test; 1st V: 24; curationNote: 
8TI7_M	pdb	species: Dermatophagoides pteronyssinus; common name: House dust mite; IUIS Allergen: Unassigned; Type: Unassigned; Group: Dermatophagoides Profilin; Allergenicity: IgE but no biological test; 1st V: 24; curationNote: 
8TI7_O	pdb	species: Dermatophagoides pteronyssinus; common name: House dust mite; IUIS Allergen: Unassigned; Type: Unassigned; Group: Der p 29; Allergenicity: IgE but no biological test; 1st V: 24; curationNote: 
8U45_A	pdb	species: Aspergillus fumigatus Af293; common name: Fungus; IUIS Allergen: Unassigned; Type: Unassigned; Group: Aspergillus fumigatus Asp f 13; Allergenicity: IgE but no biological test; 1st V: 23; curationNote: 
8UAI_D	pdb	species: Corylus avellana; common name: European hazelnut; IUIS Allergen: Unassigned; Type: Unassigned; Group: Cor a 11S Cor a 9 like; Allergenicity: IgE plus basophil+ or SPT+; 1st V: 24; curationNote: 
8VK1_A	pdb	species: Dermatophagoides pteronyssinus; common name: House dust mite; IUIS Allergen: Unassigned; Type: Unassigned; Group: Der p 2; Allergenicity: IgE plus basophil+ or SPT+; 1st V: 24; curationNote: 
8VK1_D	pdb	species: Dermatophagoides pteronyssinus; common name: House dust mite; IUIS Allergen: Unassigned; Type: Unassigned; Group: Der p 2; Allergenicity: IgE plus basophil+ or SPT+; 1st V: 24; curationNote: 
8WKH_A	pdb	species: Blomia tropicalis; common name: Mite; IUIS Allergen: Unassigned; Type: Unassigned; Group: Blomia Blo t 13.01; Allergenicity: IgE but no biological test; 1st V: 23; curationNote: 
9B26_A	pdb	species: Gadus morhua; common name: Atlantic cod; IUIS Allergen: Unassigned; Type: Unassigned; Group: Gad m 1 parvalbumin; Allergenicity: IgE but no biological test; 1st V: 24; curationNote: 
9BAR_A	pdb	species: Raja clavata; common name: ; IUIS Allergen: Unassigned; Type: Unassigned; Group: Raja parvalbumin reptile; Allergenicity: IgE but no biological test; 1st V: 24; curationNote: 
9EP9_A	pdb	species: Solanum lycopersicum (Lycopersicon esculentum); common name: Tomato; IUIS Allergen: Unassigned; Type: Unassigned; Group: Non-specific LTP solanum; Allergenicity: IgE plus basophil+ or SPT+; 1st V: 24; curationNote: 
9HAD_A	pdb	species: Dermatophagoides farinae; common name: House dust mite; IUIS Allergen: Unassigned; Type: Unassigned; Group: Der f 21; Allergenicity: IgE but no biological test; 1st V: 24; curationNote: 
9HAD_B	pdb	species: Dermatophagoides farinae; common name: House dust mite; IUIS Allergen: Unassigned; Type: Unassigned; Group: Der f 21; Allergenicity: IgE but no biological test; 1st V: 24; curationNote: 
9HAF_E	pdb	species: Dermatophagoides farinae; common name: House dust mite; IUIS Allergen: Unassigned; Type: Unassigned; Group: Dermatophagoides Der p 7 /  Der f 7; Allergenicity: IgE plus basophil+ or SPT+; 1st V: 24; curationNote: 
A0A0K2GUJ4.1	uniprot	species: Dermatophagoides pteronyssinus; common name: House dust mite; IUIS Allergen: Unassigned; Type: Unassigned; Group: Dermatophagoides Der f 24 and Der p 24 Ubiquinol; Allergenicity: IgE but no biological test; 1st V: 22; curationNote: 
A0A158V755.1	uniprot	species: Pisum sativum; common name: Pea; IUIS Allergen: Unassigned; Type: Food Plant; Group: Pisum sativum Pis s 3; Allergenicity: IgE but no biological test; 1st V: 18; curationNote: 
A0A158V976.1	uniprot	species: Pisum sativum; common name: Pea; IUIS Allergen: Unassigned; Type: Food Plant; Group: Pisum sativum Pis s 3; Allergenicity: IgE but no biological test; 1st V: 18; curationNote: 
A0A161X1M2.1	uniprot	species: Daucus carota subsp. sativus; common name: ; IUIS Allergen: Dau c 1.04; Type: Food Plant; Group: Dau c 1.04; Allergenicity: IgE plus basophil+ or SPT+; 1st V: 23; curationNote: 
A0A1S3THR8.1	uniprot	species: Vigna radiata var. radiata; common name: mung bean; IUIS Allergen: Unassigned; Type: Food Plant; Group: Vigna Vig r 6 Cytokinin-specific binding protein; Allergenicity: IgE but no biological test; 1st V: 20; curationNote: 
A0A2J6KL39.1	uniprot	species: Lactuca sativa; common name: Garden lettuce; IUIS Allergen: Lac s 1; Type: Food Plant; Group: Lactuca sativa LTP; Allergenicity: IgE plus basophil+ or SPT+; 1st V: 20; curationNote: 
A0A3F2YLV2.1	uniprot	species: Mustelus griseus; common name: ; IUIS Allergen: Unassigned; Type: Unassigned; Group: Parvalbumin SPV-II parvalbumin; Allergenicity: IgE but no biological test; 1st V: 24; curationNote: 
A0A7M6W880.1	uniprot	species: Apis mellifera; common name: Honeybee; IUIS Allergen: Unassigned; Type: Unassigned; Group: Apis m Royal Jelly ptn Api m 11; Allergenicity: IgE but no biological test; 1st V: 24; curationNote: 
A0A976YI25.1	uniprot	species: Callinectes bellicosus; common name: ; IUIS Allergen: Cal b 2; Type: Food Animal; Group: Cal b 2 Arg Kinase; Allergenicity: IgE but no biological test; 1st V: 23; curationNote: 
A1KXP4.1	uniprot	species: Davidiella tassiana; common name: Fungus; IUIS Allergen: Unassigned; Type: Aero Fungi; Group: Cladosporium Davidiella TCTP; Allergenicity: IgE but no biological test; 1st V: 20; curationNote: 
A2BIM8.1	uniprot	species: Mus musculus; common name: Mouse; IUIS Allergen: Unassigned; Type: Aero Animal; Group: Mus Mus m 1; Allergenicity: IgE plus basophil+ or SPT+; 1st V: 17; curationNote: 
A2IA89.1	uniprot	species: Xenopsylla cheopis; common name: oriental rat flea; IUIS Allergen: Unassigned; Type: Unassigned; Group: Apis non-sensical 26 Aug; Allergenicity: IgE but no biological test; 1st V: 24; curationNote: 
A2V735.1	uniprot	species: Chionoecetes opilio; common name: Snow Crab; IUIS Allergen: Unassigned; Type: Food Animal; Group: Chionoecetes tropomyosin; Allergenicity: IgE but no biological test; 1st V: 12; curationNote: 
A2VBC4.1	uniprot	species: Polybia paulista; common name: wasp; IUIS Allergen: Poly p 1.0101; Type: Venom or Salivary; Group: Polybia Pol p 1.0101 phospholipase; Allergenicity: IgE but no biological test; 1st V: 9; curationNote: 
A38968	ncbi	species: Olea europaea; common name: Olive tree; IUIS Allergen: ; Type: Aero Plant; Group: Olea Ole e 1; Allergenicity: IgE plus basophil+ or SPT+; 1st V: 7; curationNote: 
A45786	ncbi	species: Betula pendula; common name: European white birch; IUIS Allergen: ; Type: Aero Plant; Group: Betula Bet v 1; Allergenicity: IgE plus basophil+ or SPT+; 1st V: 7; curationNote: 
A4GFC0.1	uniprot	species: Olea europaea; common name: Olive tree; IUIS Allergen: Unassigned; Type: Aero Plant; Group: Olea Ole e 2; Allergenicity: IgE but no biological test; 1st V: 15; curationNote: 
A4GFC3.1	uniprot	species: Olea europaea; common name: Olive tree; IUIS Allergen: Unassigned; Type: Aero Plant; Group: Olea Ole e 2; Allergenicity: IgE but no biological test; 1st V: 15; curationNote: 
A4K9Z8.1	uniprot	species: Betula pendula; common name: European white birch; IUIS Allergen: Unassigned; Type: Aero Plant; Group: Betula Bet v 2; Allergenicity: IgE plus basophil+ or SPT+; 1st V: 15; curationNote: 
A4KA39.1	uniprot	species: Corylus avellana; common name: European hazelnut; IUIS Allergen: Unassigned; Type: Food Plant; Group: Corylus Cor a 2 profilins; Allergenicity: IgE but no biological test; 1st V: 15; curationNote: 
A4KA40.1	uniprot	species: Corylus avellana; common name: European hazelnut; IUIS Allergen: Unassigned; Type: Food Plant; Group: Corylus Cor a 2 profilins; Allergenicity: IgE but no biological test; 1st V: 15; curationNote: 
A4KA41.1	uniprot	species: Corylus avellana; common name: European hazelnut; IUIS Allergen: Unassigned; Type: Food Plant; Group: Corylus Cor a 2 profilins; Allergenicity: IgE but no biological test; 1st V: 15; curationNote: 
A4KA43.1	uniprot	species: Corylus avellana; common name: European hazelnut; IUIS Allergen: Unassigned; Type: Food Plant; Group: Corylus Cor a 2 profilins; Allergenicity: IgE but no biological test; 1st V: 15; curationNote: 
A4KA44.1	uniprot	species: Corylus avellana; common name: European hazelnut; IUIS Allergen: Unassigned; Type: Food Plant; Group: Corylus Cor a 2 profilins; Allergenicity: IgE but no biological test; 1st V: 15; curationNote: 
A4KA45.1	uniprot	species: Corylus avellana; common name: European hazelnut; IUIS Allergen: Unassigned; Type: Food Plant; Group: Corylus Cor a 2 profilins; Allergenicity: IgE but no biological test; 1st V: 15; curationNote: 
A59055	ncbi	species: Apis cerana; common name: Indian honeybee; IUIS Allergen: Unassigned; Type: Venom or Salivary; Group: Apis Api m 1 Api d 1 Api c 1; Allergenicity: IgE plus basophil+ or SPT+; 1st V: 7; curationNote: 
A5HII1.1	uniprot	species: Actinidia deliciosa; common name: Kiwi; IUIS Allergen: Unassigned; Type: Food Plant; Group: Actinidia Act c 1 Act d 1 Actinidin; Allergenicity: IgE plus basophil+ or SPT+; 1st V: 12; curationNote: 
A60372	ncbi	species: Poa pratensis; common name: Kentucky bluegrass; IUIS Allergen: ; Type: Aero Plant; Group: Poa Poa p 1; Allergenicity: IgE but no biological test; 1st V: 7; curationNote: 
A60373	ncbi	species: Poa pratensis; common name: Kentucky bluegrass; IUIS Allergen: Unassigned; Type: Aero Plant; Group: Poa not IUIS Poa p 9 like Poa p 5; Allergenicity: IgE but no biological test; 1st V: 7; curationNote: 
AAA16522.1	ncbi	species: Betula pendula; common name: European white birch; IUIS Allergen: Bet v 2.0101; Type: Aero Plant; Group: Betula Bet v 2; Allergenicity: IgE plus basophil+ or SPT+; 1st V: 11; curationNote: 
AAA16792.1	ncbi	species: Hevea brasiliensis; common name: Para rubber tree; IUIS Allergen: Hev b 10.0101; Type: Contact; Group: Hevea Hev b 10; Allergenicity: IgE but no biological test; 1st V: 7; curationNote: 
AAA19973.1	ncbi	species: Dermatophagoides pteronyssinus; common name: House dust mite; IUIS Allergen: Der p 3.0101; Type: Aero Mite; Group: Dermatophagoides Der p 3 / Der f 3; Allergenicity: IgE but no biological test; 1st V: 7; curationNote: 
AAA20064.1	ncbi	species: Ambrosia psilostachya; common name: Western ragweed; IUIS Allergen: Amb p 5.0201; Type: Aero Plant; Group: Ambrosia Amb a 5 Ra5 Amb p 5; Allergenicity: IgE plus basophil+ or SPT+; 1st V: 7; curationNote: 
AAA20065.1	ncbi	species: Ambrosia psilostachya; common name: Western ragweed; IUIS Allergen: Amb p 5.0101; Type: Aero Plant; Group: Ambrosia Amb a 5 Ra5 Amb p 5; Allergenicity: IgE plus basophil+ or SPT+; 1st V: 7; curationNote: 
AAA20066.1	ncbi	species: Ambrosia psilostachya; common name: Western ragweed; IUIS Allergen: Unassigned; Type: Aero Plant; Group: Ambrosia Amb a 5 Ra5 Amb p 5; Allergenicity: IgE plus basophil+ or SPT+; 1st V: 7; curationNote: 
AAA20067.1	ncbi	species: Ambrosia psilostachya; common name: Western ragweed; IUIS Allergen: Unassigned; Type: Aero Plant; Group: Ambrosia Amb a 5 Ra5 Amb p 5; Allergenicity: IgE plus basophil+ or SPT+; 1st V: 7; curationNote: 
AAA20068.1	ncbi	species: Ambrosia psilostachya; common name: Western ragweed; IUIS Allergen: Unassigned; Type: Aero Plant; Group: Ambrosia Amb a 5 Ra5 Amb p 5; Allergenicity: IgE plus basophil+ or SPT+; 1st V: 7; curationNote: 
AAA28296.1	ncbi	species: Dermatophagoides pteronyssinus; common name: House dust mite; IUIS Allergen: Unassigned; Type: Aero Mite; Group: Dermatophagoides Der p 1 Der f 1 Der m 1; Allergenicity: IgE plus basophil+ or SPT+; 1st V: 11; curationNote: 
AAA28301.1	ncbi	species: Dolichovespula maculata; common name: Whiteface hornet; IUIS Allergen: Dol m 5.0101; Type: Venom or Salivary; Group: Dolichovespula Venom allergen 5; Allergenicity: IgE plus basophil+ or SPT+; 1st V: 11; curationNote: 
AAA28302.1	ncbi	species: Dolichovespula maculata; common name: Whiteface hornet; IUIS Allergen: Dol m 5.02; Type: Venom or Salivary; Group: Dolichovespula Venom allergen 5; Allergenicity: IgE plus basophil+ or SPT+; 1st V: 11; curationNote: 
AAA28303.1	ncbi	species: Dolichovespula arenaria; common name: Yellow jacket; IUIS Allergen: ; Type: Venom or Salivary; Group: Dolichovespula Venom allergen 5; Allergenicity: IgE plus basophil+ or SPT+; 1st V: 11; curationNote: 
AAA29793.1	ncbi	species: Polistes annularis; common name: Paper wasp; IUIS Allergen: Pol a 5.0101; Type: Venom or Salivary; Group: Polistes Pol 5; Allergenicity: IgE plus basophil+ or SPT+; 1st V: 7; curationNote: 
AAA30333.1	ncbi	species: Vespula vulgaris; common name: Wasp; IUIS Allergen: Ves v 5.0101; Type: Venom or Salivary; Group: Vespula antigen 5 Ves f, v, s  5; Allergenicity: IgE plus basophil+ or SPT+; 1st V: 7; curationNote: 
AAA30429.1	ncbi	species: Bos taurus; common name: Bovine; IUIS Allergen: Unassigned; Type: Food Animal; Group: Bos Alpha-s1 casein; Allergenicity: IgE plus basophil+ or SPT+; 1st V: 7; curationNote: 
AAA30430.1	ncbi	species: Bos taurus; common name: Bovine; IUIS Allergen: Unassigned; Type: Food Animal; Group: Bos Bos d 11 beta casein; Allergenicity: IgE plus basophil+ or SPT+; 1st V: 7; curationNote: 
AAA30431.1	ncbi	species: Bos taurus; common name: Bovine; IUIS Allergen: Bos d 11.0101; Type: Food Animal; Group: Bos Bos d 11 beta casein; Allergenicity: IgE plus basophil+ or SPT+; 1st V: 7; curationNote: 
AAA30433.1	ncbi	species: Bos taurus; common name: Bovine; IUIS Allergen: Unassigned; Type: Food Animal; Group: Bos Bos d 12; Allergenicity: IgE plus basophil+ or SPT+; 1st V: 7; curationNote: 
AAA30478.1	ncbi	species: Bos taurus; common name: Bovine; IUIS Allergen: Unassigned; Type: Food Animal; Group: Bos Alpha-s1 casein; Allergenicity: IgE plus basophil+ or SPT+; 1st V: 7; curationNote: 
AAA30615.1	ncbi	species: Bos taurus; common name: Bovine; IUIS Allergen: Bos d 4.0101; Type: Food Animal; Group: Bos Bos d 4; Allergenicity: IgE plus basophil+ or SPT+; 1st V: 15; curationNote: 
AAA30988.1	ncbi	species: Sus scrofa; common name: Pig; IUIS Allergen: Sus s 1.0101; Type: Aero Animal; Group: Sus s serum albumin; Allergenicity: IgE but no biological test; 1st V: 17; curationNote: 
AAA32629.1	ncbi	species: Actinidia deliciosa; common name: Kiwi; IUIS Allergen: Unassigned; Type: Food Plant; Group: Actinidia Act c 1 Act d 1 Actinidin; Allergenicity: IgE plus basophil+ or SPT+; 1st V: 7; curationNote: 
AAA32669.1	ncbi	species: Ambrosia artemisiifolia; common name: Short ragweed; IUIS Allergen: Amb a 1.0303; Type: Aero Plant; Group: Ambrosia Amb a 1; Allergenicity: IgE plus basophil+ or SPT+; 1st V: 7; curationNote: 
AAA32671.1	ncbi	species: Ambrosia artemisiifolia; common name: Short ragweed; IUIS Allergen: Amb a 1.0501; Type: Aero Plant; Group: Ambrosia Amb a 1; Allergenicity: IgE plus basophil+ or SPT+; 1st V: 11; curationNote: 
AAA32702.1	ncbi	species: Aspergillus niger; common name: Fungus; IUIS Allergen: Unassigned; Type: Aero Fungi; Group: Aspergillus Asp f 18 and Asp n 18; Allergenicity: IgE but no biological test; 1st V: 7; curationNote: 
AAA32708.1	ncbi	species: Aspergillus oryzae; common name: Fungus; IUIS Allergen: Asp o 21.0101; Type: Aero Fungi; Group: Aspergillus Asp o 21; Allergenicity: IgE plus basophil+ or SPT+; 1st V: 15; curationNote: 
AAA32970.1	ncbi	species: Hordeum vulgare; common name: Barley; IUIS Allergen: Unassigned; Type: Aero Plant; Group: Hordeum LTP 1; Allergenicity: IgE but no biological test; 1st V: 7; curationNote: 
AAA33405.1	ncbi	species: Lolium perenne; common name: Perennial ryegrass; IUIS Allergen: Lol p 5.0101; Type: Aero Plant; Group: Lolium Lol p 5; Allergenicity: IgE plus basophil+ or SPT+; 1st V: 10; curationNote: 
AAA33493.1	ncbi	species: Zea mays; common name: Corn; IUIS Allergen: Zea m 14.0101; Type: Food Plant; Group: Zea Zea m 14; Allergenicity: IgE but no biological test; 1st V: 15; curationNote: 
AAA33494.1	ncbi	species: Zea mays; common name: Corn; IUIS Allergen: Zea m 14.0102; Type: Food Plant; Group: Zea Zea m 14; Allergenicity: IgE but no biological test; 1st V: 15; curationNote: 
AAA33496.1	ncbi	species: Zea mays; common name: Corn; IUIS Allergen: Unassigned; Type: Aero Plant; Group: Zea Zea m 1 beta-expansin; Allergenicity: IgE but no biological test; 1st V: 11; curationNote: 
AAA33819.1	ncbi	species: Solanum tuberosum; common name: Potato; IUIS Allergen: Unassigned; Type: Food Plant; Group: Solanum Sola t 1; Allergenicity: IgE plus basophil+ or SPT+; 1st V: 7; curationNote: 
AAA33947.1	ncbi	species: Glycine max; common name: Soybean; IUIS Allergen: Unassigned; Type: Food Plant; Group: Glycine Gly m 5.0101 alpha subunit beta congl; Allergenicity: IgE but no biological test; 1st V: 7; curationNote: 
AAA33964.1	ncbi	species: Glycine max; common name: Soybean; IUIS Allergen: Unassigned; Type: Food Plant; Group: Glycine Gly m 6.0501; Allergenicity: IgE but no biological test; 1st V: 7; curationNote: 
AAA33965.1	ncbi	species: Glycine max; common name: Soybean; IUIS Allergen: Unassigned; Type: Food Plant; Group: Glycine Gly m 6.0501; Allergenicity: IgE but no biological test; 1st V: 7; curationNote: 
AAA33966.1	ncbi	species: Glycine max; common name: Soybean; IUIS Allergen: Gly m 6.0101; Type: Food Plant; Group: Glycine Gly m 6.0101; Allergenicity: IgE but no biological test; 1st V: 15; curationNote: 
AAA34272.1	ncbi	species: Triticum aestivum; common name: Wheat; IUIS Allergen: Unassigned; Type: Gliadin; Group: Triticum Tri a 20; Allergenicity: IgE plus basophil+ or SPT+; 1st V: 7; curationNote: 
AAA34274.1	ncbi	species: Triticum aestivum; common name: Wheat; IUIS Allergen: Unassigned; Type: Gliadin; Group: Triticum Tri a 20; Allergenicity: IgE plus basophil+ or SPT+; 1st V: 7; curationNote: 
AAA34275.1	ncbi	species: Triticum aestivum; common name: Wheat; IUIS Allergen: Unassigned; Type: Gliadin; Group: Triticum alpha/beta gliadin; Allergenicity: IgE plus basophil+ or SPT+; 1st V: 7; curationNote: 
AAA34276.1	ncbi	species: Triticum aestivum; common name: Wheat; IUIS Allergen: Unassigned; Type: Gliadin; Group: Triticum alpha/beta gliadin; Allergenicity: IgE plus basophil+ or SPT+; 1st V: 7; curationNote: 
AAA34279.1	ncbi	species: Triticum aestivum; common name: Wheat; IUIS Allergen: Unassigned; Type: Gliadin; Group: Triticum alpha/beta gliadin; Allergenicity: IgE plus basophil+ or SPT+; 1st V: 7; curationNote: 
AAA34280.1	ncbi	species: Triticum aestivum; common name: Wheat; IUIS Allergen: Unassigned; Type: Gliadin; Group: Triticum alpha/beta gliadin; Allergenicity: IgE plus basophil+ or SPT+; 1st V: 7; curationNote: 
AAA34281.1	ncbi	species: Triticum aestivum; common name: Wheat; IUIS Allergen: Unassigned; Type: Gliadin; Group: Triticum alpha/beta gliadin; Allergenicity: IgE plus basophil+ or SPT+; 1st V: 7; curationNote: 
AAA34282.1	ncbi	species: Triticum aestivum; common name: Wheat; IUIS Allergen: Unassigned; Type: Gliadin; Group: Triticum alpha/beta gliadin; Allergenicity: IgE plus basophil+ or SPT+; 1st V: 7; curationNote: 
AAA34283.1	ncbi	species: Triticum aestivum; common name: Wheat; IUIS Allergen: Unassigned; Type: Gliadin; Group: Triticum alpha/beta gliadin; Allergenicity: IgE plus basophil+ or SPT+; 1st V: 7; curationNote: 
AAA34284.1	ncbi	species: Triticum aestivum; common name: Wheat; IUIS Allergen: Unassigned; Type: Gliadin; Group: Triticum alpha/beta gliadin; Allergenicity: IgE plus basophil+ or SPT+; 1st V: 7; curationNote: 
AAA34285.1	ncbi	species: Triticum aestivum; common name: Wheat; IUIS Allergen: Unassigned; Type: Gliadin; Group: Triticum Tri a 36; Allergenicity: IgE but no biological test; 1st V: 7; curationNote: 
AAA34286.1	ncbi	species: Triticum aestivum; common name: Wheat; IUIS Allergen: Unassigned; Type: Gliadin; Group: Triticum Tri a 36; Allergenicity: IgE but no biological test; 1st V: 7; curationNote: 
AAA34287.1	ncbi	species: Triticum aestivum; common name: Wheat; IUIS Allergen: Unassigned; Type: Gliadin; Group: Triticum Tri a 36; Allergenicity: IgE but no biological test; 1st V: 7; curationNote: 
AAA34288.1	ncbi	species: Triticum aestivum; common name: Wheat; IUIS Allergen: Unassigned; Type: Gliadin; Group: Triticum Tri a 20; Allergenicity: IgE plus basophil+ or SPT+; 1st V: 7; curationNote: 
AAA34289.1	ncbi	species: Triticum aestivum; common name: Wheat; IUIS Allergen: Unassigned; Type: Gliadin; Group: Triticum Tri a 20; Allergenicity: IgE plus basophil+ or SPT+; 1st V: 7; curationNote: 
AAA34290.1	ncbi	species: Triticum urartu; common name: Wheat; IUIS Allergen: Unassigned; Type: Gliadin; Group: Triticum alpha/beta gliadin; Allergenicity: IgE plus basophil+ or SPT+; 1st V: 7; curationNote: 
AAA39768.1	ncbi	species: Mus musculus domesticus; common name: Mouse; IUIS Allergen: Mus m 1.0102; Type: Aero Animal; Group: Mus Mus m 1; Allergenicity: IgE plus basophil+ or SPT+; 1st V: 15; curationNote: 
AAA41198.1	ncbi	species: Rattus norvegicus; common name: Rat; IUIS Allergen: Rat n 1.0101; Type: Aero Animal; Group: Rattus Rat n 1; Allergenicity: IgE but no biological test; 1st V: 15; curationNote: 
AAA48944.1	ncbi	species: Gallus gallus; common name: chicken; IUIS Allergen: ; Type: Food Animal; Group: Gallus Gal d 4; Allergenicity: IgE plus basophil+ or SPT+; 1st V: 7; curationNote: 
AAA51411.1	ncbi	species: Bos taurus; common name: Bovine; IUIS Allergen: Bos d 6.0101; Type: Food Animal; Group: Bos Bos d 6; Allergenicity: IgE plus basophil+ or SPT+; 1st V: 7; curationNote: 
AAA60330.1	ncbi	species: Metapenaeus ensis; common name: Greasyback shrimp; IUIS Allergen: Met e 1.0101; Type: Food Animal; Group: Metapenaeus Met e 1 Tropomyosin; Allergenicity: IgE but no biological test; 1st V: 7; curationNote: 
AAA62707.1	ncbi	species: Bos taurus; common name: Bovine; IUIS Allergen: Unassigned; Type: Food Animal; Group: Bos Alpha-s1 casein; Allergenicity: IgE plus basophil+ or SPT+; 1st V: 7; curationNote: 
AAA63278.1	ncbi	species: Lolium perenne; common name: Perennial ryegrass; IUIS Allergen: Lol p 1.0102; Type: Aero Plant; Group: Lolium Lol p 1; Allergenicity: IgE plus basophil+ or SPT+; 1st V: 7; curationNote: 
AAA63279.1	ncbi	species: Lolium perenne; common name: Perennial ryegrass; IUIS Allergen: Lol p 1.0101; Type: Aero Plant; Group: Lolium Lol p 1; Allergenicity: IgE plus basophil+ or SPT+; 1st V: 10; curationNote: 
AAA68279.1	ncbi	species: Dolichovespula maculata; common name: Whiteface hornet; IUIS Allergen: Dol m 2.0101; Type: Venom or Salivary; Group: Dolichovespula Dol m 2 Hyaluronidase; Allergenicity: IgE plus basophil+ or SPT+; 1st V: 11; curationNote: 
AAA78904.1	ncbi	species: Blomia tropicalis; common name: Mite; IUIS Allergen: Blo t 12.0101; Type: Aero Mite; Group: Blomia Blo t 12; Allergenicity: IgE plus basophil+ or SPT+; 1st V: 7; curationNote: 
AAA80264.1	ncbi	species: Dermatophagoides pteronyssinus; common name: House dust mite; IUIS Allergen: Der p 7.0101; Type: Aero Mite; Group: Dermatophagoides Der p 7 /  Der f 7; Allergenicity: IgE plus basophil+ or SPT+; 1st V: 7; curationNote: 
AAA86533.1	ncbi	species: Oryza sativa; common name: Rice; IUIS Allergen: Ory s 1.0101; Type: Aero Plant; Group: Oryza Ory s 1; Allergenicity: IgE but no biological test; 1st V: 8; curationNote: 
AAA86744.1	ncbi	species: Blattella germanica; common name: German cockroach; IUIS Allergen: Bla g 2.0101; Type: Aero Insect; Group: Blattella Bla g 2; Allergenicity: IgE plus basophil+ or SPT+; 1st V: 11; curationNote: 
AAA87456.1	ncbi	species: Hevea brasiliensis; common name: Para rubber tree; IUIS Allergen: Hev b 2.0101; Type: Contact; Group: Hevea Hev b 2; Allergenicity: IgE plus basophil+ or SPT+; 1st V: 7; curationNote: 
AAA87851.1	ncbi	species: Blattella germanica; common name: German cockroach; IUIS Allergen: Bla g 4.0101; Type: Aero Insect; Group: Blattella Bla g 4; Allergenicity: IgE plus basophil+ or SPT+; 1st V: 7; curationNote: 
AAA99805.1	ncbi	species: Dermatophagoides farinae; common name: House dust mite; IUIS Allergen: ; Type: Aero Mite; Group: Dermatophagoides Der p 3 / Der f 3; Allergenicity: IgE but no biological test; 1st V: 7; curationNote: 
AAB01092.1	ncbi	species: Daucus carota; common name: Carrot; IUIS Allergen: Dau c 1.0101; Type: Food Plant; Group: Daucus Dau c 1; Allergenicity: IgE plus basophil+ or SPT+; 1st V: 7; curationNote: 
AAB01362.1	ncbi	species: Malus x domestica; common name: Apple; IUIS Allergen: Mal d 1.0201; Type: Food Plant; Group: Malus Mal d 1; Allergenicity: IgE plus basophil+ or SPT+; 1st V: 11; curationNote: 
AAB01374.1	ncbi	species: Glycine max; common name: Soybean; IUIS Allergen: Unassigned; Type: Food Plant; Group: Glycine Gly m 5.0201 alpha prime beta congly; Allergenicity: IgE but no biological test; 1st V: 7; curationNote: 
AAB02650.1	ncbi	species: Carica papaya; common name: Papaya; IUIS Allergen: ; Type: Aero Plant; Group: Carica papain (Car p 1 not IUIS); Allergenicity: IgE plus basophil+ or SPT+; 1st V: 7; curationNote: 
AAB02788.1	ncbi	species: Triticum aestivum; common name: Wheat; IUIS Allergen: Unassigned; Type: Food Plant; Group: Triticum Tri a 26; Allergenicity: IgE plus basophil+ or SPT+; 1st V: 7; curationNote: 
AAB07620.1	ncbi	species: Aspergillus fumigatus; common name: Fungus; IUIS Allergen: Asp f 2; Type: Aero Fungi; Group: Aspergillus Asp f 2; Allergenicity: IgE but no biological test; 1st V: 7; curationNote: 
AAB08720.1	ncbi	species: Bos taurus; common name: Bovine; IUIS Allergen: Bos d 2.0101; Type: Aero Animal; Group: Bos Bos d 2; Allergenicity: IgE but no biological test; 1st V: 7; curationNote: 
AAB09252.1	ncbi	species: Glycine max; common name: Soybean; IUIS Allergen: Unassigned; Type: Food Plant; Group: Glycine Gly m Bd 30 kDa; Allergenicity: IgE but no biological test; 1st V: 7; curationNote: 
AAB09632.1	ncbi	species: Periplaneta americana; common name: American cockroach; IUIS Allergen: Per a 3.0201; Type: Aero Insect; Group: Periplaneta Per a 3; Allergenicity: IgE plus basophil+ or SPT+; 1st V: 7; curationNote: 
AAB20452.1	ncbi	species: Betula pendula; common name: European white birch; IUIS Allergen: Unassigned; Type: Aero Plant; Group: Betula Bet v 1; Allergenicity: IgE plus basophil+ or SPT+; 1st V: 7; curationNote: 
AAB20453.1	ncbi	species: Carpinus betulus; common name: Hornbeam; IUIS Allergen: Unassigned; Type: Aero Plant; Group: Carpinus Car b 1; Allergenicity: IgE plus basophil+ or SPT+; 1st V: 7; curationNote: 
AAB23464.1	ncbi	species: Glycine max; common name: Soybean; IUIS Allergen: Unassigned; Type: Food Plant; Group: Glycine Trypsin inhibitor; Allergenicity: IgE but no biological test; 1st V: 7; curationNote: 
AAB23482.1	ncbi	species: Glycine max; common name: Soybean; IUIS Allergen: Unassigned; Type: Food Plant; Group: Glycine Trypsin inhibitor; Allergenicity: IgE but no biological test; 1st V: 7; curationNote: 
AAB23483.1	ncbi	species: Glycine max; common name: Soybean; IUIS Allergen: Unassigned; Type: Food Plant; Group: Glycine Trypsin inhibitor; Allergenicity: IgE but no biological test; 1st V: 7; curationNote: 
AAB24432.1	ncbi	species: Alnus glutinosa; common name: Alder; IUIS Allergen: Aln g 1.0101; Type: Aero Plant; Group: Alnus Aln g 1; Allergenicity: IgE but no biological test; 1st V: 7; curationNote: 
AAB25850.1	ncbi	species: Betula sp.; common name: Birch; IUIS Allergen: Unassigned; Type: Aero Plant; Group: Betula Bet v 1; Allergenicity: IgE plus basophil+ or SPT+; 1st V: 7; curationNote: 
AAB25851.1	ncbi	species: Betula sp.; common name: Birch; IUIS Allergen: Unassigned; Type: Aero Plant; Group: Betula Bet v 1b; Allergenicity: IgE plus basophil+ or SPT+; 1st V: 7; curationNote: 
AAB26195.1	ncbi	species: Ascaris suum; common name: Parasitic roundworm; IUIS Allergen: Asc s 1; Type: Worm (parasite); Group: Ascaris Asc s 1; Allergenicity: IgE but no biological test; 1st V: 7; curationNote: 
AAB27445.1	ncbi	species: Phalaris aquatica; common name: Canary grass; IUIS Allergen: Unassigned; Type: Aero Plant; Group: Phalaris Pha a 1; Allergenicity: IgE but no biological test; 1st V: 7; curationNote: 
AAB27594.1	ncbi	species: Dermatophagoides farinae; common name: House dust mite; IUIS Allergen: Unassigned; Type: Aero Mite; Group: Dermatophagoides Der p 6 / Der f 6; Allergenicity: IgE but no biological test; 1st V: 7; curationNote: 
AAB28566.1	ncbi	species: Cynodon dactylon; common name: Bermuda grass; IUIS Allergen: ; Type: Aero Plant; Group: Cynodon Cyn d 1; Allergenicity: IgE plus basophil+ or SPT+; 1st V: 7; curationNote: 
AAB28567.1	ncbi	species: Cynodon dactylon; common name: Bermuda grass; IUIS Allergen: ; Type: Aero Plant; Group: Cynodon Cyn d 1; Allergenicity: IgE plus basophil+ or SPT+; 1st V: 7; curationNote: 
AAB29137.1	ncbi	species: Bos taurus; common name: Bovine; IUIS Allergen: Unassigned; Type: Food Animal; Group: Bos Bos d 11 beta casein; Allergenicity: IgE plus basophil+ or SPT+; 1st V: 7; curationNote: 
AAB29344.1	ncbi	species: Blattella germanica; common name: German cockroach; IUIS Allergen: Unassigned; Type: Aero Insect; Group: Blattella 36 kDa allergen; Allergenicity: IgE but no biological test; 1st V: 7; curationNote: 
AAB29345.1	ncbi	species: Blattella germanica; common name: German cockroach; IUIS Allergen: Unassigned; Type: Aero Insect; Group: Blattella 36 kDa allergen; Allergenicity: IgE but no biological test; 1st V: 7; curationNote: 
AAB30434.1	ncbi	species: Canis familiaris; common name: Dog; IUIS Allergen: Can f 3; Type: Aero Animal; Group: Canis Can f 3 Serum albumin; Allergenicity: IgE plus basophil+ or SPT+; 1st V: 7; curationNote: 
AAB32224.1	ncbi	species: Dermatophagoides pteronyssinus; common name: House dust mite; IUIS Allergen: Der p 8.0101; Type: Aero Mite; Group: Dermatophagoides Der p 8; Allergenicity: IgE but no biological test; 1st V: 7; curationNote: 
AAB32317.1	ncbi	species: Cynodon dactylon; common name: Bermuda grass; IUIS Allergen: ; Type: Aero Plant; Group: Cynodon Cyn d 1; Allergenicity: IgE plus basophil+ or SPT+; 1st V: 7; curationNote: 
AAB32652.2	ncbi	species: Olea europaea; common name: Olive tree; IUIS Allergen: Ole e 1.0101; Type: Aero Plant; Group: Olea Ole e 1; Allergenicity: IgE plus basophil+ or SPT+; 1st V: 7; curationNote: 
AAB32842.1	ncbi	species: Dermatophagoides pteronyssinus; common name: House dust mite; IUIS Allergen: Der p 5.0102; Type: Aero Mite; Group: Dermatophagoides Der p 5; Allergenicity: IgE plus basophil+ or SPT+; 1st V: 7; curationNote: 
AAB34263.1	ncbi	species: Canis familiaris; common name: Dog; IUIS Allergen: Can f 7.0101; Type: Aero Animal; Group: Canis familiaris -- Can f 7; Allergenicity: IgE but no biological test; 1st V: 16; curationNote: 
AAB34785.1	ncbi	species: Penicillium chrysogenum; common name: Fungus; IUIS Allergen: Pen ch 20.0101; Type: Aero Fungi; Group: Penicillium Pen ch 20; Allergenicity: IgE but no biological test; 1st V: 7; curationNote: 
AAB34907.1	ncbi	species: Carpinus betulus; common name: Hornbeam; IUIS Allergen: Unassigned; Type: Aero Plant; Group: Carpinus Car b 1; Allergenicity: IgE plus basophil+ or SPT+; 1st V: 12; curationNote: 
AAB34908.1	ncbi	species: Carpinus betulus; common name: Hornbeam; IUIS Allergen: Unassigned; Type: Aero Plant; Group: Carpinus Car b 1; Allergenicity: IgE plus basophil+ or SPT+; 1st V: 12; curationNote: 
AAB34909.1	ncbi	species: Carpinus betulus; common name: Hornbeam; IUIS Allergen: Unassigned; Type: Aero Plant; Group: Carpinus Car b 1; Allergenicity: IgE plus basophil+ or SPT+; 1st V: 12; curationNote: 
AAB35897.1	ncbi	species: Malus x domestica; common name: Apple; IUIS Allergen: Unassigned; Type: Food Plant; Group: Malus Mal d 2; Allergenicity: IgE but no biological test; 1st V: 7; curationNote: 
AAB35977.1	ncbi	species: Dermatophagoides pteronyssinus; common name: House dust mite; IUIS Allergen: Der f 7.0101; Type: Aero Mite; Group: Dermatophagoides Der p 7 /  Der f 7; Allergenicity: IgE plus basophil+ or SPT+; 1st V: 10; curationNote: 
AAB36008.1	ncbi	species: Parietaria officinalis; common name: Weed; IUIS Allergen: ; Type: Aero Plant; Group: Parietaria Par o 1; Allergenicity: IgE but no biological test; 1st V: 7; curationNote: 
AAB36009.1	ncbi	species: Parietaria officinalis; common name: Weed; IUIS Allergen: ; Type: Aero Plant; Group: Parietaria Par o 1; Allergenicity: IgE but no biological test; 1st V: 7; curationNote: 
AAB36010.1	ncbi	species: Parietaria officinalis; common name: Weed; IUIS Allergen: ; Type: Aero Plant; Group: Parietaria Par o 1; Allergenicity: IgE but no biological test; 1st V: 7; curationNote: 
AAB36011.1	ncbi	species: Parietaria officinalis; common name: Weed; IUIS Allergen: ; Type: Aero Plant; Group: Parietaria Par o 1; Allergenicity: IgE but no biological test; 1st V: 7; curationNote: 
AAB36012.1	ncbi	species: Parietaria officinalis; common name: Weed; IUIS Allergen: ; Type: Aero Plant; Group: Parietaria Par o 1; Allergenicity: IgE but no biological test; 1st V: 7; curationNote: 
AAB36117.1	ncbi	species: Solenopsis invicta; common name: Red fire ant; IUIS Allergen: Unassigned; Type: Venom or Salivary; Group: Solenopsis Sol i 1; Allergenicity: IgE but no biological test; 1st V: 7; curationNote: 
AAB36119.1	ncbi	species: Solenopsis invicta; common name: Red fire ant; IUIS Allergen: Unassigned; Type: Venom or Salivary; Group: Solenopsis Sol i 1; Allergenicity: IgE but no biological test; 1st V: 7; curationNote: 
AAB36120.1	ncbi	species: Solenopsis invicta; common name: Red fire ant; IUIS Allergen: Unassigned; Type: Venom or Salivary; Group: Solenopsis Sol i 1; Allergenicity: IgE but no biological test; 1st V: 7; curationNote: 
AAB36121.1	ncbi	species: Solenopsis invicta; common name: Red fire ant; IUIS Allergen: Unassigned; Type: Venom or Salivary; Group: Solenopsis Sol i 1; Allergenicity: IgE but no biological test; 1st V: 7; curationNote: 
AAB36316.1	ncbi	species: Myrmecia pilosula; common name: Jumper ant; IUIS Allergen: Myr p 2.0101; Type: Venom or Salivary; Group: Myrmecia Myr p 2; Allergenicity: IgE but no biological test; 1st V: 10; curationNote: 
AAB37403.1	ncbi	species: Secale cereale; common name: Rye; IUIS Allergen: Sec c 20.0101; Type: Food Plant; Group: Secale Sec c 20; Allergenicity: IgE plus basophil+ or SPT+; 1st V: 15; curationNote: 
AAB37406.1	ncbi	species: Secale cereale; common name: Rye; IUIS Allergen: Sec c 20.0201; Type: Food Plant; Group: Secale Sec c 20; Allergenicity: IgE plus basophil+ or SPT+; 1st V: 15; curationNote: 
AAB38064.1	ncbi	species: Prunus avium; common name: Cherry; IUIS Allergen: Pru av 2.0101; Type: Food Plant; Group: Prunus Pru av 2; Allergenicity: IgE but no biological test; 1st V: 7; curationNote: 
AAB41308.1	ncbi	species: Juglans regia; common name: English walnut; IUIS Allergen: Jug r 1.0101; Type: Food Plant; Group: Jug r 1 Jug n 1; Allergenicity: IgE plus basophil+ or SPT+; 1st V: 7; curationNote: 
AAB42069.1	ncbi	species: Solanum lycopersicum (Lycopersicon esculentum); common name: Tomato; IUIS Allergen: Sola l 3.0101; Type: Food Plant; Group: Solanum Sola l 3 LTP (Lyc e 3); Allergenicity: IgE plus basophil+ or SPT+; 1st V: 15; curationNote: 
AAB42200.1	ncbi	species: Dactylis glomerata; common name: Orchard grass; IUIS Allergen: Dac g 3.0101; Type: Aero Plant; Group: Dactylis Dac g 3; Allergenicity: IgE but no biological test; 1st V: 7; curationNote: 
AAB46819.1	ncbi	species: Parietaria officinalis; common name: Weed; IUIS Allergen: Unassigned; Type: Aero Plant; Group: Parietaria Par o 1; Allergenicity: IgE but no biological test; 1st V: 7; curationNote: 
AAB46820.1	ncbi	species: Parietaria officinalis; common name: Weed; IUIS Allergen: ; Type: Aero Plant; Group: Parietaria Par o 1; Allergenicity: IgE but no biological test; 1st V: 7; curationNote: 
AAB47552.1	ncbi	species: Alternaria alternata; common name: Fungus; IUIS Allergen: Alt a 1.0101; Type: Aero Fungi; Group: Alternaria Alt a 1; Allergenicity: IgE plus basophil+ or SPT+; 1st V: 7; curationNote: 
AAB48041.1	ncbi	species: Alternaria alternata; common name: Fungus; IUIS Allergen: Alt a 5.0101; Type: Aero Fungi; Group: Alternaria Alt a 5 ribosomal P2; Allergenicity: IgE but no biological test; 1st V: 7; curationNote: 
AAB48072.1	ncbi	species: Vespula vulgaris; common name: Wasp; IUIS Allergen: Vesp v 1.0101; Type: Venom or Salivary; Group: Vespula Phospholipase A1- Ves m/v 1; Allergenicity: IgE plus basophil+ or SPT+; 1st V: 7; curationNote: 
AAB50734.2	ncbi	species: Cynodon dactylon; common name: Bermuda grass; IUIS Allergen: Cyn d 1.0101; Type: Aero Plant; Group: Cynodon Cyn d 1; Allergenicity: IgE plus basophil+ or SPT+; 1st V: 10; curationNote: 
AAB50883.1	ncbi	species: Myrmecia pilosula; common name: Jumper ant; IUIS Allergen: Unassigned; Type: Venom or Salivary; Group: Myrmecia Myr p 1; Allergenicity: IgE but no biological test; 1st V: 7; curationNote: 
AAB58417.1	ncbi	species: Aedes aegypti; common name: Yellow fever mosquito; IUIS Allergen: Aed a 3.0101; Type: Venom or Salivary; Group: Aedes Aed a 3; Allergenicity: IgE plus basophil+ or SPT+; 1st V: 7; curationNote: 
AAB60215.1	ncbi	species: Dermatophagoides pteronyssinus; common name: House dust mite; IUIS Allergen: Der p 1.0101; Type: Aero Mite; Group: Dermatophagoides Der p 1 Der f 1 Der m 1; Allergenicity: IgE plus basophil+ or SPT+; 1st V: 12; curationNote: 
AAB60779.1	ncbi	species: Aspergillus fumigatus; common name: Fungus; IUIS Allergen: Asp f 6.0101; Type: Aero Fungi; Group: Aspergillus Asp f 6; Allergenicity: IgE plus basophil+ or SPT+; 1st V: 7; curationNote: 
AAB62731.1	ncbi	species: Periplaneta americana; common name: American cockroach; IUIS Allergen: Per a 3.0202; Type: Aero Insect; Group: Periplaneta Per a 3; Allergenicity: IgE plus basophil+ or SPT+; 1st V: 7; curationNote: 
AAB63099.1	ncbi	species: Solanum tuberosum; common name: Potato; IUIS Allergen: Sola t 3.0101; Type: Food Plant; Group: Solanum Sola t 3; Allergenicity: IgE plus basophil+ or SPT+; 1st V: 15; curationNote: 
AAB63595.1	ncbi	species: Periplaneta americana; common name: American cockroach; IUIS Allergen: Per a 3.0203; Type: Aero Insect; Group: Periplaneta Per a 3; Allergenicity: IgE plus basophil+ or SPT+; 1st V: 7; curationNote: 
AAB65434.1	ncbi	species: Solenopsis invicta; common name: Red fire ant; IUIS Allergen: Sol i 3.0101; Type: Venom or Salivary; Group: Solenopsis Venom allergen III; Allergenicity: IgE but no biological test; 1st V: 11; curationNote: 
AAB66909.1	ncbi	species: Olea europaea; common name: Olive tree; IUIS Allergen: Ole e 6.0101; Type: Aero Plant; Group: Olea Ole e 6; Allergenicity: IgE but no biological test; 1st V: 11; curationNote: 
AAB69424.1	ncbi	species: Dermatophagoides pteronyssinus; common name: House dust mite; IUIS Allergen: ; Type: Aero Mite; Group: Dermatophagoides Der p 10 / Der f 10; Allergenicity: IgE plus basophil+ or SPT+; 1st V: 7; curationNote: 
AAB72147.1	ncbi	species: Blattella germanica; common name: German cockroach; IUIS Allergen: Bla g 5.0101; Type: Aero Insect; Group: Blattella Bla g 5; Allergenicity: IgE plus basophil+ or SPT+; 1st V: 11; curationNote: 
AAB82404.1	ncbi	species: Periplaneta americana; common name: American cockroach; IUIS Allergen: Per a 1.0103; Type: Aero Insect; Group: Periplaneta Per a 1; Allergenicity: IgE plus basophil+ or SPT+; 1st V: 7; curationNote: 
AAB82772.2	ncbi	species: Musa acuminata AAA Group; common name: Banana; IUIS Allergen: Unassigned; Type: Food Plant; Group: Musa acuminata Mus a 5 Endo-Beta-1,3-Glucanase; Allergenicity: IgE plus basophil+ or SPT+; 1st V: 14; curationNote: 
AAB86960.1	ncbi	species: Zea mays; common name: Corn; IUIS Allergen: Zea m 12.0104; Type: Food Plant; Group: Zea Zea m 12 profilin; Allergenicity: IgE but no biological test; 1st V: 7; curationNote: 
AAB93837.1	ncbi	species: Ascaris lumbricoides; common name: Parasitic roundworm; IUIS Allergen: Unassigned; Type: Worm (parasite); Group: Ascaris Asc s 1; Allergenicity: IgE but no biological test; 1st V: 7; curationNote: 
AAB93839.1	ncbi	species: Ascaris lumbricoides; common name: Parasitic roundworm; IUIS Allergen: Unassigned; Type: Worm (parasite); Group: Ascaris Asc s 1; Allergenicity: IgE but no biological test; 1st V: 7; curationNote: 
AAB95638.1	ncbi	species: Aspergillus fumigatus; common name: Fungus; IUIS Allergen: Asp f 3.0101; Type: Aero Fungi; Group: Aspergillus Asp f 3; Allergenicity: IgE plus basophil+ or SPT+; 1st V: 7; curationNote: 
AAB97141.1	ncbi	species: Prunus armeniaca; common name: Apricot; IUIS Allergen: Pru ar 1.0101; Type: Food Plant; Group: Pru av 1 Pru a 1; Allergenicity: IgE plus basophil+ or SPT+; 1st V: 7; curationNote: 
AAB99797.1	ncbi	species: Oryza sativa (japonica cultivar-group); common name: Rice; IUIS Allergen: Unassigned; Type: Food Plant; Group: Oryza Trypsin alpha-amylase inhibitor; Allergenicity: IgE but no biological test; 1st V: 7; curationNote: 
AAC02632.1	ncbi	species: Prunus avium; common name: Cherry; IUIS Allergen: Pru av 1.0101; Type: Food Plant; Group: Pru av 1 Pru a 1; Allergenicity: IgE plus basophil+ or SPT+; 1st V: 7; curationNote: 
AAC15474.2	ncbi	species: Juniperus oxycedrus; common name: Juniper; IUIS Allergen: Jun o 4.0101; Type: Aero Plant; Group: Juniperus Jun o 4; Allergenicity: IgE but no biological test; 1st V: 7; curationNote: 
AAC16525.1	ncbi	species: Phleum pratense; common name: Common timothy; IUIS Allergen: Phl p 5.0105; Type: Aero Plant; Group: Phleum Phl p 5; Allergenicity: IgE plus basophil+ or SPT+; 1st V: 7; curationNote: 
AAC16526.1	ncbi	species: Phleum pratense; common name: Common timothy; IUIS Allergen: Phl p 5.0106; Type: Aero Plant; Group: Phleum Phl p 5; Allergenicity: IgE plus basophil+ or SPT+; 1st V: 7; curationNote: 
AAC16527.1	ncbi	species: Phleum pratense; common name: Common timothy; IUIS Allergen: Phl p 5.0107; Type: Aero Plant; Group: Phleum Phl p 5; Allergenicity: IgE plus basophil+ or SPT+; 1st V: 7; curationNote: 
AAC16528.1	ncbi	species: Phleum pratense; common name: Common timothy; IUIS Allergen: Phl p 5.0108; Type: Aero Plant; Group: Phleum Phl p 5; Allergenicity: IgE plus basophil+ or SPT+; 1st V: 7; curationNote: 
AAC24001.1	ncbi	species: Pyrus communis; common name: Pear; IUIS Allergen: Pyr c 5.0101; Type: Food Plant; Group: Pyrus Pyr c 5; Allergenicity: IgE plus basophil+ or SPT+; 1st V: 7; curationNote: 
AAC25994.1	ncbi	species: Phleum pratense; common name: Common timothy; IUIS Allergen: ; Type: Aero Plant; Group: Phleum Phl p 5; Allergenicity: IgE plus basophil+ or SPT+; 1st V: 7; curationNote: 
AAC25995.1	ncbi	species: Phleum pratense; common name: Common timothy; IUIS Allergen: Phl p 5.0203; Type: Aero Plant; Group: Phleum Phl p 5; Allergenicity: IgE plus basophil+ or SPT+; 1st V: 7; curationNote: 
AAC25997.1	ncbi	species: Phleum pratense; common name: Common timothy; IUIS Allergen: Phl p 5.0206; Type: Aero Plant; Group: Phleum Phl p 5; Allergenicity: IgE plus basophil+ or SPT+; 1st V: 7; curationNote: 
AAC25998.1	ncbi	species: Phleum pratense; common name: Common timothy; IUIS Allergen: Phl p 5.0207; Type: Aero Plant; Group: Phleum Phl p 5; Allergenicity: IgE plus basophil+ or SPT+; 1st V: 7; curationNote: 
AAC27724.1	ncbi	species: Hevea brasiliensis; common name: Para rubber tree; IUIS Allergen: Hev b 7.01; Type: Contact; Group: Hevea Hev b 7; Allergenicity: IgE plus basophil+ or SPT+; 1st V: 7; curationNote: 
AAC34312.1	ncbi	species: Periplaneta americana; common name: American cockroach; IUIS Allergen: Per a 1.0102; Type: Aero Insect; Group: Periplaneta Per a 1; Allergenicity: IgE plus basophil+ or SPT+; 1st V: 7; curationNote: 
AAC34736.1	ncbi	species: Periplaneta americana; common name: American cockroach; IUIS Allergen: Per a 1.0201; Type: Aero Insect; Group: Periplaneta Per a 1; Allergenicity: IgE plus basophil+ or SPT+; 1st V: 7; curationNote: 
AAC34737.1	ncbi	species: Periplaneta americana; common name: American cockroach; IUIS Allergen: Per a 1.0104; Type: Aero Insect; Group: Periplaneta Per a 1; Allergenicity: IgE plus basophil+ or SPT+; 1st V: 7; curationNote: 
AAC36740.1	ncbi	species: Malus x domestica; common name: Apple; IUIS Allergen: Mal d 2.0101; Type: Food Plant; Group: Malus Mal d 2; Allergenicity: IgE but no biological test; 1st V: 15; curationNote: 
AAC37218.1	ncbi	species: Aedes aegypti; common name: Yellow fever mosquito; IUIS Allergen: Aed a 1.0101; Type: Venom or Salivary; Group: Aedes Aed a 1 apyrase; Allergenicity: IgE plus basophil+ or SPT+; 1st V: 7; curationNote: 
AAC37318.1	ncbi	species: Felis catus; common name: Cat; IUIS Allergen: Fel d 1.0101; Type: Aero Animal; Group: Felis Fel d 1 Chain 1; Allergenicity: IgE plus basophil+ or SPT+; 1st V: 7; curationNote: 
AAC38996.1	ncbi	species: Panulirus stimpsoni; common name: Lobster; IUIS Allergen: Pan s 1.0101; Type: Food Animal; Group: Panulirus Pan s 1; Allergenicity: IgE plus basophil+ or SPT+; 1st V: 11; curationNote: 
AAC41616.1	ncbi	species: Felis catus; common name: Cat; IUIS Allergen: Fel d 1.0101; Type: Aero Animal; Group: Felis Fel d 1 chain 2; Allergenicity: IgE plus basophil+ or SPT+; 1st V: 12; curationNote: 
AAC48287.1	ncbi	species: Homarus americanus; common name: American lobster; IUIS Allergen: Hom a 1.0101; Type: Food Animal; Group: Homarus Hom a 1; Allergenicity: IgE plus basophil+ or SPT+; 1st V: 15; curationNote: 
AAC48288.1	ncbi	species: Homarus americanus; common name: American lobster; IUIS Allergen: Hom a 1.0102; Type: Food Animal; Group: Homarus Hom a 1; Allergenicity: IgE plus basophil+ or SPT+; 1st V: 7; curationNote: 
AAC48691.1	ncbi	species: Equus caballus; common name: Horse; IUIS Allergen: Equ c 1.0101; Type: Aero Animal; Group: Equus Equ c 1; Allergenicity: IgE but no biological test; 1st V: 11; curationNote: 
AAC48794.1	ncbi	species: Canis familiaris; common name: Dog; IUIS Allergen: Can f 1.0101; Type: Aero Animal; Group: Canis Can f 1.0101 Lipocalin; Allergenicity: IgE plus basophil+ or SPT+; 1st V: 11; curationNote: 
AAC48795.1	ncbi	species: Canis familiaris; common name: Dog; IUIS Allergen: Can f 2.0101; Type: Aero Animal; Group: Canis Can f 2 Lipocalin; Allergenicity: IgE plus basophil+ or SPT+; 1st V: 11; curationNote: 
AAC49447.1	ncbi	species: Hevea brasiliensis; common name: Para rubber tree; IUIS Allergen: Hev b 5.0101; Type: Contact; Group: Hevea Hev b 5; Allergenicity: IgE plus basophil+ or SPT+; 1st V: 7; curationNote: 
AAC61869.1	ncbi	species: Crassostrea virginica; common name: Eastern oyster; IUIS Allergen: Unassigned; Type: Food Animal; Group: Crassostrea Tropomyosin Cra g 1; Allergenicity: IgE but no biological test; 1st V: 7; curationNote: 
AAC63045.1	ncbi	species: Arachis hypogaea; common name: Peanut; IUIS Allergen: Ara h 3.0101; Type: Food Plant; Group: Arachis Ara h 3 Glycinin; Allergenicity: IgE plus basophil+ or SPT+; 1st V: 7; curationNote: 
AAC67308.1	ncbi	species: Schistosoma japonicum; common name: Schistosoma; IUIS Allergen: Unassigned; Type: Protozoan; Group: Schistosoma tegumental antigen; Allergenicity: IgE but no biological test; 1st V: 7; curationNote: 
AAC80579.1	ncbi	species: Blomia tropicalis; common name: Mite; IUIS Allergen: Blo t 13.0101; Type: Aero Mite; Group: Blomia Blo t 13.01; Allergenicity: IgE but no biological test; 1st V: 7; curationNote: 
AAC82349.1	ncbi	species: Euroglyphus maynei; common name: House dust mite; IUIS Allergen: Eur m 2.0101; Type: Aero Mite; Group: Euroglyphus Eur m 2; Allergenicity: IgE but no biological test; 1st V: 11; curationNote: 
AAC82350.1	ncbi	species: Euroglyphus maynei; common name: House dust mite; IUIS Allergen: Eur m 2.0102; Type: Aero Mite; Group: Euroglyphus Eur m 2; Allergenicity: IgE but no biological test; 1st V: 7; curationNote: 
AAC82351.1	ncbi	species: Euroglyphus maynei; common name: House dust mite; IUIS Allergen: Eur m 1.0101; Type: Aero Mite; Group: Euroglyphus Eur m 1; Allergenicity: IgE but no biological test; 1st V: 7; curationNote: 
AAC82352.1	ncbi	species: Euroglyphus maynei; common name: House dust mite; IUIS Allergen: Unassigned; Type: Aero Mite; Group: Euroglyphus Eur m 1; Allergenicity: IgE but no biological test; 1st V: 7; curationNote: 
AAC82355.1	ncbi	species: Hevea brasiliensis; common name: Para rubber tree; IUIS Allergen: Hev b 3.0101; Type: Contact; Group: Hevea Hev b 3; Allergenicity: IgE plus basophil+ or SPT+; 1st V: 11; curationNote: 
AAC97369.1	ncbi	species: Solenopsis invicta; common name: Red fire ant; IUIS Allergen: Sol i 4.0101; Type: Venom or Salivary; Group: Solenopsis Sol g 4 Sol  i 4; Allergenicity: IgE but no biological test; 1st V: 11; curationNote: 
AAC97370.1	ncbi	species: Solenopsis invicta; common name: Red fire ant; IUIS Allergen: ; Type: Venom or Salivary; Group: Solenopsis Sol g 4 Sol  i 4; Allergenicity: IgE but no biological test; 1st V: 7; curationNote: 
AAD03608.1	ncbi	species: Juniperus ashei; common name: Mountain cedar; IUIS Allergen: Jun a 1.0101; Type: Aero Plant; Group: Juniperus Jun a/v 1; Allergenicity: IgE but no biological test; 1st V: 7; curationNote: 
AAD05375.1	ncbi	species: Olea europaea; common name: Olive tree; IUIS Allergen: Ole e 3.0101; Type: Aero Plant; Group: Olea Ole e 3; Allergenicity: IgE plus basophil+ or SPT+; 1st V: 7; curationNote: 
AAD09630.1	ncbi	species: Glycine max; common name: Soybean; IUIS Allergen: Unassigned; Type: Food Plant; Group: Glycine Gly m 8 2s albumin; Allergenicity: IgE but no biological test; 1st V: 14; curationNote: 
AAD10850.1	ncbi	species: Blomia tropicalis; common name: Mite; IUIS Allergen: Blo t 5.0101; Type: Aero Mite; Group: Blomia Blo t 5; Allergenicity: IgE plus basophil+ or SPT+; 1st V: 7; curationNote: 
AAD13106.1	ncbi	species: Aspergillus niger; common name: Fungus; IUIS Allergen: Asp n 14.0101; Type: Aero Fungi; Group: Aspergillus Asp n 14; Allergenicity: IgE but no biological test; 1st V: 7; curationNote: 
AAD13530.2	ncbi	species: Blattella germanica; common name: German cockroach; IUIS Allergen: Bla g 1.0101; Type: Aero Insect; Group: Blattella Bla g 1; Allergenicity: IgE plus basophil+ or SPT+; 1st V: 7; curationNote: 
AAD13531.1	ncbi	species: Blattella germanica; common name: German cockroach; IUIS Allergen: Bla g 1.0201; Type: Aero Insect; Group: Blattella Bla g 1; Allergenicity: IgE plus basophil+ or SPT+; 1st V: 7; curationNote: 
AAD13533.1	ncbi	species: Periplaneta americana; common name: American cockroach; IUIS Allergen: Per a 1.0101; Type: Aero Insect; Group: Periplaneta Per a 1; Allergenicity: IgE plus basophil+ or SPT+; 1st V: 7; curationNote: 
AAD13644.1	ncbi	species: Ascaris lumbricoides; common name: Parasitic roundworm; IUIS Allergen: Unassigned; Type: Worm (parasite); Group: Ascaris Asc s 1; Allergenicity: IgE but no biological test; 1st V: 7; curationNote: 
AAD13645.1	ncbi	species: Ascaris lumbricoides; common name: Parasitic roundworm; IUIS Allergen: Unassigned; Type: Worm (parasite); Group: Ascaris Asc s 1; Allergenicity: IgE but no biological test; 1st V: 7; curationNote: 
AAD13646.1	ncbi	species: Ascaris lumbricoides; common name: Parasitic roundworm; IUIS Allergen: Unassigned; Type: Worm (parasite); Group: Ascaris Asc s 1; Allergenicity: IgE but no biological test; 1st V: 7; curationNote: 
AAD13647.1	ncbi	species: Ascaris lumbricoides; common name: Parasitic roundworm; IUIS Allergen: Unassigned; Type: Worm (parasite); Group: Ascaris Asc s 1; Allergenicity: IgE but no biological test; 1st V: 7; curationNote: 
AAD13649.1	ncbi	species: Ascaris lumbricoides; common name: Parasitic roundworm; IUIS Allergen: Unassigned; Type: Worm (parasite); Group: Ascaris Asc s 1; Allergenicity: IgE but no biological test; 1st V: 7; curationNote: 
AAD13650.1	ncbi	species: Ascaris lumbricoides; common name: Parasitic roundworm; IUIS Allergen: Unassigned; Type: Worm (parasite); Group: Ascaris Asc s 1; Allergenicity: IgE but no biological test; 1st V: 7; curationNote: 
AAD13651.1	ncbi	species: Ascaris lumbricoides; common name: Parasitic roundworm; IUIS Allergen: Unassigned; Type: Worm (parasite); Group: Ascaris Asc s 1; Allergenicity: IgE but no biological test; 1st V: 7; curationNote: 
AAD13652.1	ncbi	species: Ascaris lumbricoides; common name: Parasitic roundworm; IUIS Allergen: Unassigned; Type: Worm (parasite); Group: Ascaris Asc s 1; Allergenicity: IgE but no biological test; 1st V: 7; curationNote: 
AAD13683.1	ncbi	species: Malus x domestica; common name: Apple; IUIS Allergen: Mal d 1.0206; Type: Food Plant; Group: Malus Mal d 1; Allergenicity: IgE plus basophil+ or SPT+; 1st V: 7; curationNote: 
AAD19606.1	ncbi	species: Periplaneta americana; common name: American cockroach; IUIS Allergen: Per a 7.0102; Type: Aero Insect; Group: Periplaneta Per a 7; Allergenicity: IgE plus basophil+ or SPT+; 1st V: 7; curationNote: 
AAD20386.1	ncbi	species: Lolium perenne; common name: Perennial ryegrass; IUIS Allergen: ; Type: Aero Plant; Group: Lolium Lol p 5; Allergenicity: IgE plus basophil+ or SPT+; 1st V: 7; curationNote: 
AAD25926.1	ncbi	species: Penicillium citrinum; common name: Fungus; IUIS Allergen: Pen c 3.0101; Type: Aero Fungi; Group: Penicillium Pen ch 13; Allergenicity: IgE plus basophil+ or SPT+; 1st V: 7; curationNote: 
AAD25927.1	ncbi	species: Malassezia furfur; common name: Yeast; IUIS Allergen: Mala f 4.0101; Type: Contact; Group: Malassezia Mala f 4; Allergenicity: IgE but no biological test; 1st V: 7; curationNote: 
AAD25995.1	ncbi	species: Penicillium citrinum; common name: Fungus; IUIS Allergen: Unassigned; Type: Aero Fungi; Group: Penicillium Pen 18; Allergenicity: IgE but no biological test; 1st V: 7; curationNote: 
AAD26546.1	ncbi	species: Malus x domestica; common name: Apple; IUIS Allergen: Mal d 1.0103; Type: Food Plant; Group: Malus Mal d 1; Allergenicity: IgE plus basophil+ or SPT+; 1st V: 7; curationNote: 
AAD26547.1	ncbi	species: Malus x domestica; common name: Apple; IUIS Allergen: Mal d 1.0203; Type: Food Plant; Group: Malus Mal d 1; Allergenicity: IgE plus basophil+ or SPT+; 1st V: 7; curationNote: 
AAD26548.1	ncbi	species: Malus x domestica; common name: Apple; IUIS Allergen: Mal d 1.0204; Type: Food Plant; Group: Malus Mal d 1; Allergenicity: IgE plus basophil+ or SPT+; 1st V: 7; curationNote: 
AAD26552.1	ncbi	species: Malus x domestica; common name: Apple; IUIS Allergen: Mal d 1.0104; Type: Food Plant; Group: Malus Mal d 1; Allergenicity: IgE plus basophil+ or SPT+; 1st V: 7; curationNote: 
AAD26553.1	ncbi	species: Malus x domestica; common name: Apple; IUIS Allergen: Mal d 1.0105; Type: Food Plant; Group: Malus Mal d 1; Allergenicity: IgE plus basophil+ or SPT+; 1st V: 7; curationNote: 
AAD26554.1	ncbi	species: Malus x domestica; common name: Apple; IUIS Allergen: Mal d 1.0106; Type: Food Plant; Group: Malus Mal d 1; Allergenicity: IgE plus basophil+ or SPT+; 1st V: 7; curationNote: 
AAD26555.1	ncbi	species: Malus x domestica; common name: Apple; IUIS Allergen: Mal d 1.0107; Type: Food Plant; Group: Malus Mal d 1; Allergenicity: IgE plus basophil+ or SPT+; 1st V: 7; curationNote: 
AAD26558.1	ncbi	species: Malus x domestica; common name: Apple; IUIS Allergen: Mal d 1.0205; Type: Food Plant; Group: Malus Mal d 1; Allergenicity: IgE plus basophil+ or SPT+; 1st V: 7; curationNote: 
AAD26560.1	ncbi	species: Betula pendula; common name: European white birch; IUIS Allergen: ; Type: Aero Plant; Group: Betula Bet v 1; Allergenicity: IgE plus basophil+ or SPT+; 1st V: 7; curationNote: 
AAD26561.1	ncbi	species: Betula pendula; common name: European white birch; IUIS Allergen: ; Type: Aero Plant; Group: Betula Bet v 1; Allergenicity: IgE plus basophil+ or SPT+; 1st V: 7; curationNote: 
AAD26562.1	ncbi	species: Betula pendula; common name: European white birch; IUIS Allergen: ; Type: Aero Plant; Group: Betula Bet v 1; Allergenicity: IgE plus basophil+ or SPT+; 1st V: 7; curationNote: 
AAD29409.1	ncbi	species: Apium graveolens; common name: Celery; IUIS Allergen: Api g 4.0101; Type: Food Plant; Group: Apium Api g 4; Allergenicity: IgE plus basophil+ or SPT+; 1st V: 7; curationNote: 
AAD29410.1	ncbi	species: Pyrus communis; common name: Pear; IUIS Allergen: Pyr c 4.0101; Type: Food Plant; Group: Pyrus Pyr c 4; Allergenicity: IgE plus basophil+ or SPT+; 1st V: 7; curationNote: 
AAD29411.1	ncbi	species: Prunus avium; common name: Cherry; IUIS Allergen: Pru av 4.0101; Type: Food Plant; Group: Prunus Pru 4 Profilin peach cherry almond; Allergenicity: IgE plus basophil+ or SPT+; 1st V: 7; curationNote: 
AAD29412.1	ncbi	species: Malus x domestica; common name: Apple; IUIS Allergen: Mal d 4.0301; Type: Food Plant; Group: Malus Mal d 4; Allergenicity: IgE plus basophil+ or SPT+; 1st V: 11; curationNote: 
AAD29413.1	ncbi	species: Malus x domestica; common name: Apple; IUIS Allergen: Mal d 4.0201; Type: Food Plant; Group: Malus Mal d 4; Allergenicity: IgE plus basophil+ or SPT+; 1st V: 11; curationNote: 
AAD29414.1	ncbi	species: Malus x domestica; common name: Apple; IUIS Allergen: Mal d 4.0101; Type: Food Plant; Group: Malus Mal d 4; Allergenicity: IgE plus basophil+ or SPT+; 1st V: 11; curationNote: 
AAD29671.1	ncbi	species: Malus x domestica; common name: Apple; IUIS Allergen: Mal d 1.0108; Type: Food Plant; Group: Malus Mal d 1; Allergenicity: IgE plus basophil+ or SPT+; 1st V: 11; curationNote: 
AAD32205.1	ncbi	species: Prunus armeniaca; common name: Apricot; IUIS Allergen: Unassigned; Type: Food Plant; Group: Pru ar 5; Allergenicity: IgE but no biological test; 1st V: 7; curationNote: 
AAD38942.1	ncbi	species: Dermatophagoides pteronyssinus; common name: House dust mite; IUIS Allergen: Der p 4.0101; Type: Aero Mite; Group: Dermatophagoides Der p 4; Allergenicity: IgE but no biological test; 1st V: 7; curationNote: 
AAD42074.1	ncbi	species: Penicillium citrinum; common name: Fungus; IUIS Allergen: Pen c 3.0101; Type: Aero Fungi; Group: Penicillium Pen c 3; Allergenicity: IgE but no biological test; 1st V: 7; curationNote: 
AAD42942.1	ncbi	species: Sesamum indicum; common name: Sesame; IUIS Allergen: Ses i 5.0101; Type: Food Plant; Group: Sesamum Ses i 5 oleosin; Allergenicity: IgE but no biological test; 1st V: 15; curationNote: 
AAD42943.1	ncbi	species: Sesamum indicum; common name: Sesame; IUIS Allergen: Ses i 2.0101; Type: Food Plant; Group: Sesamum Ses i 2; Allergenicity: IgE but no biological test; 1st V: 7; curationNote: 
AAD42944.1	ncbi	species: Sesamum indicum; common name: Sesame; IUIS Allergen: Ses i 6.0101; Type: Food Plant; Group: Sesamum Ses i 6; Allergenicity: IgE plus basophil+ or SPT+; 1st V: 15; curationNote: 
AAD46493.1	ncbi	species: Strongyloides stercoralis; common name: Parasitic nematode; IUIS Allergen: Unassigned; Type: Worm (parasite); Group: Strongyloides L3NieAg.01; Allergenicity: IgE plus basophil+ or SPT+; 1st V: 7; curationNote: 
AAD47382.1	ncbi	species: Arachis hypogaea; common name: Peanut; IUIS Allergen: Ara h 3.0201; Type: Food Plant; Group: Arachis Ara h 3 Glycinin; Allergenicity: IgE plus basophil+ or SPT+; 1st V: 7; curationNote: 
AAD52012.1	ncbi	species: Trichophyton rubrum; common name: Fungus; IUIS Allergen: Tri r 4.0101; Type: Contact; Group: Trichophyton tri 4 allergen (Arthroderma); Allergenicity: IgE plus basophil+ or SPT+; 1st V: 7; curationNote: 
AAD52013.1	ncbi	species: Trichophyton rubrum; common name: Fungus; IUIS Allergen: Tri r 2.0101; Type: Contact; Group: Trichophyton (Arthroderma) Tri r 2; Allergenicity: IgE plus basophil+ or SPT+; 1st V: 7; curationNote: 
AAD52615.1	ncbi	species: Polistes annularis; common name: Paper wasp; IUIS Allergen: Pol a 1.0101; Type: Venom or Salivary; Group: Polistes Pol a 1 Pol d 1; Allergenicity: IgE but no biological test; 1st V: 11; curationNote: 
AAD52616.1	ncbi	species: Polistes annularis; common name: Paper wasp; IUIS Allergen: Pol a 2.0101; Type: Venom or Salivary; Group: Polistes Pol a 2; Allergenicity: IgE but no biological test; 1st V: 11; curationNote: 
AAD52672.1	ncbi	species: Dermatophagoides farinae; common name: House dust mite; IUIS Allergen: Der f 15.0101; Type: Aero Mite; Group: Dermatophagoides Der f 15 Der p 15; Allergenicity: IgE but no biological test; 1st V: 7; curationNote: 
AAD54245.1	ncbi	species: Macadamia integrifolia; common name: ; IUIS Allergen: Unassigned; Type: Unassigned; Group: Mac i 1.0101; Allergenicity: IgE but no biological test; 1st V: 22; curationNote: 
AAD55587.1	ncbi	species: Arachis hypogaea; common name: Peanut; IUIS Allergen: Ara h 5.0101; Type: Food Plant; Group: Arachis Ara h 5; Allergenicity: IgE plus basophil+ or SPT+; 1st V: 7; curationNote: 
AAD55792.2	ncbi	species: Mesocricetus auratus; common name: Golden hamster; IUIS Allergen: Mes a 1.0101; Type: Aero Animal; Group: Mesocricetus auratus Mes a 1; Allergenicity: IgE but no biological test; 1st V: 16; curationNote: 
AAD56337.1	ncbi	species: Arachis hypogaea; common name: Peanut; IUIS Allergen: Ara h 6.0101; Type: Food Plant; Group: Arachis Ara h 6; Allergenicity: IgE plus basophil+ or SPT+; 1st V: 7; curationNote: 
AAF07903.2	ncbi	species: Triatoma protracta; common name: Western conenose; IUIS Allergen: Tria p 1.0101; Type: Venom or Salivary; Group: Triatoma Tria p 1; Allergenicity: IgE but no biological test; 1st V: 7; curationNote: 
AAF18269.1	ncbi	species: Juglans regia; common name: English walnut; IUIS Allergen: ; Type: Food Plant; Group: Jug r 2; Allergenicity: IgE but no biological test; 1st V: 7; curationNote: 
AAF23726.1	ncbi	species: Penicillium chrysogenum; common name: Fungus; IUIS Allergen: Pen ch 13.0101; Type: Aero Fungi; Group: Penicillium Pen ch 13; Allergenicity: IgE plus basophil+ or SPT+; 1st V: 7; curationNote: 
AAF25553.1	ncbi	species: Hevea brasiliensis; common name: Para rubber tree; IUIS Allergen: ; Type: Contact; Group: Hevea Hev b 7; Allergenicity: IgE plus basophil+ or SPT+; 1st V: 7; curationNote: 
AAF26449.1	ncbi	species: Prunus avium; common name: Cherry; IUIS Allergen: Pru av 3.0101; Type: Food Plant; Group: Prunus Pru 3; Allergenicity: IgE plus basophil+ or SPT+; 1st V: 7; curationNote: 
AAF26450.1	ncbi	species: Malus x domestica; common name: Apple; IUIS Allergen: Mal d 3.0201; Type: Food Plant; Group: Malus Mal d 3; Allergenicity: IgE plus basophil+ or SPT+; 1st V: 7; curationNote: 
AAF26451.1	ncbi	species: Pyrus communis; common name: Pear; IUIS Allergen: Pyr c 3.0101; Type: Food Plant; Group: Pyrus LTP Pyr c 3 IUIS; Allergenicity: IgE but no biological test; 1st V: 11; curationNote: 
AAF28423.1	ncbi	species: Dermatophagoides farinae; common name: House dust mite; IUIS Allergen: Der f 6.0101; Type: Aero Mite; Group: Dermatophagoides Der p 6 / Der f 6; Allergenicity: IgE but no biological test; 1st V: 11; curationNote: 
AAF31151.1	ncbi	species: Olea europaea; common name: Olive tree; IUIS Allergen: Ole e 8.0101; Type: Aero Plant; Group: Olea Ole e 8; Allergenicity: IgE but no biological test; 1st V: 11; curationNote: 
AAF31152.1	ncbi	species: Olea europaea; common name: Olive tree; IUIS Allergen: ; Type: Aero Plant; Group: Olea Ole e 8; Allergenicity: IgE but no biological test; 1st V: 7; curationNote: 
AAF34341.1	ncbi	species: Hevea brasiliensis; common name: Para rubber tree; IUIS Allergen: Hev b 8.0201; Type: Contact; Group: Hevea Hev b 8; Allergenicity: IgE plus basophil+ or SPT+; 1st V: 11; curationNote: 
AAF34342.1	ncbi	species: Hevea brasiliensis; common name: Para rubber tree; IUIS Allergen: Hev a 9.0101; Type: Contact; Group: Hevea Hev b 8; Allergenicity: IgE plus basophil+ or SPT+; 1st V: 11; curationNote: 
AAF34343.1	ncbi	species: Hevea brasiliensis; common name: Para rubber tree; IUIS Allergen: Hev b 8.0203; Type: Aero Mite; Group: Hevea Hev b 8; Allergenicity: IgE plus basophil+ or SPT+; 1st V: 11; curationNote: 
AAF35431.1	ncbi	species: Charybdis feriatus; common name: Crab; IUIS Allergen: Cha f 1.0101; Type: Food Animal; Group: Charybdis Cha f 1; Allergenicity: IgE but no biological test; 1st V: 7; curationNote: 
AAF65312.1	ncbi	species: Solenopsis geminata; common name: Tropical Fire Ant; IUIS Allergen: Sol g 4.0101; Type: Venom or Salivary; Group: Solenopsis Sol g 4 Sol  i 4; Allergenicity: IgE but no biological test; 1st V: 7; curationNote: 
AAF65313.1	ncbi	species: Solenopsis geminata; common name: Tropical Fire Ant; IUIS Allergen: ; Type: Venom or Salivary; Group: Solenopsis Sol g 4 Sol  i 4; Allergenicity: IgE but no biological test; 1st V: 7; curationNote: 
AAF71379.1	ncbi	species: Penicillium chrysogenum; common name: Fungus; IUIS Allergen: Pen ch 18.0101; Type: Aero Fungi; Group: Penicillium Pen 18; Allergenicity: IgE but no biological test; 1st V: 7; curationNote: 
AAF72534.1	ncbi	species: Blattella germanica; common name: German cockroach; IUIS Allergen: Bla g 7.0101; Type: Aero Insect; Group: Blattella Bla g 7; Allergenicity: IgE but no biological test; 1st V: 7; curationNote: 
AAF72625.1	ncbi	species: Cupressus sempervirens; common name: Mediterranean Cypress; IUIS Allergen: Cup s 1.0101; Type: Aero Plant; Group: Cupressus Cup a 1/Cup s 1; Allergenicity: IgE plus basophil+ or SPT+; 1st V: 7; curationNote: 
AAF72626.1	ncbi	species: Cupressus sempervirens; common name: Mediterranean Cypress; IUIS Allergen: Cup s 1.0102; Type: Aero Plant; Group: Cupressus Cup a 1/Cup s 1; Allergenicity: IgE plus basophil+ or SPT+; 1st V: 7; curationNote: 
AAF72627.1	ncbi	species: Cupressus sempervirens; common name: Mediterranean Cypress; IUIS Allergen: Cup s 1.0103; Type: Aero Plant; Group: Cupressus Cup a 1/Cup s 1; Allergenicity: IgE plus basophil+ or SPT+; 1st V: 7; curationNote: 
AAF72628.1	ncbi	species: Cupressus sempervirens; common name: Mediterranean Cypress; IUIS Allergen: Cup s 1.0104; Type: Aero Plant; Group: Cupressus Cup a 1/Cup s 1; Allergenicity: IgE plus basophil+ or SPT+; 1st V: 7; curationNote: 
AAF72629.1	ncbi	species: Cupressus sempervirens; common name: Mediterranean Cypress; IUIS Allergen: Cup s 1.0105; Type: Aero Plant; Group: Cupressus Cup a 1/Cup s 1; Allergenicity: IgE plus basophil+ or SPT+; 1st V: 7; curationNote: 
AAF72991.1	ncbi	species: Oryza sativa; common name: Rice; IUIS Allergen: Unassigned; Type: Aero Plant; Group: Oryza Ory s 1; Allergenicity: IgE but no biological test; 1st V: 7; curationNote: 
AAF75225.1	ncbi	species: Anisakis simplex; common name: Parasitic fish worm; IUIS Allergen: Ani s 2.0101; Type: Food Animal; Group: Anisakis Ani s 2 paramyosin; Allergenicity: IgE but no biological test; 1st V: 7; curationNote: 
AAF80164.1	ncbi	species: Juniperus virginiana; common name: Red cedar; IUIS Allergen: Jun v 1.0102; Type: Aero Plant; Group: Juniperus Jun a/v 1; Allergenicity: IgE but no biological test; 1st V: 7; curationNote: 
AAF80166.1	ncbi	species: Juniperus virginiana; common name: Red cedar; IUIS Allergen: Jun v 1.0101; Type: Aero Plant; Group: Juniperus Jun a/v 1; Allergenicity: IgE but no biological test; 1st V: 7; curationNote: 
AAF80379.2	ncbi	species: Cynodon dactylon; common name: Bermuda grass; IUIS Allergen: Cyn d 1.0204; Type: Aero Plant; Group: Cynodon Cyn d 1; Allergenicity: IgE plus basophil+ or SPT+; 1st V: 7; curationNote: 
AAF82096.1	ncbi	species: Glossina morsitans morsitans; common name: Tsetse fly; IUIS Allergen: Glo m 5.0101; Type: Venom or Salivary; Group: Glossina Glo m 5; Allergenicity: IgE but no biological test; 1st V: 11; curationNote: 
AAF86369.1	ncbi	species: Aspergillus fumigatus; common name: Fungus; IUIS Allergen: Asp f 1; Type: Aero Fungi; Group: Aspergillus Asp f 1; Allergenicity: IgE plus basophil+ or SPT+; 1st V: 7; curationNote: 
AAF86462.1	ncbi	species: Dermatophagoides pteronyssinus; common name: House dust mite; IUIS Allergen: Der p 2.0101; Type: Aero Mite; Group: Dermatophagoides Der p 2 / Der f 2; Allergenicity: IgE plus basophil+ or SPT+; 1st V: 10; curationNote: 
AAG02250.1	ncbi	species: Dermatophagoides pteronyssinus; common name: House dust mite; IUIS Allergen: Unassigned; Type: Aero Mite; Group: Der f 30; Allergenicity: IgE plus basophil+ or SPT+; 1st V: 7; curationNote: 
AAG08987.1	ncbi	species: Haliotis diversicolor; common name: Abalone; IUIS Allergen: Unassigned; Type: Food Animal; Group: Haliotis Hal m 1 tropomyosin; Allergenicity: IgE but no biological test; 1st V: 7; curationNote: 
AAG08988.1	ncbi	species: Perna viridis; common name: Asian green mussell; IUIS Allergen: Unassigned; Type: Food Animal; Group: Perna Tropomyosin; Allergenicity: IgE but no biological test; 1st V: 7; curationNote: 
AAG08989.1	ncbi	species: Mimachlamys nobilis; common name: Noble scallop; IUIS Allergen: Unassigned; Type: Food Animal; Group: Mimachlamys Tropomyosin; Allergenicity: IgE plus basophil+ or SPT+; 1st V: 7; curationNote: 
AAG22740.1	ncbi	species: Betula pendula; common name: European white birch; IUIS Allergen: Bet v 6.0102; Type: Aero Plant; Group: Betula Bet v 6; Allergenicity: IgE but no biological test; 1st V: 7; curationNote: 
AAG23840.1	ncbi	species: Sesamum indicum; common name: Sesame; IUIS Allergen: Ses i 4.0101; Type: Food Plant; Group: Sesamum Ses i 4 oleosin; Allergenicity: IgE but no biological test; 1st V: 13; curationNote: 
AAG31026.1	ncbi	species: Bacillus licheniformis; common name: Bacteria; IUIS Allergen: Unassigned; Type: Bacteria airway; Group: Bacillus licheniformis subtlilisin; Allergenicity: IgE plus basophil+ or SPT+; 1st V: 9; curationNote: 
AAG35601.1	ncbi	species: Zea mays; common name: Corn; IUIS Allergen: Zea m 12.0105; Type: Aero Plant; Group: Zea Zea m 12 profilin; Allergenicity: IgE but no biological test; 1st V: 15; curationNote: 
AAG40330.1	ncbi	species: Corylus avellana; common name: European hazelnut; IUIS Allergen: Cor a 1.0403; Type: Food Plant; Group: Corylus Cor a 1; Allergenicity: IgE plus basophil+ or SPT+; 1st V: 7; curationNote: 
AAG40331.1	ncbi	species: Corylus avellana; common name: European hazelnut; IUIS Allergen: Cor a 1.0404; Type: Food Plant; Group: Corylus Cor a 1; Allergenicity: IgE plus basophil+ or SPT+; 1st V: 7; curationNote: 
AAG42254.1	ncbi	species: Poa pratensis; common name: Kentucky bluegrass; IUIS Allergen: Poa p 5.0101; Type: Aero Plant; Group: Poa Poa p 5; Allergenicity: IgE but no biological test; 1st V: 7; curationNote: 
AAG42255.1	ncbi	species: Holcus lanatus; common name: Velvet grass; IUIS Allergen: Unassigned; Type: Aero Plant; Group: Holcus Hol l 5; Allergenicity: IgE plus basophil+ or SPT+; 1st V: 7; curationNote: 
AAG42802.1	ncbi	species: Oryctolagus cuniculus; common name: European rabbit; IUIS Allergen: Ory c 3.B.0101; Type: Aero Animal; Group: Oryctolagus Ory c 3; Allergenicity: IgE plus basophil+ or SPT+; 1st V: 15; curationNote: 
AAG42806.1	ncbi	species: Oryctolagus cuniculus; common name: European rabbit; IUIS Allergen: Ory c 3.A.0101; Type: Aero Animal; Group: Oryctolagus Ory c 3; Allergenicity: IgE plus basophil+ or SPT+; 1st V: 15; curationNote: 
AAG44478.1	ncbi	species: Penicillium oxalicum; common name: Fungus; IUIS Allergen: Pen o 18.0101; Type: Aero Fungi; Group: Penicillium Pen 18; Allergenicity: IgE but no biological test; 1st V: 7; curationNote: 
AAG44480.1	ncbi	species: Penicillium citrinum; common name: Fungus; IUIS Allergen: Unassigned; Type: Aero Fungi; Group: Penicillium Pen 18; Allergenicity: IgE but no biological test; 1st V: 7; curationNote: 
AAG44693.2	ncbi	species: Penicillium chrysogenum; common name: Fungus; IUIS Allergen: ; Type: Aero Fungi; Group: Penicillium Pen 18; Allergenicity: IgE but no biological test; 1st V: 7; curationNote: 
AAI26717.1	ncbi	species: Bos taurus; common name: Bovine; IUIS Allergen: Unassigned; Type: Unassigned; Group: Bos taurus Myosin light chain; Allergenicity: IgE but no biological test; 1st V: 23; curationNote: 
AAK01235.1	ncbi	species: Corylus avellana; common name: European hazelnut; IUIS Allergen: Cor a 2.0101; Type: Aero Plant; Group: Corylus Cor a 2 profilins; Allergenicity: IgE but no biological test; 1st V: 7; curationNote: 
AAK01236.1	ncbi	species: Corylus avellana; common name: European hazelnut; IUIS Allergen: Cor a 2.0102; Type: Aero Plant; Group: Corylus Cor a 2 profilins; Allergenicity: IgE but no biological test; 1st V: 7; curationNote: 
AAK09361.1	ncbi	species: Apis cerana cerana; common name: Indian honeybee; IUIS Allergen: Api d 1; Type: Venom or Salivary; Group: Apis Api m 1 Api d 1 Api c 1; Allergenicity: IgE plus basophil+ or SPT+; 1st V: 15; curationNote: 
AAK13027.1	ncbi	species: Malus x domestica; common name: Apple; IUIS Allergen: Mal d 1.0302; Type: Food Plant; Group: Malus Mal d 1; Allergenicity: IgE plus basophil+ or SPT+; 1st V: 15; curationNote: 
AAK13029.1	ncbi	species: Malus x domestica; common name: Apple; IUIS Allergen: Mal d 1.0109; Type: Food Plant; Group: Malus Mal d 1; Allergenicity: IgE plus basophil+ or SPT+; 1st V: 15; curationNote: 
AAK13030.1	ncbi	species: Malus x domestica; common name: Apple; IUIS Allergen: Mal d 1.0207; Type: Food Plant; Group: Malus Mal d 1; Allergenicity: IgE plus basophil+ or SPT+; 1st V: 15; curationNote: 
AAK15087.1	ncbi	species: Sesamum indicum; common name: Sesame; IUIS Allergen: Ses i 7.0101; Type: Food Plant; Group: Sesamum Ses i 7; Allergenicity: IgE but no biological test; 1st V: 15; curationNote: 
AAK15088.1	ncbi	species: Sesamum indicum; common name: Sesame; IUIS Allergen: Ses i 1.0101; Type: Food Plant; Group: Sesamum Ses i 1; Allergenicity: IgE but no biological test; 1st V: 7; curationNote: 
AAK15089.1	ncbi	species: Sesamum indicum; common name: Sesame; IUIS Allergen: Ses i 3.0101; Type: Food Plant; Group: Sesamum Ses i 3; Allergenicity: IgE but no biological test; 1st V: 7; curationNote: 
AAK25823.1	ncbi	species: Phleum pratense; common name: Common timothy; IUIS Allergen: ; Type: Aero Plant; Group: Phleum Phl p 5; Allergenicity: IgE plus basophil+ or SPT+; 1st V: 7; curationNote: 
AAK27264.1	ncbi	species: Cryptomeria japonica; common name: Japanese cedar; IUIS Allergen: Unassigned; Type: Aero Plant; Group: Cryptomeria Isoflavone reductase-like protein; Allergenicity: IgE but no biological test; 1st V: 7; curationNote: 
AAK28533.1	ncbi	species: Corylus avellana; common name: European hazelnut; IUIS Allergen: Cor a 8.0101; Type: Food Plant; Group: Corylus Cor a 8; Allergenicity: IgE but no biological test; 1st V: 7; curationNote: 
AAK39511.1	ncbi	species: Dermatophagoides farinae; common name: House dust mite; IUIS Allergen: Der f 11.0101; Type: Aero Mite; Group: Dermatophagoides Der p 11 / Der f 11; Allergenicity: IgE plus basophil+ or SPT+; 1st V: 7; curationNote: 
AAK49451.1	ncbi	species: Aspergillus fumigatus; common name: Fungus; IUIS Allergen: Asp f 22.0101; Type: Aero Fungi; Group: Aspergillus Asp f 22; Allergenicity: IgE but no biological test; 1st V: 7; curationNote: 
AAK51201.1	ncbi	species: Penicillium citrinum; common name: Fungus; IUIS Allergen: Pen c 22.0101; Type: Aero Fungi; Group: Penicillium Pen c 22; Allergenicity: IgE but no biological test; 1st V: 7; curationNote: 
AAK54834.1	ncbi	species: Musa acuminata; common name: Banana; IUIS Allergen: Mus a 1.0101; Type: Food Plant; Group: Musa acuminata Mus a 1 profilin banana; Allergenicity: IgE but no biological test; 1st V: 7; curationNote: 
AAK56124.1	ncbi	species: Zea mays; common name: Corn; IUIS Allergen: Unassigned; Type: Aero Plant; Group: Zea Zea m 1 beta-expansin; Allergenicity: IgE but no biological test; 1st V: 8; curationNote: 
AAK58415.1	ncbi	species: Blomia tropicalis; common name: Mite; IUIS Allergen: Blo t 1.0101; Type: Aero Mite; Group: Blomia Blo t 1.01; Allergenicity: IgE but no biological test; 1st V: 7; curationNote: 
AAK58515.1	ncbi	species: Olea europaea; common name: Olive tree; IUIS Allergen: Ole e 9.0101; Type: Aero Plant; Group: Olea Ole e 9; Allergenicity: IgE plus basophil+ or SPT+; 1st V: 7; curationNote: 
AAK62278.1	ncbi	species: Dactylis glomerata; common name: Orchard grass; IUIS Allergen: ; Type: Aero Plant; Group: Dactylis Dac g 5; Allergenicity: IgE but no biological test; 1st V: 7; curationNote: 
AAK63086.1	ncbi	species: Gadus morhua; common name: Atlantic cod; IUIS Allergen: Gad m 1.0101; Type: Food Animal; Group: Gadus Gad c 1 Gad m 1; Allergenicity: IgE plus basophil+ or SPT+; 1st V: 7; curationNote: 
AAK63087.1	ncbi	species: Gadus morhua; common name: Atlantic cod; IUIS Allergen: Gad m 1.0201; Type: Food Animal; Group: Gadus Gad c 1 Gad m 1; Allergenicity: IgE plus basophil+ or SPT+; 1st V: 7; curationNote: 
AAK63088.1	ncbi	species: Theragra chalcogramma; common name: Alaska pollock; IUIS Allergen: Unassigned; Type: Food Animal; Group: Theragra parvalbumin; Allergenicity: IgE plus basophil+ or SPT+; 1st V: 7; curationNote: 
AAK63089.1	ncbi	species: Theragra chalcogramma; common name: Alaska pollock; IUIS Allergen: Unassigned; Type: Food Animal; Group: Theragra parvalbumin; Allergenicity: IgE plus basophil+ or SPT+; 1st V: 7; curationNote: 
AAK67491.1	ncbi	species: Cochliobolus lunatus; common name: Fungus; IUIS Allergen: Cur l 2.0101; Type: Aero Fungi; Group: Curvularia lunata enolase Cur l 2.01 Cochliobolus; Allergenicity: IgE but no biological test; 1st V: 8; curationNote: 
AAK67492.1	ncbi	species: Cochliobolus lunatus; common name: Fungus; IUIS Allergen: Cur l 3.0101; Type: Aero Fungi; Group: Curvularia lunatua Cur l 3  Cochliobolus; Allergenicity: IgE plus basophil+ or SPT+; 1st V: 15; curationNote: 
AAK96255.1	ncbi	species: Cynodon dactylon; common name: Bermuda grass; IUIS Allergen: Cyn d 1.0201; Type: Aero Plant; Group: Cynodon Cyn d 1; Allergenicity: IgE plus basophil+ or SPT+; 1st V: 7; curationNote: 
AAK96887.1	ncbi	species: Arachis hypogaea; common name: Peanut; IUIS Allergen: Ara h 2.0101; Type: Food Plant; Group: Arachis Ara h 2; Allergenicity: IgE plus basophil+ or SPT+; 1st V: 10; curationNote: 
AAL07319.1	ncbi	species: Chenopodium album; common name: Pigweed; IUIS Allergen: Che a 1.0101; Type: Aero Plant; Group: Chenopodium Che a 1; Allergenicity: IgE but no biological test; 1st V: 7; curationNote: 
AAL07320.1	ncbi	species: Litchi chinensis; common name: Lychee nut; IUIS Allergen: Lit c 1.0101; Type: Food Plant; Group: Litchi Lit c 1; Allergenicity: IgE but no biological test; 1st V: 7; curationNote: 
AAL14077.1	ncbi	species: Cynodon dactylon; common name: Bermuda grass; IUIS Allergen: Cyn d 1.0202; Type: Aero Plant; Group: Cynodon Cyn d 1; Allergenicity: IgE plus basophil+ or SPT+; 1st V: 7; curationNote: 
AAL14078.1	ncbi	species: Cynodon dactylon; common name: Bermuda grass; IUIS Allergen: ; Type: Aero Plant; Group: Cynodon Cyn d 1; Allergenicity: IgE plus basophil+ or SPT+; 1st V: 7; curationNote: 
AAL14079.1	ncbi	species: Cynodon dactylon; common name: Bermuda grass; IUIS Allergen: Cyn d 1.0203; Type: Aero Plant; Group: Cynodon Cyn d 1; Allergenicity: IgE plus basophil+ or SPT+; 1st V: 7; curationNote: 
AAL25839.1	ncbi	species: Hevea brasiliensis; common name: Para rubber tree; IUIS Allergen: Hev b 12.0101; Type: Contact; Group: Hevea Hev b 12; Allergenicity: IgE but no biological test; 1st V: 7; curationNote: 
AAL29690.1	ncbi	species: Solanum lycopersicum (Lycopersicon esculentum); common name: Tomato; IUIS Allergen: ; Type: Food Plant; Group: Solanum Sola l 1 profilin (Lyc e 1); Allergenicity: IgE plus basophil+ or SPT+; 1st V: 7; curationNote: 
AAL37561.1	ncbi	species: Arachis hypogaea; common name: Peanut; IUIS Allergen: Unassigned; Type: Food Plant; Group: Arachis Ara h 6; Allergenicity: IgE plus basophil+ or SPT+; 1st V: 7; curationNote: 
AAL47677.1	ncbi	species: Dermatophagoides farinae; common name: House dust mite; IUIS Allergen: Der f 2.0105; Type: Aero Mite; Group: Dermatophagoides Der p 2 / Der f 2; Allergenicity: IgE plus basophil+ or SPT+; 1st V: 7; curationNote: 
AAL49391.1	ncbi	species: Felis catus; common name: Cat; IUIS Allergen: Fel d 3.0101; Type: Aero Animal; Group: Felis Fel d 3; Allergenicity: IgE but no biological test; 1st V: 7; curationNote: 
AAL73404.1	ncbi	species: Corylus avellana; common name: European hazelnut; IUIS Allergen: Cor 1 9.0101; Type: Food Plant; Group: Corylus Cor a 9; Allergenicity: IgE plus basophil+ or SPT+; 1st V: 7; curationNote: 
AAL75449.1	ncbi	species: Solanum lycopersicum (Lycopersicon esculentum); common name: Tomato; IUIS Allergen: Sola l 2.0101; Type: Food Plant; Group: Solanum Sola l 2 Beta-fructofuranosidase (Lyc e 2); Allergenicity: IgE but no biological test; 1st V: 7; curationNote: 
AAL75450.1	ncbi	species: Solanum lycopersicum (Lycopersicon esculentum); common name: Tomato; IUIS Allergen: Sola l 2.0201; Type: Food Plant; Group: Solanum Sola l 2 Beta-fructofuranosidase (Lyc e 2); Allergenicity: IgE but no biological test; 1st V: 7; curationNote: 
AAL76932.1	ncbi	species: Daucus carota; common name: Carrot; IUIS Allergen: Dau c 1.0201; Type: Food Plant; Group: Daucus Dau c 1; Allergenicity: IgE plus basophil+ or SPT+; 1st V: 7; curationNote: 
AAL76933.1	ncbi	species: Daucus carota; common name: Carrot; IUIS Allergen: Dau c 4.0101; Type: Food Plant; Group: Daucus Dau c 4; Allergenicity: IgE plus basophil+ or SPT+; 1st V: 7; curationNote: 
AAL79930.1	ncbi	species: Fusarium culmorum; common name: Fungus; IUIS Allergen: Fus c 1.0101; Type: Aero Fungi; Group: Fusarium Fus c 1; Allergenicity: IgE plus basophil+ or SPT+; 1st V: 7; curationNote: 
AAL79931.1	ncbi	species: Fusarium culmorum; common name: Fungus; IUIS Allergen: Fus c 2.0101; Type: Aero Fungi; Group: Fusarium Fus c 2; Allergenicity: IgE but no biological test; 1st V: 7; curationNote: 
AAL86701.1	ncbi	species: Periplaneta fuliginosa; common name: Smokybrown cockroach; IUIS Allergen: Unassigned; Type: Aero Insect; Group: Periplaneta Per a 7; Allergenicity: IgE plus basophil+ or SPT+; 1st V: 7; curationNote: 
AAL91662.1	ncbi	species: Prunus dulcis; common name: Almond; IUIS Allergen: Pru du 4.0101; Type: Food Plant; Group: Prunus Pru 4 Profilin peach cherry almond; Allergenicity: IgE plus basophil+ or SPT+; 1st V: 7; curationNote: 
AAL91665.1	ncbi	species: Anacardium occidentale; common name: Cashew; IUIS Allergen: Ana o 3.0101; Type: Food Plant; Group: Anacardium Ana o 3; Allergenicity: IgE plus basophil+ or SPT+; 1st V: 7; curationNote: 
AAL92578.1	ncbi	species: Olea europaea; common name: Olive tree; IUIS Allergen: Ole e 10.0101; Type: Aero Plant; Group: Olea Ole e 10; Allergenicity: IgE plus basophil+ or SPT+; 1st V: 7; curationNote: 
AAL92870.1	ncbi	species: Chenopodium album; common name: Pigweed; IUIS Allergen: Che a 2.0101; Type: Aero Plant; Group: Chenopodium Che a 2; Allergenicity: IgE plus basophil+ or SPT+; 1st V: 7; curationNote: 
AAL92871.1	ncbi	species: Chenopodium album; common name: Pigweed; IUIS Allergen: Che a 3.0101; Type: Aero Plant; Group: Chenopodium Che a 3; Allergenicity: IgE but no biological test; 1st V: 7; curationNote: 
AAM09530.3	ncbi	species: Equus caballus; common name: Horse; IUIS Allergen: Equ c 4.0101; Type: Aero Animal; Group: Equus Equ c 4 and Equ c 5; Allergenicity: IgE but no biological test; 1st V: 8; curationNote: 
AAM10779.1	ncbi	species: Blomia tropicalis; common name: Mite; IUIS Allergen: Blo t 3.0101; Type: Aero Mite; Group: Blomia Blo t 3; Allergenicity: IgE but no biological test; 1st V: 7; curationNote: 
AAM19082.1	ncbi	species: Dermatophagoides farinae; common name: House dust mite; IUIS Allergen: Der f 18.0101; Type: Aero Mite; Group: Dermatophagoides farinae Der f 18 Der p 18; Allergenicity: IgE but no biological test; 1st V: 7; curationNote: 
AAM21322.1	ncbi	species: Dermatophagoides pteronyssinus; common name: House dust mite; IUIS Allergen: Der p 14.0101; Type: Aero Mite; Group: Dermatophagoides Der p 14 / Der f 14; Allergenicity: IgE but no biological test; 1st V: 7; curationNote: 
AAM33821.1	ncbi	species: Penicillium chrysogenum; common name: Fungus; IUIS Allergen: ; Type: Aero Fungi; Group: Penicillium Pen ch 13; Allergenicity: IgE plus basophil+ or SPT+; 1st V: 7; curationNote: 
AAM43909.1	ncbi	species: Aspergillus fumigatus; common name: Fungus; IUIS Allergen: Asp f 23.0101; Type: Aero Fungi; Group: Aspergillus Asp f 23; Allergenicity: IgE but no biological test; 1st V: 7; curationNote: 
AAM46958.1	ncbi	species: Arachis hypogaea; common name: Peanut; IUIS Allergen: Unassigned; Type: Food Plant; Group: Arachis Ara h 3 Glycinin; Allergenicity: IgE plus basophil+ or SPT+; 1st V: 7; curationNote: 
AAM54365.1	ncbi	species: Juglans nigra; common name: Black walnut; IUIS Allergen: Jug n 1.0101; Type: Food Plant; Group: Jug r 1 Jug n 1; Allergenicity: IgE plus basophil+ or SPT+; 1st V: 7; curationNote: 
AAM54366.1	ncbi	species: Juglans nigra; common name: Black walnut; IUIS Allergen: Jug n 2.0101; Type: Food Plant; Group: Jug r 2; Allergenicity: IgE but no biological test; 1st V: 7; curationNote: 
AAM55492.1	ncbi	species: Manihot esculenta; common name: Cassava; IUIS Allergen: Unassigned; Type: Food Plant; Group: Manihot Man e 5.0101; Allergenicity: IgE but no biological test; 1st V: 7; curationNote: 
AAM64112.1	ncbi	species: Dermatophagoides farinae; common name: House dust mite; IUIS Allergen: Der f 16.0101; Type: Aero Mite; Group: Dermatophagoides Der f 16; Allergenicity: IgE but no biological test; 1st V: 7; curationNote: 
AAM73729.1	ncbi	species: Anacardium occidentale; common name: Cashew; IUIS Allergen: Ana 0 1.0102; Type: Food Plant; Group: Anacardium Ana o 1; Allergenicity: IgE plus basophil+ or SPT+; 1st V: 7; curationNote: 
AAM73730.2	ncbi	species: Anacardium occidentale; common name: Cashew; IUIS Allergen: Ana 0 1.0101; Type: Food Plant; Group: Anacardium Ana o 1; Allergenicity: IgE plus basophil+ or SPT+; 1st V: 7; curationNote: 
AAM77471.1	ncbi	species: Alternaria alternata; common name: Fungus; IUIS Allergen: Unassigned; Type: Aero Fungi; Group: Alternaria Alt a 1; Allergenicity: IgE plus basophil+ or SPT+; 1st V: 7; curationNote: 
AAM78596.1	ncbi	species: Arachis hypogaea; common name: Peanut; IUIS Allergen: Ara a 2; Type: Food Plant; Group: Arachis Ara h 2; Allergenicity: IgE plus basophil+ or SPT+; 1st V: 7; curationNote: 
AAM83103.1	ncbi	species: Blomia tropicalis; common name: Mite; IUIS Allergen: Blo t 11.0101; Type: Aero Mite; Group: Blomia Blo t 11; Allergenicity: IgE plus basophil+ or SPT+; 1st V: 7; curationNote: 
AAM93157.1	ncbi	species: Arachis hypogaea; common name: Peanut; IUIS Allergen: Unassigned; Type: Food Plant; Group: Arachis Ara h 3 Glycinin; Allergenicity: IgE plus basophil+ or SPT+; 1st V: 7; curationNote: 
AAN11300.1	ncbi	species: Candida albicans; common name: Yeast; IUIS Allergen: Cand a 3.0101; Type: Contact; Group: Candida Cand a 3 Peroxysomal protein; Allergenicity: IgE but no biological test; 1st V: 7; curationNote: 
AAN18044.1	ncbi	species: Olea europaea; common name: Olive tree; IUIS Allergen: Unassigned; Type: Aero Plant; Group: Olea Ole e 1; Allergenicity: IgE plus basophil+ or SPT+; 1st V: 7; curationNote: 
AAN32987.1	ncbi	species: Phleum pratense; common name: Common timothy; IUIS Allergen: Phl p 11.0101; Type: Aero Plant; Group: Phleum Phl p 11; Allergenicity: IgE plus basophil+ or SPT+; 1st V: 7; curationNote: 
AAN73248.1	ncbi	species: Fusarium culmorum; common name: Fungus; IUIS Allergen: Unassigned; Type: Aero Fungi; Group: Fusarium claimed Fus c 3; Allergenicity: IgE but no biological test; 1st V: 7; curationNote: 
AAN76862.1	ncbi	species: Anacardium occidentale; common name: Cashew; IUIS Allergen: Ana o 2.0101; Type: Food Plant; Group: Anacardium Ana o 2; Allergenicity: IgE plus basophil+ or SPT+; 1st V: 7; curationNote: 
AAN77576.1	ncbi	species: Arachis hypogaea; common name: Peanut; IUIS Allergen: Ara h 2.0201; Type: Food Plant; Group: Arachis Ara h 2; Allergenicity: IgE plus basophil+ or SPT+; 1st V: 7; curationNote: 
AAN86249.1	ncbi	species: Brassica napus; common name: Rape; IUIS Allergen: Unassigned; Type: Food Plant; Group: Brassica napus 2S albumin; Allergenicity: IgE but no biological test; 1st V: 7; curationNote: 
AAO15607.1	ncbi	species: Sarcoptes scabiei type hominis; common name: Scabies mite; IUIS Allergen: Unassigned; Type: Venom or Salivary; Group: Sarcoptes Glutathione S-transferase Mu; Allergenicity: IgE but no biological test; 1st V: 7; curationNote: 
AAO15613.1	ncbi	species: Sarcoptes scabiei type hominis; common name: Scabies mite; IUIS Allergen: Unassigned; Type: Venom or Salivary; Group: Sarcoptes Apolipoprotein Ssag1.2; Allergenicity: IgE but no biological test; 1st V: 7; curationNote: 
AAO15713.1	ncbi	species: Penaeus monodon; common name: Black tiger shrimp; IUIS Allergen: Pen m 2.0101; Type: Food Animal; Group: Penaeus Pen m 2; Allergenicity: IgE plus basophil+ or SPT+; 1st V: 7; curationNote: 
AAO22132.1	ncbi	species: Olea europaea; common name: Olive tree; IUIS Allergen: Unassigned; Type: Aero Plant; Group: Olea Ole e 1; Allergenicity: IgE plus basophil+ or SPT+; 1st V: 7; curationNote: 
AAO22133.1	ncbi	species: Olea europaea; common name: Olive tree; IUIS Allergen: Unassigned; Type: Aero Plant; Group: Olea Ole e 1; Allergenicity: IgE plus basophil+ or SPT+; 1st V: 7; curationNote: 
AAO24900.1	ncbi	species: Artemisia vulgaris; common name: Mugwort; IUIS Allergen: Art v 1.0101; Type: Aero Plant; Group: Artemisia Art v 1; Allergenicity: IgE plus basophil+ or SPT+; 1st V: 7; curationNote: 
AAO25113.1	ncbi	species: Malus x domestica; common name: Apple; IUIS Allergen: Mal d 1.0304; Type: Food Plant; Group: Malus Mal d 1; Allergenicity: IgE plus basophil+ or SPT+; 1st V: 7; curationNote: 
AAO32314.1	ncbi	species: Carya illinoinensis; common name: Pecan; IUIS Allergen: Car i 1.0101; Type: Food Plant; Group: Carya Car i 1 Seed storage protein; Allergenicity: IgE but no biological test; 1st V: 7; curationNote: 
AAO33897.1	ncbi	species: Olea europaea; common name: Olive tree; IUIS Allergen: ; Type: Aero Plant; Group: Olea Ole e 3; Allergenicity: IgE plus basophil+ or SPT+; 1st V: 7; curationNote: 
AAO38859.1	ncbi	species: Bertholletia excelsa; common name: Brazil nut; IUIS Allergen: Ber e 2.0101; Type: Food Plant; Group: Bertholletia Ber e 2; Allergenicity: IgE but no biological test; 1st V: 7; curationNote: 
AAO45608.1	ncbi	species: Zea mays; common name: Corn; IUIS Allergen: Unassigned; Type: Aero Plant; Group: Zea Zea m 1 beta-expansin; Allergenicity: IgE but no biological test; 1st V: 7; curationNote: 
AAO65960.1	ncbi	species: Corylus avellana; common name: European hazelnut; IUIS Allergen: Cor a 13.0101; Type: Food Plant; Group: Corylus Cor a 13 Oleosin; Allergenicity: IgE but no biological test; 1st V: 7; curationNote: 
AAO67349.2	ncbi	species: Corylus avellana; common name: European hazelnut; IUIS Allergen: Cor a 12.0101; Type: Food Plant; Group: Corylus Cor a 12; Allergenicity: IgE plus basophil+ or SPT+; 1st V: 15; curationNote: 
AAO73305.1	ncbi	species: Eriocheir sinensis; common name: Chinese mitten crab; IUIS Allergen: Eri s 2.0101; Type: Food Animal; Group: Eriocheir sinensis Eri s 2; Allergenicity: IgE plus basophil+ or SPT+; 1st V: 16; curationNote: 
AAO73464.1	ncbi	species: Dermatophagoides pteronyssinus; common name: House dust mite; IUIS Allergen: Der p 11.0101; Type: Aero Mite; Group: Dermatophagoides Der p 11 / Der f 11; Allergenicity: IgE plus basophil+ or SPT+; 1st V: 7; curationNote: 
AAO91800.1	ncbi	species: Alternaria alternata; common name: Fungus; IUIS Allergen: Alt a 8.0101; Type: Aero Fungi; Group: Alternaria Alt a 8 (mannitol dehydrogenase); Allergenicity: IgE plus basophil+ or SPT+; 1st V: 8; curationNote: 
AAO91801.1	ncbi	species: Davidiella tassiana; common name: Fungus; IUIS Allergen: Cla h 8.0101; Type: Aero Fungi; Group: Cladosporium / Davidiella Cla h 8; Allergenicity: IgE plus basophil+ or SPT+; 1st V: 8; curationNote: 
AAP06493.1	ncbi	species: Schistosoma japonicum; common name: Schistosoma; IUIS Allergen: Unassigned; Type: Protozoan; Group: Schistosoma profilin; Allergenicity: IgE but no biological test; 1st V: 7; curationNote: 
AAP13533.2	ncbi	species: Cucumis melo var. reticulatus; common name: Netted muskmelon; IUIS Allergen: Unassigned; Type: Food Plant; Group: Cucumis Cuc m 2; Allergenicity: IgE plus basophil+ or SPT+; 1st V: 7; curationNote: 
AAP13554.1	ncbi	species: Periplaneta americana; common name: American cockroach; IUIS Allergen: Unassigned; Type: Aero Insect; Group: Periplaneta Per a 1; Allergenicity: IgE plus basophil+ or SPT+; 1st V: 7; curationNote: 
AAP15199.1	ncbi	species: Humulus scandens; common name: Japanese hop; IUIS Allergen: Unassigned; Type: Aero Plant; Group: Humulus profilin-like protein; Allergenicity: IgE but no biological test; 1st V: 7; curationNote: 
AAP15200.1	ncbi	species: Humulus scandens; common name: Japanese hop; IUIS Allergen: Unassigned; Type: Aero Plant; Group: Humulus profilin-like protein; Allergenicity: IgE but no biological test; 1st V: 7; curationNote: 
AAP15201.1	ncbi	species: Ambrosia artemisiifolia; common name: Short ragweed; IUIS Allergen: Unassigned; Type: Aero Plant; Group: Ambrosia Amb a 8 profilin; Allergenicity: IgE plus basophil+ or SPT+; 1st V: 7; curationNote: 
AAP15202.1	ncbi	species: Ambrosia artemisiifolia; common name: Short ragweed; IUIS Allergen: Unassigned; Type: Aero Plant; Group: Ambrosia Amb a 8 profilin; Allergenicity: IgE plus basophil+ or SPT+; 1st V: 7; curationNote: 
AAP15203.1	ncbi	species: Ambrosia artemisiifolia; common name: Short ragweed; IUIS Allergen: Unassigned; Type: Aero Plant; Group: Ambrosia Amb a 8 profilin; Allergenicity: IgE plus basophil+ or SPT+; 1st V: 7; curationNote: 
AAP30720.1	ncbi	species: Rhodotorula mucilaginosa; common name: Fungus; IUIS Allergen: Rho m 1.0101; Type: Aero Fungi; Group: Rhodotorula Rho m 1; Allergenicity: IgE but no biological test; 1st V: 11; curationNote: 
AAP35065.1	ncbi	species: Dermatophagoides farinae; common name: House dust mite; IUIS Allergen: Der f 29.0101; Type: Aero Mite; Group: Dermatophagoides Der f 29; Allergenicity: IgE plus basophil+ or SPT+; 1st V: 8; curationNote: 
AAP35068.1	ncbi	species: Dermatophagoides farinae; common name: House dust mite; IUIS Allergen: Unassigned; Type: Aero Mite; Group: Dermatophagoides Der f 5-like; Allergenicity: IgE but no biological test; 1st V: 8; curationNote: 
AAP35069.1	ncbi	species: Blomia tropicalis; common name: Mite; IUIS Allergen: Unassigned; Type: Aero Insect; Group: Blomia Blo t 8; Allergenicity: IgE but no biological test; 1st V: 8; curationNote: 
AAP35073.1	ncbi	species: Dermatophagoides farinae; common name: House dust mite; IUIS Allergen: Der f 2.0112; Type: Aero Mite; Group: Dermatophagoides Der p 2 / Der f 2; Allergenicity: IgE plus basophil+ or SPT+; 1st V: 12; curationNote: 
AAP35075.1	ncbi	species: Dermatophagoides farinae; common name: House dust mite; IUIS Allergen: Unassigned; Type: Aero Mite; Group: Dermatophagoides Der p 1 Der f 1 Der m 1; Allergenicity: IgE plus basophil+ or SPT+; 1st V: 12; curationNote: 
AAP35077.1	ncbi	species: Dermatophagoides farinae; common name: House dust mite; IUIS Allergen: Unassigned; Type: Aero Mite; Group: Dermatophagoides Der p 7 /  Der f 7; Allergenicity: IgE plus basophil+ or SPT+; 1st V: 8; curationNote: 
AAP35078.1	ncbi	species: Dermatophagoides farinae; common name: House dust mite; IUIS Allergen: Der f 13.0101; Type: Aero Mite; Group: Dermatophagoides Der f 13; Allergenicity: IgE plus basophil+ or SPT+; 1st V: 11; curationNote: 
AAP35080.1	ncbi	species: Dermatophagoides farinae; common name: House dust mite; IUIS Allergen: Unassigned; Type: Aero Mite; Group: Dermatophagoides farinae Pseudo-Der f 8; Allergenicity: IgE but no biological test; 1st V: 12; curationNote: 
AAP35082.1	ncbi	species: Dermatophagoides farinae; common name: House dust mite; IUIS Allergen: Unassigned; Type: Aero Mite; Group: Dermatophagoides Der f 27; Allergenicity: IgE plus basophil+ or SPT+; 1st V: 8; curationNote: 
AAP37412.1	ncbi	species: Polistes dominulus; common name: Paper wasp; IUIS Allergen: Pol d 4.0101; Type: Venom or Salivary; Group: Polistes Venom serine protease; Allergenicity: IgE but no biological test; 1st V: 7; curationNote: 
AAP37470.1	ncbi	species: Hevea brasiliensis; common name: Para rubber tree; IUIS Allergen: Hev b 13.0101; Type: Contact; Group: Hevea Hev b 13; Allergenicity: IgE but no biological test; 1st V: 7; curationNote: 
AAP37482.1	ncbi	species: Betula pendula; common name: European white birch; IUIS Allergen: ; Type: Aero Plant; Group: Betula Bet v 1; Allergenicity: IgE plus basophil+ or SPT+; 1st V: 7; curationNote: 
AAP47226.1	ncbi	species: Helianthus annuus; common name: Sunflower; IUIS Allergen: Hel a 3.0101; Type: Food Plant; Group: Hel a 3; Allergenicity: IgE but no biological test; 1st V: 15; curationNote: 
AAP57094.1	ncbi	species: Dermatophagoides farinae; common name: House dust mite; IUIS Allergen: Unassigned; Type: Aero Mite; Group: Dermatophagoides Der f 20 / Der p 20; Allergenicity: IgE but no biological test; 1st V: 8; curationNote: 
AAP87281.1	ncbi	species: Hevea brasiliensis; common name: Para rubber tree; IUIS Allergen: ; Type: Contact; Group: Hevea Hev b 2; Allergenicity: IgE plus basophil+ or SPT+; 1st V: 7; curationNote: 
AAP94213.1	ncbi	species: Humulus japonicus; common name: Japanese hop; IUIS Allergen: Hum j 1.0101; Type: Aero Plant; Group: Humulus Humj1; Allergenicity: IgE but no biological test; 1st V: 7; curationNote: 
AAP96759.1	ncbi	species: Dactylis glomerata; common name: Orchard grass; IUIS Allergen: Dac g 1.0101; Type: Aero Plant; Group: Dactylis Dac g 1; Allergenicity: IgE plus basophil+ or SPT+; 1st V: 7; curationNote: 
AAQ08190.1	ncbi	species: Olea europaea; common name: Olive tree; IUIS Allergen: Unassigned; Type: Aero Plant; Group: Olea Ole e 1; Allergenicity: IgE plus basophil+ or SPT+; 1st V: 7; curationNote: 
AAQ08947.1	ncbi	species: Fraxinus excelsior; common name: European ash; IUIS Allergen: Fra e 1.0101; Type: Aero Plant; Group: Fraxinus Fra e 1; Allergenicity: IgE plus basophil+ or SPT+; 1st V: 7; curationNote: 
AAQ10268.1	ncbi	species: Olea europaea; common name: Olive tree; IUIS Allergen: Unassigned; Type: Aero Plant; Group: Olea Ole e 1; Allergenicity: IgE plus basophil+ or SPT+; 1st V: 7; curationNote: 
AAQ10271.1	ncbi	species: Olea europaea; common name: Olive tree; IUIS Allergen: Unassigned; Type: Aero Plant; Group: Olea Ole e 1; Allergenicity: IgE plus basophil+ or SPT+; 1st V: 7; curationNote: 
AAQ10274.1	ncbi	species: Olea europaea; common name: Olive tree; IUIS Allergen: Unassigned; Type: Aero Plant; Group: Olea Ole e 1; Allergenicity: IgE plus basophil+ or SPT+; 1st V: 7; curationNote: 
AAQ10276.1	ncbi	species: Olea europaea; common name: Olive tree; IUIS Allergen: Unassigned; Type: Aero Plant; Group: Olea Ole e 1; Allergenicity: IgE plus basophil+ or SPT+; 1st V: 7; curationNote: 
AAQ10277.1	ncbi	species: Olea europaea; common name: Olive tree; IUIS Allergen: Unassigned; Type: Aero Plant; Group: Olea Ole e 1; Allergenicity: IgE plus basophil+ or SPT+; 1st V: 7; curationNote: 
AAQ10278.1	ncbi	species: Olea europaea; common name: Olive tree; IUIS Allergen: Unassigned; Type: Aero Plant; Group: Olea Ole e 1; Allergenicity: IgE plus basophil+ or SPT+; 1st V: 7; curationNote: 
AAQ10279.1	ncbi	species: Olea europaea; common name: Olive tree; IUIS Allergen: Unassigned; Type: Aero Plant; Group: Olea Ole e 1; Allergenicity: IgE plus basophil+ or SPT+; 1st V: 7; curationNote: 
AAQ10280.1	ncbi	species: Olea europaea; common name: Olive tree; IUIS Allergen: Unassigned; Type: Aero Plant; Group: Olea Ole e 1; Allergenicity: IgE plus basophil+ or SPT+; 1st V: 7; curationNote: 
AAQ10281.1	ncbi	species: Olea europaea; common name: Olive tree; IUIS Allergen: Unassigned; Type: Aero Plant; Group: Olea Ole e 1; Allergenicity: IgE plus basophil+ or SPT+; 1st V: 7; curationNote: 
AAQ24541.1	ncbi	species: Blomia tropicalis; common name: Mite; IUIS Allergen: Blo t 1.0201; Type: Aero Mite; Group: Blomia Blo t 1.02; Allergenicity: IgE but no biological test; 1st V: 8; curationNote: 
AAQ24542.1	ncbi	species: Blomia tropicalis; common name: Mite; IUIS Allergen: Unassigned; Type: Aero Mite; Group: Blomia Blo t 3; Allergenicity: IgE but no biological test; 1st V: 8; curationNote: 
AAQ24543.1	ncbi	species: Blomia tropicalis; common name: Mite; IUIS Allergen: Blo t 4.0101; Type: Aero Insect; Group: Blomia Blo t 4 alpha amylase; Allergenicity: IgE plus basophil+ or SPT+; 1st V: 8; curationNote: 
AAQ24545.1	ncbi	species: Blomia tropicalis; common name: Mite; IUIS Allergen: Unassigned; Type: Aero Insect; Group: Blomia Blo t 7; Allergenicity: IgE but no biological test; 1st V: 8; curationNote: 
AAQ54603.1	ncbi	species: Glycyphagus domesticus; common name: Storage mite; IUIS Allergen: Unassigned; Type: Aero Mite; Group: Glycyphagus Gly d 2; Allergenicity: IgE but no biological test; 1st V: 7; curationNote: 
AAQ55550.1	ncbi	species: Lepidoglyphus destructor; common name: Storage mite; IUIS Allergen: Unassigned; Type: Aero Mite; Group: Blomia Blo t 12; Allergenicity: IgE plus basophil+ or SPT+; 1st V: 7; curationNote: 
AAQ73481.1	ncbi	species: Blomia tropicalis; common name: Mite; IUIS Allergen: Blo t 2.0103; Type: Aero Mite; Group: Blo t 2 type 2 *ver 10; Allergenicity: IgE plus basophil+ or SPT+; 1st V: 7; curationNote: 
AAQ73482.1	ncbi	species: Blomia tropicalis; common name: Mite; IUIS Allergen: Blo t 2.0102; Type: Aero Mite; Group: Blo t 2 type 2 *ver 10; Allergenicity: IgE plus basophil+ or SPT+; 1st V: 7; curationNote: 
AAQ73483.1	ncbi	species: Blomia tropicalis; common name: Mite; IUIS Allergen: Blo t 2.0101; Type: Aero Mite; Group: Blo t 2 type 2 *ver 10; Allergenicity: IgE plus basophil+ or SPT+; 1st V: 7; curationNote: 
AAQ73484.1	ncbi	species: Lepidoglyphus destructor; common name: Storage mite; IUIS Allergen: Unassigned; Type: Aero Mite; Group: Lepidoglyphus Lep d 2; Allergenicity: IgE but no biological test; 1st V: 7; curationNote: 
AAQ73486.1	ncbi	species: Lepidoglyphus destructor; common name: Storage mite; IUIS Allergen: Unassigned; Type: Aero Mite; Group: Lepidoglyphus Lep d 2; Allergenicity: IgE but no biological test; 1st V: 7; curationNote: 
AAQ73487.1	ncbi	species: Lepidoglyphus destructor; common name: Storage mite; IUIS Allergen: Unassigned; Type: Aero Mite; Group: Lepidoglyphus Lep d 2; Allergenicity: IgE but no biological test; 1st V: 7; curationNote: 
AAQ73488.1	ncbi	species: Lepidoglyphus destructor; common name: Storage mite; IUIS Allergen: Unassigned; Type: Aero Mite; Group: Lepidoglyphus Lep d 2; Allergenicity: IgE but no biological test; 1st V: 7; curationNote: 
AAQ73489.1	ncbi	species: Lepidoglyphus destructor; common name: Storage mite; IUIS Allergen: Unassigned; Type: Aero Mite; Group: Lepidoglyphus Lep d 2; Allergenicity: IgE but no biological test; 1st V: 7; curationNote: 
AAQ73490.1	ncbi	species: Lepidoglyphus destructor; common name: Storage mite; IUIS Allergen: Unassigned; Type: Aero Mite; Group: Lepidoglyphus Lep d 2; Allergenicity: IgE but no biological test; 1st V: 7; curationNote: 
AAQ73491.1	ncbi	species: Lepidoglyphus destructor; common name: Storage mite; IUIS Allergen: Unassigned; Type: Aero Mite; Group: Lepidoglyphus Lep d 2; Allergenicity: IgE but no biological test; 1st V: 7; curationNote: 
AAQ73492.1	ncbi	species: Lepidoglyphus destructor; common name: Storage mite; IUIS Allergen: Unassigned; Type: Aero Mite; Group: Lepidoglyphus Lep d 2; Allergenicity: IgE but no biological test; 1st V: 7; curationNote: 
AAQ73493.1	ncbi	species: Lepidoglyphus destructor; common name: Storage mite; IUIS Allergen: Lep d 5.0102; Type: Aero Mite; Group: Lepidoglyphus Lep d 5; Allergenicity: IgE but no biological test; 1st V: 7; curationNote: 
AAQ73494.1	ncbi	species: Lepidoglyphus destructor; common name: Storage mite; IUIS Allergen: Lep d 5.0103; Type: Aero Mite; Group: Lepidoglyphus Lep d 5; Allergenicity: IgE but no biological test; 1st V: 7; curationNote: 
AAQ83588.1	ncbi	species: Fraxinus excelsior; common name: European ash; IUIS Allergen: Fra e 1.0201; Type: Aero Plant; Group: Fraxinus Fra e 1; Allergenicity: IgE plus basophil+ or SPT+; 1st V: 7; curationNote: 
AAQ91847.1	ncbi	species: Arachis hypogaea; common name: Peanut; IUIS Allergen: Ara h 8.0101; Type: Food Plant; Group: Arachis Ara h 8; Allergenicity: IgE plus basophil+ or SPT+; 1st V: 7; curationNote: 
AAR17475.1	ncbi	species: Penicillium citrinum; common name: Fungus; IUIS Allergen: Pen c 24.0101; Type: Aero Fungi; Group: Penicillium Pen c 24; Allergenicity: IgE but no biological test; 1st V: 7; curationNote: 
AAR21071.1	ncbi	species: Juniperus rigida; common name: Cedar; IUIS Allergen: Unassigned; Type: Aero Plant; Group: Juniperus Jun a 3; Allergenicity: IgE but no biological test; 1st V: 7; curationNote: 
AAR21072.1	ncbi	species: Juniperus rigida; common name: Cedar; IUIS Allergen: Unassigned; Type: Aero Plant; Group: Juniperus Jun a 3; Allergenicity: IgE but no biological test; 1st V: 7; curationNote: 
AAR21073.1	ncbi	species: Cupressus sempervirens; common name: Mediterranean Cypress; IUIS Allergen: Cup s 3.0101; Type: Aero Plant; Group: Cupressus Cup s 3; Allergenicity: IgE but no biological test; 1st V: 11; curationNote: 
AAR21074.1	ncbi	species: Cupressus sempervirens; common name: Mediterranean Cypress; IUIS Allergen: Cup s 3.0102; Type: Aero Plant; Group: Cupressus Cup s 3; Allergenicity: IgE but no biological test; 1st V: 7; curationNote: 
AAR22488.1	ncbi	species: Malus x domestica; common name: Apple; IUIS Allergen: Unassigned; Type: Food Plant; Group: Malus Mal d 3; Allergenicity: IgE plus basophil+ or SPT+; 1st V: 7; curationNote: 
AAR92223.1	ncbi	species: Actinidia deliciosa; common name: Kiwi; IUIS Allergen: Act d 4.0101; Type: Food Plant; Group: Actinidia Act d 4 Phytocystatin; Allergenicity: IgE plus basophil+ or SPT+; 1st V: 7; curationNote: 
AAR98518.1	ncbi	species: Hevea brasiliensis; common name: Para rubber tree; IUIS Allergen: Hev b 4.0101; Type: Contact; Group: Hevea Hev b 4; Allergenicity: IgE but no biological test; 1st V: 7; curationNote: 
AAS02108.1	ncbi	species: Cynodon dactylon; common name: Bermuda grass; IUIS Allergen: Unassigned; Type: Aero Plant; Group: Cynodon Group 4 like-allergen FAD-linked oxidoredu; Allergenicity: IgE but no biological test; 1st V: 7; curationNote: 
AAS47035.1	ncbi	species: Prunus avium; common name: Cherry; IUIS Allergen: Pru av 1.0201; Type: Food Plant; Group: Pru av 1 Pru a 1; Allergenicity: IgE plus basophil+ or SPT+; 1st V: 7; curationNote: 
AAS47036.1	ncbi	species: Prunus avium; common name: Cherry; IUIS Allergen: Pru av 1.0202; Type: Food Plant; Group: Pru av 1 Pru a 1; Allergenicity: IgE plus basophil+ or SPT+; 1st V: 7; curationNote: 
AAS47037.1	ncbi	species: Prunus avium; common name: Cherry; IUIS Allergen: Pru av 1.0203; Type: Food Plant; Group: Pru av 1 Pru a 1; Allergenicity: IgE plus basophil+ or SPT+; 1st V: 7; curationNote: 
AAS67041.1	ncbi	species: Polistes dominulus; common name: Paper wasp; IUIS Allergen: Pol d 1.0101; Type: Venom or Salivary; Group: Polistes Pol a 1 Pol d 1; Allergenicity: IgE but no biological test; 1st V: 7; curationNote: 
AAS67042.1	ncbi	species: Polistes dominulus; common name: Paper wasp; IUIS Allergen: Pol d 1.0102; Type: Venom or Salivary; Group: Polistes Pol a 1 Pol d 1; Allergenicity: IgE but no biological test; 1st V: 7; curationNote: 
AAS67043.1	ncbi	species: Polistes dominulus; common name: Paper wasp; IUIS Allergen: Pol d 1.0103; Type: Venom or Salivary; Group: Polistes Pol a 1 Pol d 1; Allergenicity: IgE but no biological test; 1st V: 7; curationNote: 
AAS67044.1	ncbi	species: Polistes dominulus; common name: Paper wasp; IUIS Allergen: Pol d 1.0104; Type: Venom or Salivary; Group: Polistes Pol a 1 Pol d 1; Allergenicity: IgE but no biological test; 1st V: 7; curationNote: 
AAS75297.1	ncbi	species: Alternaria alternata; common name: Fungus; IUIS Allergen: Alt a 1.0102; Type: Aero Fungi; Group: Alternaria Alt a 1; Allergenicity: IgE plus basophil+ or SPT+; 1st V: 7; curationNote: 
AAS75831.1	ncbi	species: Suidasia medanensis; common name: Mite; IUIS Allergen: Unassigned; Type: Aero Mite; Group: Suidasia putative not official Sui m 2; Allergenicity: IgE but no biological test; 1st V: 7; curationNote: 
AAS77253.1	ncbi	species: Felis catus; common name: Cat; IUIS Allergen: Fel d 4.0101; Type: Aero Animal; Group: Felis Fel d 4; Allergenicity: IgE but no biological test; 1st V: 7; curationNote: 
AAS93669.1	ncbi	species: Sarcoptes scabiei type hominis; common name: Scabies mite; IUIS Allergen: Unassigned; Type: Venom or Salivary; Group: Sarcoptes cysteine protease CO8; Allergenicity: IgE but no biological test; 1st V: 7; curationNote: 
AAS93674.1	ncbi	species: Sarcoptes scabiei type hominis; common name: Scabies mite; IUIS Allergen: Unassigned; Type: Venom or Salivary; Group: Sarcoptes cysteine proteases FO4; Allergenicity: IgE but no biological test; 1st V: 7; curationNote: 
AAS93675.1	ncbi	species: Sarcoptes scabiei type hominis; common name: Scabies mite; IUIS Allergen: Unassigned; Type: Venom or Salivary; Group: Sarcoptes cysteine proteases FO4; Allergenicity: IgE but no biological test; 1st V: 7; curationNote: 
AAS93676.1	ncbi	species: Sarcoptes scabiei type hominis; common name: Scabies mite; IUIS Allergen: Unassigned; Type: Venom or Salivary; Group: Sarcoptes cysteine proteases FO4; Allergenicity: IgE but no biological test; 1st V: 7; curationNote: 
AAS98889.1	ncbi	species: Fenneropenaeus chinensis; common name: Chinese white shrimp; IUIS Allergen: Unassigned; Type: Food Animal; Group: Fenneropenaeus Arginine kinase; Allergenicity: IgE but no biological test; 1st V: 9; curationNote: 
AAS98890.1	ncbi	species: Fenneropenaeus chinensis; common name: Chinese white shrimp; IUIS Allergen: Unassigned; Type: Food Animal; Group: Fenneropenaeus Arginine kinase; Allergenicity: IgE but no biological test; 1st V: 9; curationNote: 
AAT00594.1	ncbi	species: Arachis hypogaea; common name: Peanut; IUIS Allergen: Unassigned; Type: Food Plant; Group: Arachis Ara h 1; Allergenicity: IgE plus basophil+ or SPT+; 1st V: 7; curationNote: 
AAT00595.1	ncbi	species: Arachis hypogaea; common name: Peanut; IUIS Allergen: Unassigned; Type: Food Plant; Group: Arachis Ara h 1; Allergenicity: IgE plus basophil+ or SPT+; 1st V: 7; curationNote: 
AAT00596.1	ncbi	species: Arachis hypogaea; common name: Peanut; IUIS Allergen: Unassigned; Type: Food Plant; Group: Arachis Ara h 1; Allergenicity: IgE plus basophil+ or SPT+; 1st V: 7; curationNote: 
AAT37679.1	ncbi	species: Rhodotorula mucilaginosa; common name: Fungus; IUIS Allergen: Rho m 2.0101; Type: Aero Fungi; Group: Rhodotorula Rho m 2; Allergenicity: IgE but no biological test; 1st V: 7; curationNote: 
AAT40866.1	ncbi	species: Tyrophagus putrescentiae; common name: Dust mite; IUIS Allergen: Tyr p 10.0101; Type: Aero Mite; Group: Tyrophagus Tyr p 10 tropomyosin; Allergenicity: IgE but no biological test; 1st V: 9; curationNote: 
AAT45383.1	ncbi	species: Lates calcarifer; common name: Asian Seabass; IUIS Allergen: Lat c 1.0201; Type: Food Animal; Group: Lates Lat c 1; Allergenicity: IgE but no biological test; 1st V: 15; curationNote: 
AAT66566.1	ncbi	species: Stemphylium vesicarium; common name: Fungus; IUIS Allergen: Unassigned; Type: Aero Fungi; Group: Stemphylium major allergen alt a1-like; Allergenicity: IgE but no biological test; 1st V: 7; curationNote: 
AAT66567.1	ncbi	species: Stemphylium callistephi; common name: Fungus; IUIS Allergen: Unassigned; Type: Aero Fungi; Group: Stemphylium major allergen alt a1-like; Allergenicity: IgE but no biological test; 1st V: 7; curationNote: 
AAT66607.1	ncbi	species: Ulocladium alternariae; common name: Fungus; IUIS Allergen: Unassigned; Type: Aero Fungi; Group: Ulocladium alt a1-like; Allergenicity: IgE but no biological test; 1st V: 7; curationNote: 
AAT66609.1	ncbi	species: Ulocladium atrum; common name: Fungus; IUIS Allergen: Unassigned; Type: Aero Fungi; Group: Ulocladium alt a1-like; Allergenicity: IgE but no biological test; 1st V: 7; curationNote: 
AAT66610.1	ncbi	species: Ulocladium chartarum; common name: Fungus; IUIS Allergen: Unassigned; Type: Aero Fungi; Group: Ulocladium alt a1-like; Allergenicity: IgE but no biological test; 1st V: 7; curationNote: 
AAT77152.1	ncbi	species: Periplaneta americana; common name: American cockroach; IUIS Allergen: Unassigned; Type: Aero Insect; Group: Periplaneta Per a 9; Allergenicity: IgE but no biological test; 1st V: 8; curationNote: 
AAT80649.1	ncbi	species: Malus x domestica; common name: Apple; IUIS Allergen: Mal d 3.0102; Type: Food Plant; Group: Malus Mal d 3; Allergenicity: IgE plus basophil+ or SPT+; 1st V: 7; curationNote: 
AAT80659.1	ncbi	species: Malus x domestica; common name: Apple; IUIS Allergen: ; Type: Food Plant; Group: Malus Mal d 3; Allergenicity: IgE plus basophil+ or SPT+; 1st V: 7; curationNote: 
AAT80662.1	ncbi	species: Malus x domestica; common name: Apple; IUIS Allergen: Unassigned; Type: Food Plant; Group: Malus Mal d 3; Allergenicity: IgE plus basophil+ or SPT+; 1st V: 7; curationNote: 
AAT80664.1	ncbi	species: Malus x domestica; common name: Apple; IUIS Allergen: Mal d 3.0202; Type: Food Plant; Group: Malus Mal d 3; Allergenicity: IgE plus basophil+ or SPT+; 1st V: 7; curationNote: 
AAT80665.1	ncbi	species: Malus x domestica; common name: Apple; IUIS Allergen: Mal d 3.0203; Type: Food Plant; Group: Malus Mal d 3; Allergenicity: IgE plus basophil+ or SPT+; 1st V: 7; curationNote: 
AAT95008.1	ncbi	species: Solenopsis invicta; common name: Red fire ant; IUIS Allergen: Sol i 1.0101; Type: Venom or Salivary; Group: Solenopsis Sol i 1; Allergenicity: IgE but no biological test; 1st V: 7; curationNote: 
AAT95009.1	ncbi	species: Polistes exclamans; common name: Paper wasp; IUIS Allergen: Pol e 5.0101; Type: Venom or Salivary; Group: Polistes Pol 5; Allergenicity: IgE plus basophil+ or SPT+; 1st V: 7; curationNote: 
AAT95010.1	ncbi	species: Polistes dominulus; common name: Paper wasp; IUIS Allergen: Pol d 5.0101; Type: Venom or Salivary; Group: Polistes Pol 5; Allergenicity: IgE plus basophil+ or SPT+; 1st V: 7; curationNote: 
AAT99258.1	ncbi	species: Salsola kali; common name: Thistle; IUIS Allergen: Sal k 1.0201; Type: Aero Plant; Group: Salsola pectin methylesterase Sal k 1.01 & 1.02; Allergenicity: IgE but no biological test; 1st V: 8; curationNote: 
AAU11502.1	ncbi	species: Tyrophagus putrescentiae; common name: Dust mite; IUIS Allergen: Tyr p 13.0101; Type: Aero Mite; Group: Tyrophagus Tyr p 13; Allergenicity: IgE but no biological test; 1st V: 7; curationNote: 
AAU21499.2	ncbi	species: Arachis hypogaea; common name: Peanut; IUIS Allergen: Ara h 10.0101; Type: Food Plant; Group: Arachis hypogaea Ara h 10; Allergenicity: IgE but no biological test; 1st V: 15; curationNote: 
AAU21500.1	ncbi	species: Arachis hypogaea; common name: Peanut; IUIS Allergen: Ara h 10.0102; Type: Food Plant; Group: Arachis hypogaea Ara h 10; Allergenicity: IgE but no biological test; 1st V: 15; curationNote: 
AAU21501.1	ncbi	species: Arachis hypogaea; common name: Peanut; IUIS Allergen: Ara h 15.0101; Type: Food Plant; Group: Arachis hypogaea oleosin Ara h 15; Allergenicity: IgE plus basophil+ or SPT+; 1st V: 15; curationNote: 
AAU43733.1	ncbi	species: Citrullus lanatus; common name: ; IUIS Allergen: Citr l 2.0101; Type: Food Plant; Group: Citrullus lanatus Citr l 2; Allergenicity: IgE plus basophil+ or SPT+; 1st V: 17; curationNote: 
AAV33670.1	ncbi	species: Morus bombycis; common name: Mulberry; IUIS Allergen: Unassigned; Type: Food Plant; Group: Morus winter accumulating protein; Allergenicity: IgE but no biological test; 1st V: 12; curationNote: 
AAV33672.1	ncbi	species: Morus bombycis; common name: Mulberry; IUIS Allergen: Unassigned; Type: Food Plant; Group: Morus winter accumulating protein; Allergenicity: IgE but no biological test; 1st V: 12; curationNote: 
AAV40850.1	ncbi	species: Prunus persica; common name: Peach; IUIS Allergen: Unassigned; Type: Food Plant; Group: Prunus Pru 3; Allergenicity: IgE plus basophil+ or SPT+; 1st V: 7; curationNote: 
AAV74343.1	ncbi	species: Fraxinus excelsior; common name: European ash; IUIS Allergen: Fra e 1.0102; Type: Aero Plant; Group: Fraxinus Fra e 1; Allergenicity: IgE plus basophil+ or SPT+; 1st V: 7; curationNote: 
AAV83993.1	ncbi	species: Fenneropenaeus chinensis; common name: Chinese white shrimp; IUIS Allergen: Unassigned; Type: Food Animal; Group: Penaeus chinensis arginine kinase; Allergenicity: IgE plus basophil+ or SPT+; 1st V: 20; curationNote: 
AAV90693.1	ncbi	species: Aedes albopictus; common name: Asian tiger mosquito; IUIS Allergen: Unassigned; Type: Venom or Salivary; Group: Aedes albopictus 30 Aed al 3; Allergenicity: IgE but no biological test; 1st V: 7; curationNote: 
AAV90694.1	ncbi	species: Aedes albopictus; common name: Asian tiger mosquito; IUIS Allergen: Unassigned; Type: Venom or Salivary; Group: Aedes albopictus 30 Aed al 3; Allergenicity: IgE but no biological test; 1st V: 7; curationNote: 
AAV97933.1	ncbi	species: Lates calcarifer; common name: Asian Seabass; IUIS Allergen: Lat c 1.0101; Type: Food Animal; Group: Lates Lat c 1; Allergenicity: IgE but no biological test; 1st V: 15; curationNote: 
AAW29810.1	ncbi	species: Juglans regia; common name: English walnut; IUIS Allergen: Jug r 4.0101; Type: Food Plant; Group: Jug r 4; Allergenicity: IgE but no biological test; 1st V: 7; curationNote: 
AAW69549.1	ncbi	species: Cucumis melo; common name: Muskmelon; IUIS Allergen: Cuc m 2.0101; Type: Food Plant; Group: Cucumis Cuc m 2; Allergenicity: IgE plus basophil+ or SPT+; 1st V: 7; curationNote: 
AAW81034.1	ncbi	species: Crocus sativus; common name: Saffron crocus; IUIS Allergen: Cro s 2.0101; Type: Aero Plant; Group: Crocus profilin Cro s 2; Allergenicity: IgE but no biological test; 1st V: 7; curationNote: 
AAX11194.1	ncbi	species: Penicillium brevicompactum; common name: Fungus; IUIS Allergen: Pen b 26.0101; Type: Aero Fungi; Group: Penicillium Pen b 26; Allergenicity: IgE but no biological test; 1st V: 7; curationNote: 
AAX11261.1	ncbi	species: Salsola kali; common name: Thistle; IUIS Allergen: Sal k 1.0302; Type: Aero Plant; Group: Salsola pectin methylesterase Sal k 1.01 & 1.02; Allergenicity: IgE but no biological test; 1st V: 8; curationNote: 
AAX11262.1	ncbi	species: Salsola kali; common name: Thistle; IUIS Allergen: Sal k 1.0301; Type: Aero Plant; Group: Salsola pectin methylesterase Sal k 1.01 & 1.02; Allergenicity: IgE but no biological test; 1st V: 8; curationNote: 
AAX14379.1	ncbi	species: Davidiella tassiana; common name: Fungus; IUIS Allergen: Cla h 9.0101; Type: Aero Fungi; Group: Cladosporium / Davidiella Cla h 9 vacuolar serine; Allergenicity: IgE but no biological test; 1st V: 10; curationNote: 
AAX19848.1	ncbi	species: Malus x domestica; common name: Apple; IUIS Allergen: Unassigned; Type: Food Plant; Group: Malus Mal d 2; Allergenicity: IgE but no biological test; 1st V: 7; curationNote: 
AAX19851.1	ncbi	species: Malus x domestica; common name: Apple; IUIS Allergen: Unassigned; Type: Food Plant; Group: Malus Mal d 2; Allergenicity: IgE but no biological test; 1st V: 7; curationNote: 
AAX19854.1	ncbi	species: Malus x domestica; common name: Apple; IUIS Allergen: Unassigned; Type: Food Plant; Group: Malus Mal d 4; Allergenicity: IgE plus basophil+ or SPT+; 1st V: 7; curationNote: 
AAX19856.1	ncbi	species: Malus x domestica; common name: Apple; IUIS Allergen: ; Type: Food Plant; Group: Malus Mal d 4; Allergenicity: IgE plus basophil+ or SPT+; 1st V: 7; curationNote: 
AAX19858.1	ncbi	species: Malus x domestica; common name: Apple; IUIS Allergen: Unassigned; Type: Food Plant; Group: Malus Mal d 4; Allergenicity: IgE plus basophil+ or SPT+; 1st V: 7; curationNote: 
AAX19860.1	ncbi	species: Malus x domestica; common name: Apple; IUIS Allergen: Unassigned; Type: Food Plant; Group: Malus Mal d 4; Allergenicity: IgE plus basophil+ or SPT+; 1st V: 7; curationNote: 
AAX19889.1	ncbi	species: Vigna radiata; common name: mung bean; IUIS Allergen: Vig r 1.0101; Type: Food Plant; Group: Vigna Vig r 1 PR 10; Allergenicity: IgE but no biological test; 1st V: 7; curationNote: 
AAX33727.1	ncbi	species: Periplaneta americana; common name: American cockroach; IUIS Allergen: Unassigned; Type: Aero Insect; Group: Periplaneta Per a 2; Allergenicity: IgE but no biological test; 1st V: 7; curationNote: 
AAX33728.1	ncbi	species: Periplaneta americana; common name: American cockroach; IUIS Allergen: Unassigned; Type: Aero Insect; Group: Periplaneta Not in IUIS Per a 4; Allergenicity: IgE but no biological test; 1st V: 7; curationNote: 
AAX33729.1	ncbi	species: Periplaneta americana; common name: American cockroach; IUIS Allergen: Per a 5.0101; Type: Aero Insect; Group: Per a 5 Periplaneta GST; Allergenicity: IgE plus basophil+ or SPT+; 1st V: 7; curationNote: 
AAX33730.1	ncbi	species: Periplaneta americana; common name: American cockroach; IUIS Allergen: Per a 6.0101; Type: Aero Insect; Group: Periplaneta Per a 6; Allergenicity: IgE but no biological test; 1st V: 8; curationNote: 
AAX33734.1	ncbi	species: Periplaneta americana; common name: American cockroach; IUIS Allergen: Per a 10.0101; Type: Aero Insect; Group: Periplaneta Per a 10 ser protease; Allergenicity: IgE plus basophil+ or SPT+; 1st V: 7; curationNote: 
AAX34047.1	ncbi	species: Blomia tropicalis; common name: Mite; IUIS Allergen: Blo t 21.0101; Type: Aero Insect; Group: Blomia Blo t 21; Allergenicity: IgE plus basophil+ or SPT+; 1st V: 9; curationNote: 
AAX34057.1	ncbi	species: Tyrophagus putrescentiae; common name: Dust mite; IUIS Allergen: Unassigned; Type: Aero Mite; Group: Tyrophagus Blo-t-5-like loose group; Allergenicity: IgE but no biological test; 1st V: 9; curationNote: 
AAX34058.1	ncbi	species: Tyrophagus putrescentiae; common name: Dust mite; IUIS Allergen: Unassigned; Type: Aero Mite; Group: Tyrophagus Blo-t-5-like loose group; Allergenicity: IgE but no biological test; 1st V: 9; curationNote: 
AAX34059.1	ncbi	species: Tyrophagus putrescentiae; common name: Dust mite; IUIS Allergen: Unassigned; Type: Aero Mite; Group: Tyrophagus Blo-t-5-like loose group; Allergenicity: IgE but no biological test; 1st V: 9; curationNote: 
AAX35807.1	ncbi	species: Lens culinaris; common name: Lentil; IUIS Allergen: Len c 3.0101; Type: Food Plant; Group: Lens  Len c 3; Allergenicity: IgE but no biological test; 1st V: 15; curationNote: 
AAX37288.1	ncbi	species: Penaeus monodon; common name: Black tiger shrimp; IUIS Allergen: Pen m 1.0101; Type: Food Animal; Group: Penaeus Pen m 1 tropomyosin; Allergenicity: IgE but no biological test; 1st V: 15; curationNote: 
AAX37321.1	ncbi	species: Sarcoptes scabiei type hominis; common name: Scabies mite; IUIS Allergen: Unassigned; Type: Venom or Salivary; Group: Sarcoptes Glutathione S-transferase Mu; Allergenicity: IgE but no biological test; 1st V: 7; curationNote: 
AAX37326.1	ncbi	species: Dermatophagoides pteronyssinus; common name: House dust mite; IUIS Allergen: Unassigned; Type: Aero Mite; Group: Dermatophagoides Der p 8; Allergenicity: IgE but no biological test; 1st V: 7; curationNote: 
AAX40948.1	ncbi	species: Ziziphus mauritiana; common name: Chinese-date; IUIS Allergen: Ziz m 1.0101; Type: Food Plant; Group: Ziziphus Ziz m 1; Allergenicity: IgE plus basophil+ or SPT+; 1st V: 7; curationNote: 
AAX47076.1	ncbi	species: Dermatophagoides pteronyssinus; common name: House dust mite; IUIS Allergen: Unassigned; Type: Aero Mite; Group: Dermatophagoides Der p 1 Der f 1 Der m 1; Allergenicity: IgE plus basophil+ or SPT+; 1st V: 7; curationNote: 
AAX57578.1	ncbi	species: Fagopyrum esculentum; common name: Buckwheat; IUIS Allergen: Unassigned; Type: Food Plant; Group: Fagopyrum Fag e 2 Fag t 2; Allergenicity: IgE but no biological test; 1st V: 7; curationNote: 
AAX77383.1	ncbi	species: Sinapis alba; common name: White mustard; IUIS Allergen: Sin a 2.0101; Type: Food Plant; Group: Sinapis Sin a 2.01 11S globulin; Allergenicity: IgE plus basophil+ or SPT+; 1st V: 7; curationNote: 
AAX77384.1	ncbi	species: Sinapis alba; common name: White mustard; IUIS Allergen: Unassigned; Type: Food Plant; Group: Sinapis Sin a 2.01 11S globulin; Allergenicity: IgE plus basophil+ or SPT+; 1st V: 7; curationNote: 
AAX77684.1	ncbi	species: Ambrosia artemisiifolia; common name: Short ragweed; IUIS Allergen: Amb a 9.0101; Type: Aero Plant; Group: Ambrosia Amb a 9; Allergenicity: IgE plus basophil+ or SPT+; 1st V: 7; curationNote: 
AAX77685.1	ncbi	species: Ambrosia artemisiifolia; common name: Short ragweed; IUIS Allergen: Amb a 9.0102; Type: Aero Plant; Group: Ambrosia Amb a 9; Allergenicity: IgE plus basophil+ or SPT+; 1st V: 7; curationNote: 
AAX77686.1	ncbi	species: Ambrosia artemisiifolia; common name: Short ragweed; IUIS Allergen: Amb a 10.0101; Type: Aero Plant; Group: Ambrosia Amb a 10; Allergenicity: IgE but no biological test; 1st V: 7; curationNote: 
AAX77687.1	ncbi	species: Ambrosia artemisiifolia; common name: Short ragweed; IUIS Allergen: Amb a 8.0101; Type: Aero Plant; Group: Ambrosia Amb a 8 profilin; Allergenicity: IgE plus basophil+ or SPT+; 1st V: 7; curationNote: 
AAX77688.1	ncbi	species: Ambrosia artemisiifolia; common name: Short ragweed; IUIS Allergen: Amb a 8.0102; Type: Aero Plant; Group: Ambrosia Amb a 8 profilin; Allergenicity: IgE plus basophil+ or SPT+; 1st V: 7; curationNote: 
AAX85388.1	ncbi	species: Artemisia vulgaris; common name: Mugwort; IUIS Allergen: Art v 6.0101; Type: Aero Plant; Group: Artemisia Art v 6 pectate lyase; Allergenicity: IgE but no biological test; 1st V: 8; curationNote: 
AAX85389.1	ncbi	species: Artemisia vulgaris; common name: Mugwort; IUIS Allergen: Art v 5.0101; Type: Aero Plant; Group: Artemisia mugwort Art v 5; Allergenicity: IgE plus basophil+ or SPT+; 1st V: 15; curationNote: 
AAX93750.1	ncbi	species: Crocus sativus; common name: Saffron crocus; IUIS Allergen: Cro s 1.0101; Type: Aero Plant; Group: Crocus Cro s 1; Allergenicity: IgE but no biological test; 1st V: 7; curationNote: 
AAY21180.1	ncbi	species: Apis mellifera; common name: Honeybee; IUIS Allergen: Api M 11; Type: Venom or Salivary; Group: Apis mellifera Api m 11; Allergenicity: IgE but no biological test; 1st V: 15; curationNote: 
AAY83341.1	ncbi	species: Fragaria x ananassa; common name: Strawberry; IUIS Allergen: Fra a 3.0201; Type: Food Plant; Group: Fragaria Fra a 3; Allergenicity: IgE plus basophil+ or SPT+; 1st V: 15; curationNote: 
AAY83342.1	ncbi	species: Fragaria x ananassa; common name: Strawberry; IUIS Allergen: Fra a 3.0102; Type: Food Plant; Group: Fragaria Fra a 3; Allergenicity: IgE plus basophil+ or SPT+; 1st V: 15; curationNote: 
AAY83345.1	ncbi	species: Fragaria x ananassa; common name: Strawberry; IUIS Allergen: Fra a 3.0202; Type: Food Plant; Group: Fragaria Fra a 3; Allergenicity: IgE plus basophil+ or SPT+; 1st V: 15; curationNote: 
AAY84563.1	ncbi	species: Dermatophagoides pteronyssinus; common name: House dust mite; IUIS Allergen: Der p 18.0101; Type: Aero Mite; Group: Dermatophagoides farinae Der f 18 Der p 18; Allergenicity: IgE but no biological test; 1st V: 7; curationNote: 
AAY84564.2	ncbi	species: Dermatophagoides pteronyssinus; common name: House dust mite; IUIS Allergen: Der p 15.0102; Type: Aero Mite; Group: Dermatophagoides Der f 15 Der p 15; Allergenicity: IgE but no biological test; 1st V: 7; curationNote: 
AAY84565.1	ncbi	species: Dermatophagoides pteronyssinus; common name: House dust mite; IUIS Allergen: Der p 15.0101; Type: Aero Mite; Group: Dermatophagoides Der f 15 Der p 15; Allergenicity: IgE but no biological test; 1st V: 7; curationNote: 
AAY88919.1	ncbi	species: Olea europaea; common name: Olive tree; IUIS Allergen: ; Type: Aero Plant; Group: Olea Ole e 11.0101 and 0102; Allergenicity: IgE but no biological test; 1st V: 11; curationNote: 
AAZ20276.1	ncbi	species: Arachis hypogaea; common name: Peanut; IUIS Allergen: Ara h 11.0101; Type: Food Plant; Group: Arachis hypogaea Ara h 11; Allergenicity: IgE but no biological test; 1st V: 15; curationNote: 
AAZ23584.1	ncbi	species: Triticum aestivum; common name: Wheat; IUIS Allergen: Tri a 26.0201; Type: Food Plant; Group: Triticum Tri a 26; Allergenicity: IgE plus basophil+ or SPT+; 1st V: 15; curationNote: 
AAZ76743.1	ncbi	species: Farfantepenaeus aztecus; common name: Brown shrimp; IUIS Allergen: Pen a 1.0101; Type: Food Animal; Group: Farfantepenaeus Pen a 1; Allergenicity: IgE plus basophil+ or SPT+; 1st V: 7; curationNote: 
AAZ91659.1	ncbi	species: Lilium longiflorum; common name: Trumpet lily; IUIS Allergen: Unassigned; Type: Aero Plant; Group: Lilium polygalacturonase; Allergenicity: IgE but no biological test; 1st V: 8; curationNote: 
ABA39435.1	ncbi	species: Dermatophagoides pteronyssinus; common name: House dust mite; IUIS Allergen: Der p 1.0113; Type: Aero Mite; Group: Dermatophagoides Der p 1 Der f 1 Der m 1; Allergenicity: IgE plus basophil+ or SPT+; 1st V: 15; curationNote: 
ABA39436.1	ncbi	species: Dermatophagoides farinae; common name: House dust mite; IUIS Allergen: Der f 1.0102; Type: Aero Mite; Group: Dermatophagoides Der p 1 Der f 1 Der m 1; Allergenicity: IgE plus basophil+ or SPT+; 1st V: 7; curationNote: 
ABA39437.1	ncbi	species: Dermatophagoides pteronyssinus; common name: House dust mite; IUIS Allergen: Unassigned; Type: Aero Mite; Group: Dermatophagoides Der p 2 / Der f 2; Allergenicity: IgE plus basophil+ or SPT+; 1st V: 7; curationNote: 
ABA39438.1	ncbi	species: Dermatophagoides farinae; common name: House dust mite; IUIS Allergen: Der f 2.0109; Type: Aero Mite; Group: Dermatophagoides Der p 2 / Der f 2; Allergenicity: IgE plus basophil+ or SPT+; 1st V: 7; curationNote: 
ABA42918.1	ncbi	species: Davidiella tassiana; common name: Fungus; IUIS Allergen: Unassigned; Type: Aero Fungi; Group: Cladosporium / Davidiella putative hydrolase; Allergenicity: IgE but no biological test; 1st V: 10; curationNote: 
ABA81885.1	ncbi	species: Solanum tuberosum; common name: Potato; IUIS Allergen: Unassigned; Type: Food Plant; Group: Solanum profilin-like; Allergenicity: IgE but no biological test; 1st V: 7; curationNote: 
ABB16985.1	ncbi	species: Solanum tuberosum; common name: Potato; IUIS Allergen: Unassigned; Type: Food Plant; Group: Solanum profilin-like; Allergenicity: IgE but no biological test; 1st V: 7; curationNote: 
ABB52642.1	ncbi	species: Dermatophagoides pteronyssinus; common name: House dust mite; IUIS Allergen: Unassigned; Type: Aero Mite; Group: Dermatophagoides Der p 10 / Der f 10; Allergenicity: IgE plus basophil+ or SPT+; 1st V: 7; curationNote: 
ABB77213.1	ncbi	species: Actinidia chinensis; common name: Kiwi; IUIS Allergen: Act d 12.0102; Type: Food Plant; Group: Actinidia Act d 12; Allergenicity: IgE plus basophil+ or SPT+; 1st V: 16; curationNote: 
ABB78006.1	ncbi	species: Prunus persica; common name: Peach; IUIS Allergen: Pru p 1.0101; Type: Food Plant; Group: Pru av 1 Pru a 1; Allergenicity: IgE plus basophil+ or SPT+; 1st V: 7; curationNote: 
ABB88514.1	ncbi	species: Bombyx mori; common name: Silkworm; IUIS Allergen: Bomb m 1.0101; Type: Aero Insect; Group: Bombyx Bomb m 1; Allergenicity: IgE but no biological test; 1st V: 15; curationNote: 
ABB89296.1	ncbi	species: Blattella germanica; common name: German cockroach; IUIS Allergen: Bla g 6.0101; Type: Aero Insect; Group: Blattella Bla g 6; Allergenicity: IgE but no biological test; 1st V: 8; curationNote: 
ABB89297.1	ncbi	species: Blattella germanica; common name: German cockroach; IUIS Allergen: Bla g 6.0201; Type: Aero Insect; Group: Blattella Bla g 6; Allergenicity: IgE but no biological test; 1st V: 8; curationNote: 
ABB89298.1	ncbi	species: Blattella germanica; common name: German cockroach; IUIS Allergen: Bla g 6.0301; Type: Aero Insect; Group: Blattella Bla g 6; Allergenicity: IgE but no biological test; 1st V: 8; curationNote: 
ABB89950.1	ncbi	species: Penicillium citrinum; common name: Fungus; IUIS Allergen: Pen c 30.0101; Type: Aero Fungi; Group: Penicillium Pen c 30; Allergenicity: IgE but no biological test; 1st V: 7; curationNote: 
ABC02750.1	ncbi	species: Litchi chinensis; common name: Lychee nut; IUIS Allergen: Unassigned; Type: Food Plant; Group: Litchi Lit c 1; Allergenicity: IgE but no biological test; 1st V: 7; curationNote: 
ABC18306.1	ncbi	species: Fagopyrum esculentum; common name: Buckwheat; IUIS Allergen: Fag e 2.0101; Type: Food Plant; Group: Fagopyrum Fag e 2 Fag t 2; Allergenicity: IgE but no biological test; 1st V: 7; curationNote: 
ABC41592.1	ncbi	species: Betula pendula; common name: European white birch; IUIS Allergen: Bet v 1.0207; Type: Aero Plant; Group: Betula Bet v 1; Allergenicity: IgE plus basophil+ or SPT+; 1st V: 8; curationNote: 
ABC41615.1	ncbi	species: Betula pendula; common name: European white birch; IUIS Allergen: Bet v 1.0119; Type: Aero Plant; Group: Betula Bet v 1; Allergenicity: IgE plus basophil+ or SPT+; 1st V: 8; curationNote: 
ABC68516.1	ncbi	species: Blattella germanica; common name: German cockroach; IUIS Allergen: Bla g 11.0101; Type: Aero Insect; Group: Blattella Bla g 11 alpha Amylase; Allergenicity: IgE but no biological test; 1st V: 15; curationNote: 
ABC73068.1	ncbi	species: Vespula maculifrons; common name: Wasp; IUIS Allergen: Unassigned; Type: Venom or Salivary; Group: Vespula antigen 5 Ves f, v, s  5; Allergenicity: IgE plus basophil+ or SPT+; 1st V: 7; curationNote: 
ABC73706.1	ncbi	species: Dermatophagoides pteronyssinus; common name: House dust mite; IUIS Allergen: Der p 21.0101; Type: Aero Mite; Group: Dermatophagoides Der p 21; Allergenicity: IgE plus basophil+ or SPT+; 1st V: 7; curationNote: 
ABC86902.1	ncbi	species: Blattella germanica; common name: German cockroach; IUIS Allergen: Bla g 9.0101; Type: Aero Insect; Group: Blattella arginine kinase Bla g 9; Allergenicity: IgE but no biological test; 1st V: 18; curationNote: 
ABC88428.1	ncbi	species: Cochliobolus lunatus; common name: Fungus; IUIS Allergen: Unassigned; Type: Aero Fungi; Group: Curvularia lunata alcohol dehydrogenase; Allergenicity: IgE but no biological test; 1st V: 17; curationNote: 
ABC96702.1	ncbi	species: Dermatophagoides siboney; common name: House dust mite; IUIS Allergen: Unassigned; Type: Aero Mite; Group: Dermatophagoides Der p 2 / Der f 2; Allergenicity: IgE plus basophil+ or SPT+; 1st V: 7; curationNote: 
ABD39049.1	ncbi	species: Fragaria x ananassa; common name: Strawberry; IUIS Allergen: Fra a 1.0102; Type: Food Plant; Group: Fragaria  Fra a 1; Allergenicity: IgE plus basophil+ or SPT+; 1st V: 7; curationNote: 
ABD51779.1	ncbi	species: Apis mellifera; common name: Honeybee; IUIS Allergen: Unassigned; Type: Venom or Salivary; Group: Apis Api m 6; Allergenicity: IgE but no biological test; 1st V: 10; curationNote: 
ABD79094.1	ncbi	species: Zea mays; common name: Corn; IUIS Allergen: Unassigned; Type: Aero Plant; Group: Zea Zea m 1 isoform; Allergenicity: IgE but no biological test; 1st V: 7; curationNote: 
ABD79095.1	ncbi	species: Zea mays; common name: Corn; IUIS Allergen: Unassigned; Type: Aero Plant; Group: Zea Zea m 1 isoform; Allergenicity: IgE but no biological test; 1st V: 7; curationNote: 
ABD79096.1	ncbi	species: Zea mays; common name: Corn; IUIS Allergen: Unassigned; Type: Aero Plant; Group: Zea group 13 pollen allergen; Allergenicity: IgE but no biological test; 1st V: 7; curationNote: 
ABD79097.1	ncbi	species: Zea mays; common name: Corn; IUIS Allergen: Unassigned; Type: Aero Plant; Group: Zea group 13 pollen allergen; Allergenicity: IgE but no biological test; 1st V: 7; curationNote: 
ABD79098.1	ncbi	species: Zea mays; common name: Corn; IUIS Allergen: Unassigned; Type: Aero Plant; Group: Zea group 13 pollen allergen; Allergenicity: IgE but no biological test; 1st V: 7; curationNote: 
ABF18122.1	ncbi	species: Aedes aegypti; common name: Yellow fever mosquito; IUIS Allergen: Unassigned; Type: Venom or Salivary; Group: Aedes Aed a 3; Allergenicity: IgE plus basophil+ or SPT+; 1st V: 7; curationNote: 
ABF18258.1	ncbi	species: Aedes aegypti; common name: Yellow fever mosquito; IUIS Allergen: Aed a 8.0101; Type: Venom or Salivary; Group: Aedes Aed a 8 HSP70; Allergenicity: IgE but no biological test; 1st V: 17; curationNote: 
ABF21077.1	ncbi	species: Apis mellifera; common name: Honeybee; IUIS Allergen: Unassigned; Type: Venom or Salivary; Group: Apis Api m 10 icarapin; Allergenicity: IgE but no biological test; 1st V: 7; curationNote: 
ABF21078.1	ncbi	species: Apis mellifera; common name: Honeybee; IUIS Allergen: Api m 10.0101; Type: Venom or Salivary; Group: Apis Api m 10 icarapin; Allergenicity: IgE but no biological test; 1st V: 7; curationNote: 
ABF81661.1	ncbi	species: Zea mays; common name: Corn; IUIS Allergen: Unassigned; Type: Aero Plant; Group: Zea Zea m 1 isoform; Allergenicity: IgE but no biological test; 1st V: 8; curationNote: 
ABF81662.1	ncbi	species: Zea mays; common name: Corn; IUIS Allergen: Unassigned; Type: Aero Plant; Group: Zea Zea m 1 isoform; Allergenicity: IgE but no biological test; 1st V: 8; curationNote: 
ABG02262.1	ncbi	species: Vigna radiata; common name: mung bean; IUIS Allergen: Vig r 2.0101; Type: Food Plant; Group: Vigna Vig r 2; Allergenicity: IgE but no biological test; 1st V: 15; curationNote: 
ABG35122.1	ncbi	species: Dermatophagoides farinae; common name: House dust mite; IUIS Allergen: Der f 22.0101; Type: Aero Mite; Group: Dermatophagoides Der f 22; Allergenicity: IgE but no biological test; 1st V: 9; curationNote: 
ABG54494.1	ncbi	species: Rubus idaeus; common name: raspberry; IUIS Allergen: Rub i 3.0101; Type: Food Plant; Group: Rubus Rub i 3; Allergenicity: IgE but no biological test; 1st V: 8; curationNote: 
ABG54495.1	ncbi	species: Rubus idaeus; common name: raspberry; IUIS Allergen: Rub i 1.0101; Type: Food Plant; Group: Rubus Rub i 1; Allergenicity: IgE but no biological test; 1st V: 8; curationNote: 
ABG73108.1	ncbi	species: Pistacia vera; common name: pistachio; IUIS Allergen: Pis v 1.0101; Type: Food Plant; Group: Pistacia Pis v 1 2S albumin; Allergenicity: IgE but no biological test; 1st V: 10; curationNote: 
ABG73109.1	ncbi	species: Pistacia vera; common name: pistachio; IUIS Allergen: Pis v 2.0101; Type: Food Plant; Group: Pistacia 11S globulin; Allergenicity: IgE but no biological test; 1st V: 10; curationNote: 
ABG73110.1	ncbi	species: Pistacia vera; common name: pistachio; IUIS Allergen: Pis v 2.0201; Type: Food Plant; Group: Pistacia 11S globulin; Allergenicity: IgE but no biological test; 1st V: 10; curationNote: 
ABG76185.1	ncbi	species: Blomia tropicalis; common name: Mite; IUIS Allergen: Unassigned; Type: Aero Mite; Group: Blo t 2 type 2 *ver 10; Allergenicity: IgE plus basophil+ or SPT+; 1st V: 9; curationNote: 
ABG76186.1	ncbi	species: Blomia tropicalis; common name: Mite; IUIS Allergen: Unassigned; Type: Aero Mite; Group: Blo t 2 type 2 *ver 10; Allergenicity: IgE plus basophil+ or SPT+; 1st V: 9; curationNote: 
ABG76187.1	ncbi	species: Blomia tropicalis; common name: Mite; IUIS Allergen: Unassigned; Type: Aero Mite; Group: Blo t 2 type 2 *ver 10; Allergenicity: IgE plus basophil+ or SPT+; 1st V: 9; curationNote: 
ABG76189.1	ncbi	species: Blomia tropicalis; common name: Mite; IUIS Allergen: Unassigned; Type: Aero Mite; Group: Blo t 2 type 2 *ver 10; Allergenicity: IgE plus basophil+ or SPT+; 1st V: 9; curationNote: 
ABG76190.1	ncbi	species: Blomia tropicalis; common name: Mite; IUIS Allergen: Unassigned; Type: Aero Mite; Group: Blo t 2 type 2 *ver 10; Allergenicity: IgE plus basophil+ or SPT+; 1st V: 9; curationNote: 
ABG76191.1	ncbi	species: Blomia tropicalis; common name: Mite; IUIS Allergen: Unassigned; Type: Aero Mite; Group: Blo t 2 type 2 *ver 10; Allergenicity: IgE plus basophil+ or SPT+; 1st V: 9; curationNote: 
ABG76192.1	ncbi	species: Blomia tropicalis; common name: Mite; IUIS Allergen: Unassigned; Type: Aero Mite; Group: Blo t 2 type 2 *ver 10; Allergenicity: IgE plus basophil+ or SPT+; 1st V: 9; curationNote: 
ABG76193.1	ncbi	species: Blomia tropicalis; common name: Mite; IUIS Allergen: Unassigned; Type: Aero Mite; Group: Blo t 2 type 2 *ver 10; Allergenicity: IgE plus basophil+ or SPT+; 1st V: 9; curationNote: 
ABG76196.1	ncbi	species: Dermatophagoides pteronyssinus; common name: House dust mite; IUIS Allergen: Unassigned; Type: Aero Mite; Group: Dermatophagoides Der p 2 / Der f 2; Allergenicity: IgE plus basophil+ or SPT+; 1st V: 9; curationNote: 
ABG81289.1	ncbi	species: Phleum pratense; common name: Common timothy; IUIS Allergen: Unassigned; Type: Aero Plant; Group: Phleum Phl p 12; Allergenicity: IgE but no biological test; 1st V: 8; curationNote: 
ABG81290.1	ncbi	species: Phleum pratense; common name: Common timothy; IUIS Allergen: Unassigned; Type: Aero Plant; Group: Phleum Phl p 12; Allergenicity: IgE but no biological test; 1st V: 8; curationNote: 
ABG81291.1	ncbi	species: Phleum pratense; common name: Common timothy; IUIS Allergen: Unassigned; Type: Aero Plant; Group: Phleum Phl p 12; Allergenicity: IgE but no biological test; 1st V: 8; curationNote: 
ABG81292.1	ncbi	species: Phleum pratense; common name: Common timothy; IUIS Allergen: Unassigned; Type: Aero Plant; Group: Phleum Phl p 12; Allergenicity: IgE but no biological test; 1st V: 8; curationNote: 
ABG81293.1	ncbi	species: Phleum pratense; common name: Common timothy; IUIS Allergen: ; Type: Aero Plant; Group: Phleum Phl p 12; Allergenicity: IgE but no biological test; 1st V: 8; curationNote: 
ABG81294.1	ncbi	species: Phleum pratense; common name: Common timothy; IUIS Allergen: Unassigned; Type: Aero Plant; Group: Phleum Phl p 12; Allergenicity: IgE but no biological test; 1st V: 8; curationNote: 
ABG81295.1	ncbi	species: Phleum pratense; common name: Common timothy; IUIS Allergen: Unassigned; Type: Aero Plant; Group: Phleum Phl p 12; Allergenicity: IgE but no biological test; 1st V: 8; curationNote: 
ABG81312.1	ncbi	species: Zea mays; common name: Corn; IUIS Allergen: Unassigned; Type: Food Plant; Group: Zea Zea m 12 profilin; Allergenicity: IgE but no biological test; 1st V: 8; curationNote: 
ABG81313.1	ncbi	species: Zea mays; common name: Corn; IUIS Allergen: Unassigned; Type: Food Plant; Group: Zea Zea m 12 profilin; Allergenicity: IgE but no biological test; 1st V: 8; curationNote: 
ABG81314.1	ncbi	species: Zea mays; common name: Corn; IUIS Allergen: Unassigned; Type: Food Plant; Group: Zea Zea m 12 profilin; Allergenicity: IgE but no biological test; 1st V: 8; curationNote: 
ABG81315.1	ncbi	species: Zea mays; common name: Corn; IUIS Allergen: Unassigned; Type: Food Plant; Group: Zea Zea m 12 profilin; Allergenicity: IgE but no biological test; 1st V: 8; curationNote: 
ABG81316.1	ncbi	species: Zea mays; common name: Corn; IUIS Allergen: Unassigned; Type: Food Plant; Group: Zea Zea m 12 profilin; Allergenicity: IgE but no biological test; 1st V: 8; curationNote: 
ABG81317.1	ncbi	species: Zea mays; common name: Corn; IUIS Allergen: Unassigned; Type: Food Plant; Group: Zea Zea m 12 profilin; Allergenicity: IgE but no biological test; 1st V: 8; curationNote: 
ABG81318.1	ncbi	species: Zea mays; common name: Corn; IUIS Allergen: Unassigned; Type: Food Plant; Group: Zea Zea m 12 profilin; Allergenicity: IgE but no biological test; 1st V: 8; curationNote: 
ABG85155.1	ncbi	species: Arachis hypogaea; common name: Peanut; IUIS Allergen: Unassigned; Type: Food Plant; Group: Arachis Ara h 8; Allergenicity: IgE plus basophil+ or SPT+; 1st V: 12; curationNote: 
ABH06346.1	ncbi	species: Blomia tropicalis; common name: Mite; IUIS Allergen: Unassigned; Type: Aero Mite; Group: Blomia Blo t 21; Allergenicity: IgE plus basophil+ or SPT+; 1st V: 8; curationNote: 
ABH06347.1	ncbi	species: Blomia tropicalis; common name: Mite; IUIS Allergen: Unassigned; Type: Aero Mite; Group: Blomia Blo t 21; Allergenicity: IgE plus basophil+ or SPT+; 1st V: 8; curationNote: 
ABH06348.1	ncbi	species: Blomia tropicalis; common name: Mite; IUIS Allergen: Unassigned; Type: Aero Mite; Group: Blomia Blo t 21; Allergenicity: IgE plus basophil+ or SPT+; 1st V: 8; curationNote: 
ABH06350.1	ncbi	species: Blomia tropicalis; common name: Mite; IUIS Allergen: Unassigned; Type: Aero Mite; Group: Blomia Blo t 21; Allergenicity: IgE plus basophil+ or SPT+; 1st V: 8; curationNote: 
ABH06352.1	ncbi	species: Blomia tropicalis; common name: Mite; IUIS Allergen: Unassigned; Type: Aero Mite; Group: Blomia Blo t 5; Allergenicity: IgE plus basophil+ or SPT+; 1st V: 9; curationNote: 
ABH06359.1	ncbi	species: Blomia tropicalis; common name: Mite; IUIS Allergen: Unassigned; Type: Aero Mite; Group: Blomia Blo t 5; Allergenicity: IgE plus basophil+ or SPT+; 1st V: 9; curationNote: 
ABI17154.1	ncbi	species: Arachis hypogaea; common name: Peanut; IUIS Allergen: Unassigned; Type: Food Plant; Group: Arachis Ara h 3 Glycinin; Allergenicity: IgE plus basophil+ or SPT+; 1st V: 8; curationNote: 
ABI26088.1	ncbi	species: Alternaria alternata; common name: Fungus; IUIS Allergen: Unassigned; Type: Aero Fungi; Group: Alternaria TCTP IgE binding; Allergenicity: IgE but no biological test; 1st V: 11; curationNote: 
ABI32184.1	ncbi	species: Fagopyrum tataricum; common name: Buckwheat; IUIS Allergen: Unassigned; Type: Food Plant; Group: Fagopyrum Legumin-like protein; Allergenicity: IgE but no biological test; 1st V: 9; curationNote: 
ABI98020.1	ncbi	species: Litopenaeus vannamei; common name: Whiteleg Shrimp; IUIS Allergen: Lit v 2.0101; Type: Food Animal; Group: Litopenaeus Lit v 2; Allergenicity: IgE but no biological test; 1st V: 8; curationNote: 
ABK78766.1	ncbi	species: Cupressus arizonica; common name: Arizona Cypress; IUIS Allergen: Unassigned; Type: Aero Plant; Group: Cupressus Cup a 1/Cup s 1; Allergenicity: IgE plus basophil+ or SPT+; 1st V: 8; curationNote: 
ABL09307.1	ncbi	species: Acarus siro; common name: Mite; IUIS Allergen: Aca s 13; Type: Aero Mite; Group: Acarus Aca s 13; Allergenicity: IgE but no biological test; 1st V: 9; curationNote: 
ABL09312.1	ncbi	species: Acarus siro; common name: Mite; IUIS Allergen: Unassigned; Type: Aero Insect; Group: Acarus siro Group 4 allergen; Allergenicity: IgE but no biological test; 1st V: 9; curationNote: 
ABL77410.1	ncbi	species: Anisakis simplex; common name: Parasitic fish worm; IUIS Allergen: Ani s 7.0101; Type: Food Animal; Group: Anisakis Ani s 7 UA3-recognized allergen; Allergenicity: IgE but no biological test; 1st V: 9; curationNote: 
ABL84749.1	ncbi	species: Dermatophagoides farinae; common name: House dust mite; IUIS Allergen: Der f 1.0108; Type: Aero Mite; Group: Dermatophagoides Der p 1 Der f 1 Der m 1; Allergenicity: IgE plus basophil+ or SPT+; 1st V: 15; curationNote: 
ABL84750.1	ncbi	species: Dermatophagoides farinae; common name: House dust mite; IUIS Allergen: Der f 1.0109; Type: Aero Mite; Group: Dermatophagoides Der p 1 Der f 1 Der m 1; Allergenicity: IgE plus basophil+ or SPT+; 1st V: 15; curationNote: 
ABL84751.1	ncbi	species: Dermatophagoides farinae; common name: House dust mite; IUIS Allergen: Der f 1.0110; Type: Aero Mite; Group: Dermatophagoides Der p 1 Der f 1 Der m 1; Allergenicity: IgE plus basophil+ or SPT+; 1st V: 15; curationNote: 
ABL89183.1	ncbi	species: Portunus sanguinolentus; common name: Crab; IUIS Allergen: Unassigned; Type: Food Animal; Group: Portunus Por s and t tropomyosin; Allergenicity: IgE but no biological test; 1st V: 8; curationNote: 
ABM53030.1	ncbi	species: Caryota mitis; common name: Fishtail Palm; IUIS Allergen: Unassigned; Type: Aero Plant; Group: Caryota profilin; Allergenicity: IgE but no biological test; 1st V: 8; curationNote: 
ABM53750.1	ncbi	species: Tyrophagus putrescentiae; common name: Dust mite; IUIS Allergen: Unassigned; Type: Aero Mite; Group: Tyr p 7; Allergenicity: IgE but no biological test; 1st V: 9; curationNote: 
ABM53751.1	ncbi	species: Tyrophagus putrescentiae; common name: Dust mite; IUIS Allergen: Unassigned; Type: Aero Mite; Group: Tyrophagus Tyr p 13; Allergenicity: IgE but no biological test; 1st V: 9; curationNote: 
ABM53753.1	ncbi	species: Tyrophagus putrescentiae; common name: Dust mite; IUIS Allergen: Unassigned; Type: Aero Mite; Group: Tyr p 1; Allergenicity: IgE but no biological test; 1st V: 9; curationNote: 
ABM53755.1	ncbi	species: Tyrophagus putrescentiae; common name: Dust mite; IUIS Allergen: Unassigned; Type: Aero Mite; Group: Tyr p 7; Allergenicity: IgE but no biological test; 1st V: 9; curationNote: 
ABM60783.1	ncbi	species: Penicillium citrinum; common name: Fungus; IUIS Allergen: Pen c 32.0101; Type: Aero Fungi; Group: Penicillium Pen c 32; Allergenicity: IgE but no biological test; 1st V: 8; curationNote: 
ABN03965.1	ncbi	species: Hevea brasiliensis; common name: Para rubber tree; IUIS Allergen: Unassigned; Type: Contact; Group: Hevea Hev b 2; Allergenicity: IgE plus basophil+ or SPT+; 1st V: 8; curationNote: 
ABN03966.1	ncbi	species: Hevea brasiliensis; common name: Para rubber tree; IUIS Allergen: Unassigned; Type: Contact; Group: Hevea Hev b 2; Allergenicity: IgE plus basophil+ or SPT+; 1st V: 8; curationNote: 
ABN09653.1	ncbi	species: Hevea brasiliensis; common name: Para rubber tree; IUIS Allergen: Unassigned; Type: Contact; Group: Hevea Hev b 2; Allergenicity: IgE plus basophil+ or SPT+; 1st V: 8; curationNote: 
ABN09654.1	ncbi	species: Hevea brasiliensis; common name: Para rubber tree; IUIS Allergen: Unassigned; Type: Contact; Group: Hevea Hev b 2; Allergenicity: IgE plus basophil+ or SPT+; 1st V: 8; curationNote: 
ABN09655.1	ncbi	species: Hevea brasiliensis; common name: Para rubber tree; IUIS Allergen: Unassigned; Type: Contact; Group: Hevea Hev b 2; Allergenicity: IgE plus basophil+ or SPT+; 1st V: 8; curationNote: 
ABN14313.1	ncbi	species: Dermatophagoides farinae; common name: House dust mite; IUIS Allergen: Der f 2.0116; Type: Aero Mite; Group: Dermatophagoides Der p 2 / Der f 2; Allergenicity: IgE plus basophil+ or SPT+; 1st V: 15; curationNote: 
ABO36677.1	ncbi	species: Pistacia vera; common name: pistachio; IUIS Allergen: Pis v 3.0101; Type: Food Plant; Group: Pistacia Pis v 3 vicilin; Allergenicity: IgE but no biological test; 1st V: 10; curationNote: 
ABO71783.1	ncbi	species: Eriocheir sinensis; common name: Chinese mitten crab; IUIS Allergen: Unassigned; Type: Food Animal; Group: Eriocheir tropomyosin; Allergenicity: IgE but no biological test; 1st V: 8; curationNote: 
ABO84963.1	ncbi	species: Dermatophagoides farinae; common name: House dust mite; IUIS Allergen: Unassigned; Type: Aero Mite; Group: Der f 21; Allergenicity: IgE but no biological test; 1st V: 9; curationNote: 
ABO84964.1	ncbi	species: Dermatophagoides farinae; common name: House dust mite; IUIS Allergen: Unassigned; Type: Aero Mite; Group: Der f 21; Allergenicity: IgE but no biological test; 1st V: 9; curationNote: 
ABO84966.1	ncbi	species: Dermatophagoides farinae; common name: House dust mite; IUIS Allergen: Unassigned; Type: Aero Mite; Group: Der f 21; Allergenicity: IgE but no biological test; 1st V: 9; curationNote: 
ABO84967.1	ncbi	species: Dermatophagoides farinae; common name: House dust mite; IUIS Allergen: Unassigned; Type: Aero Mite; Group: Der f 21; Allergenicity: IgE but no biological test; 1st V: 9; curationNote: 
ABO84968.1	ncbi	species: Dermatophagoides farinae; common name: House dust mite; IUIS Allergen: Unassigned; Type: Aero Mite; Group: Der f 21; Allergenicity: IgE but no biological test; 1st V: 9; curationNote: 
ABO84969.1	ncbi	species: Dermatophagoides farinae; common name: House dust mite; IUIS Allergen: Unassigned; Type: Aero Mite; Group: Der f 21; Allergenicity: IgE but no biological test; 1st V: 9; curationNote: 
ABO84970.1	ncbi	species: Dermatophagoides farinae; common name: House dust mite; IUIS Allergen: Unassigned; Type: Aero Mite; Group: Dermatophagoides Der f 5-like; Allergenicity: IgE but no biological test; 1st V: 9; curationNote: 
ABO84971.1	ncbi	species: Dermatophagoides farinae; common name: House dust mite; IUIS Allergen: Unassigned; Type: Aero Mite; Group: Dermatophagoides Der f 5-like; Allergenicity: IgE but no biological test; 1st V: 9; curationNote: 
ABO84972.1	ncbi	species: Dermatophagoides farinae; common name: House dust mite; IUIS Allergen: Unassigned; Type: Aero Mite; Group: Dermatophagoides Der f 5-like; Allergenicity: IgE but no biological test; 1st V: 9; curationNote: 
ABO84973.1	ncbi	species: Dermatophagoides farinae; common name: House dust mite; IUIS Allergen: Unassigned; Type: Aero Mite; Group: Dermatophagoides Der f 5-like; Allergenicity: IgE but no biological test; 1st V: 9; curationNote: 
ABO93594.1	ncbi	species: Fagopyrum tataricum; common name: Buckwheat; IUIS Allergen: Unassigned; Type: Food Plant; Group: Fagopyrum BW 8 kDa protein; Allergenicity: IgE but no biological test; 1st V: 8; curationNote: 
ABP04043.1	ncbi	species: Blattella germanica; common name: German cockroach; IUIS Allergen: Unassigned; Type: Aero Insect; Group: Blattella Bla g 4; Allergenicity: IgE plus basophil+ or SPT+; 1st V: 9; curationNote: 
ABP04044.1	ncbi	species: Blattella germanica; common name: German cockroach; IUIS Allergen: Unassigned; Type: Aero Insect; Group: Blattella Bla g 5; Allergenicity: IgE plus basophil+ or SPT+; 1st V: 9; curationNote: 
ABP35603.1	ncbi	species: Blattella germanica; common name: German cockroach; IUIS Allergen: Unassigned; Type: Aero Insect; Group: Blattella Bla g 2; Allergenicity: IgE plus basophil+ or SPT+; 1st V: 9; curationNote: 
ABP58627.1	ncbi	species: Olea europaea; common name: Olive tree; IUIS Allergen: Unassigned; Type: Aero Plant; Group: Olea Ole e 5; Allergenicity: IgE but no biological test; 1st V: 9; curationNote: 
ABP58632.1	ncbi	species: Olea europaea; common name: Olive tree; IUIS Allergen: Unassigned; Type: Aero Plant; Group: Olea Ole e 1; Allergenicity: IgE plus basophil+ or SPT+; 1st V: 9; curationNote: 
ABP58633.1	ncbi	species: Olea europaea; common name: Olive tree; IUIS Allergen: Unassigned; Type: Aero Plant; Group: Olea Ole e 1; Allergenicity: IgE plus basophil+ or SPT+; 1st V: 9; curationNote: 
ABP58635.1	ncbi	species: Olea europaea; common name: Olive tree; IUIS Allergen: Unassigned; Type: Aero Plant; Group: Olea Ole e 1; Allergenicity: IgE plus basophil+ or SPT+; 1st V: 9; curationNote: 
ABP58636.1	ncbi	species: Olea europaea; common name: Olive tree; IUIS Allergen: Unassigned; Type: Aero Plant; Group: Olea Ole e 1; Allergenicity: IgE plus basophil+ or SPT+; 1st V: 9; curationNote: 
ABP58637.1	ncbi	species: Olea europaea; common name: Olive tree; IUIS Allergen: Unassigned; Type: Aero Plant; Group: Olea Ole e 1; Allergenicity: IgE plus basophil+ or SPT+; 1st V: 9; curationNote: 
ABP97433.1	ncbi	species: Arachis hypogaea; common name: Peanut; IUIS Allergen: Ara h 8.0201; Type: Food Plant; Group: Arachis Ara h 8; Allergenicity: IgE plus basophil+ or SPT+; 1st V: 9; curationNote: 
ABQ10638.1	ncbi	species: Fagopyrum esculentum; common name: Buckwheat; IUIS Allergen: Fag e 3.0101; Type: Food Plant; Group: Fagopyrum vicilin-like Fag e 3; Allergenicity: IgE but no biological test; 1st V: 9; curationNote: 
ABQ42566.1	ncbi	species: Actinidia deliciosa; common name: Kiwi; IUIS Allergen: Unassigned; Type: Food Plant; Group: Actinidia Act d 2 thaumatin like protein; Allergenicity: IgE plus basophil+ or SPT+; 1st V: 9; curationNote: 
ABQ59255.1	ncbi	species: Ulocladium sp. CID68; common name: ; IUIS Allergen: Unassigned; Type: Aero Fungi; Group: Ulocladium alt a1-like; Allergenicity: IgE but no biological test; 1st V: 9; curationNote: 
ABQ59258.1	ncbi	species: Ulocladium sp. CID598; common name: ; IUIS Allergen: Unassigned; Type: Aero Fungi; Group: Ulocladium alt a1-like; Allergenicity: IgE but no biological test; 1st V: 9; curationNote: 
ABQ59259.1	ncbi	species: Ulocladium sp. CID262; common name: ; IUIS Allergen: Unassigned; Type: Aero Fungi; Group: Ulocladium alt a1-like; Allergenicity: IgE but no biological test; 1st V: 9; curationNote: 
ABQ59329.1	ncbi	species: Cladosporium cladosporioides; common name: Fungus; IUIS Allergen: Cla c 9.0101; Type: Aero Fungi; Group: Cladosporium Cla c 9 Davidiella; Allergenicity: IgE but no biological test; 1st V: 11; curationNote: 
ABQ96644.1	ncbi	species: Tyrophagus putrescentiae; common name: Dust mite; IUIS Allergen: Unassigned; Type: Aero Mite; Group: Tyrophagus Tyr p 10 tropomyosin; Allergenicity: IgE but no biological test; 1st V: 9; curationNote: 
ABR21771.1	ncbi	species: Lupinus angustifolius; common name: blue lupin; IUIS Allergen: Unassigned; Type: Food Plant; Group: Lupinus Lup an 1 conglutin beta; Allergenicity: IgE but no biological test; 1st V: 9; curationNote: 
ABR21772.1	ncbi	species: Lupinus angustifolius; common name: blue lupin; IUIS Allergen: Unassigned; Type: Food Plant; Group: Lupinus Lup an 1 conglutin beta; Allergenicity: IgE but no biological test; 1st V: 9; curationNote: 
ABR29644.1	ncbi	species: Pistacia vera; common name: pistachio; IUIS Allergen: Pis v 4.0101; Type: Food Plant; Group: Pistacia Pis v 4; Allergenicity: IgE but no biological test; 1st V: 9; curationNote: 
ABS12233.1	ncbi	species: Scylla serrata; common name: giant mud crab; IUIS Allergen: Unassigned; Type: Food Animal; Group: Scylla sp. (mud crab) tropomyosin; Allergenicity: IgE but no biological test; 1st V: 9; curationNote: 
ABS12234.1	ncbi	species: Portunus trituberculatus; common name: Crab; IUIS Allergen: Unassigned; Type: Food Animal; Group: Portunus Por s and t tropomyosin; Allergenicity: IgE but no biological test; 1st V: 9; curationNote: 
ABS29033.1	ncbi	species: Stemphylium sp. CID1012; common name: Fungus; IUIS Allergen: Unassigned; Type: Aero Fungi; Group: Stemphylium major allergen alt a1-like; Allergenicity: IgE but no biological test; 1st V: 9; curationNote: 
ABS58503.1	ncbi	species: Triticum aestivum; common name: Wheat; IUIS Allergen: Unassigned; Type: Aero Plant; Group: Triticum Tri a 39  serine proteinase inhibitor-lik; Allergenicity: IgE but no biological test; 1st V: 10; curationNote: 
ABU42022.1	ncbi	species: Pistacia vera; common name: pistachio; IUIS Allergen: Unassigned; Type: Food Plant; Group: Pistacia 11S globulin; Allergenicity: IgE but no biological test; 1st V: 9; curationNote: 
ABU49605.1	ncbi	species: Dermatophagoides farinae; common name: House dust mite; IUIS Allergen: Unassigned; Type: Aero Mite; Group: Dermatophagoides Der p 1 Der f 1 Der m 1; Allergenicity: IgE plus basophil+ or SPT+; 1st V: 9; curationNote: 
ABU53681.1	ncbi	species: Sinonovacula constricta; common name: Chinese razor clam; IUIS Allergen: Unassigned; Type: Food Animal; Group: Sinonovacula tropomyosin [Song paper]; Allergenicity: IgE but no biological test; 1st V: 15; curationNote: 
ABU95411.1	ncbi	species: Sinapis alba; common name: White mustard; IUIS Allergen: Sin a 3.0101; Type: Food Plant; Group: Sinapis Sin a 3.01 LTP; Allergenicity: IgE but no biological test; 1st V: 12; curationNote: 
ABU95412.1	ncbi	species: Sinapis alba; common name: White mustard; IUIS Allergen: Sin a 4.0101; Type: Food Plant; Group: Sinapis Sin a 4.01 profilin; Allergenicity: IgE but no biological test; 1st V: 12; curationNote: 
ABU97466.1	ncbi	species: Blomia tropicalis; common name: Mite; IUIS Allergen: Blo t 10.0101; Type: Aero Mite; Group: Blomia Blo t 10; Allergenicity: IgE plus basophil+ or SPT+; 1st V: 9; curationNote: 
ABU97470.1	ncbi	species: Dermatophagoides farinae; common name: House dust mite; IUIS Allergen: Der f 20.0201; Type: Aero Mite; Group: Dermatophagoides Der f 20 / Der p 20; Allergenicity: IgE but no biological test; 1st V: 9; curationNote: 
ABU97472.1	ncbi	species: Glycine max; common name: Soybean; IUIS Allergen: Unassigned; Type: Food Plant; Group: Glycine Gly m 3; Allergenicity: IgE but no biological test; 1st V: 9; curationNote: 
ABU97479.1	ncbi	species: Tyrophagus putrescentiae; common name: Dust mite; IUIS Allergen: Unassigned; Type: Aero Mite; Group: Tyrophagus Tyr p 10 tropomyosin; Allergenicity: IgE but no biological test; 1st V: 9; curationNote: 
ABU97480.1	ncbi	species: Tyrophagus putrescentiae; common name: Dust mite; IUIS Allergen: Unassigned; Type: Aero Mite; Group: Tyrophagus Tyr p 13; Allergenicity: IgE but no biological test; 1st V: 9; curationNote: 
ABV49590.1	ncbi	species: Carya illinoinensis; common name: Pecan; IUIS Allergen: Car i 2.0101; Type: Food Plant; Group: Carya i Car i 2.0101 vicilin; Allergenicity: IgE but no biological test; 1st V: 15; curationNote: 
ABV55106.1	ncbi	species: Anisakis simplex; common name: Parasitic fish worm; IUIS Allergen: Ani s 9.0101; Type: Food Animal; Group: Anisakis Ani s 9; Allergenicity: IgE but no biological test; 1st V: 9; curationNote: 
ABV66255.1	ncbi	species: Dermatophagoides pteronyssinus; common name: House dust mite; IUIS Allergen: Unassigned; Type: Aero Mite; Group: Dermatophagoides Der p 1 Der f 1 Der m 1; Allergenicity: IgE plus basophil+ or SPT+; 1st V: 9; curationNote: 
ABW17159.1	ncbi	species: Arachis hypogaea; common name: Peanut; IUIS Allergen: Ara h 7.0201; Type: Food Plant; Group: Arachis Ara h 7; Allergenicity: IgE but no biological test; 1st V: 10; curationNote: 
ABW23574.1	ncbi	species: Vigna radiata; common name: mung bean; IUIS Allergen: Vig r 2.0201; Type: Food Plant; Group: Vigna Vig r 2; Allergenicity: IgE but no biological test; 1st V: 15; curationNote: 
ABW34946.1	ncbi	species: Hevea brasiliensis; common name: Para rubber tree; IUIS Allergen: Unassigned; Type: Contact; Group: Hevea Hev b 6; Allergenicity: IgE plus basophil+ or SPT+; 1st V: 9; curationNote: 
ABW86978.1	ncbi	species: Carya illinoinensis; common name: Pecan; IUIS Allergen: Car i 4.0101; Type: Food Plant; Group: Carya Car i 4 11s legumin; Allergenicity: IgE but no biological test; 1st V: 14; curationNote: 
ABW86979.1	ncbi	species: Carya illinoinensis; common name: Pecan; IUIS Allergen: Unassigned; Type: Food Plant; Group: Carya Car i 4 11s legumin; Allergenicity: IgE but no biological test; 1st V: 14; curationNote: 
ABW98943.1	ncbi	species: Bos taurus; common name: Bovine; IUIS Allergen: Unassigned; Type: Food Animal; Group: Bos Alpha-s1 casein; Allergenicity: IgE plus basophil+ or SPT+; 1st V: 9; curationNote: 
ABW98945.1	ncbi	species: Bos taurus; common name: Bovine; IUIS Allergen: Unassigned; Type: Food Animal; Group: Bos Alpha-s1 casein; Allergenicity: IgE plus basophil+ or SPT+; 1st V: 9; curationNote: 
ABW98953.1	ncbi	species: Bos taurus; common name: Bovine; IUIS Allergen: Unassigned; Type: Food Animal; Group: Bos Alpha-s1 casein; Allergenicity: IgE plus basophil+ or SPT+; 1st V: 9; curationNote: 
ABX26131.1	ncbi	species: Olea europaea; common name: Olive tree; IUIS Allergen: Unassigned; Type: Aero Plant; Group: Olea Ole e 5; Allergenicity: IgE but no biological test; 1st V: 9; curationNote: 
ABX26132.1	ncbi	species: Olea europaea; common name: Olive tree; IUIS Allergen: Unassigned; Type: Aero Plant; Group: Olea Ole e 5; Allergenicity: IgE but no biological test; 1st V: 9; curationNote: 
ABX26134.1	ncbi	species: Olea europaea; common name: Olive tree; IUIS Allergen: Unassigned; Type: Aero Plant; Group: Olea Ole e 5; Allergenicity: IgE but no biological test; 1st V: 9; curationNote: 
ABX26138.1	ncbi	species: Olea europaea; common name: Olive tree; IUIS Allergen: Unassigned; Type: Aero Plant; Group: Olea Ole e 5; Allergenicity: IgE but no biological test; 1st V: 9; curationNote: 
ABX26139.1	ncbi	species: Olea europaea; common name: Olive tree; IUIS Allergen: Unassigned; Type: Aero Plant; Group: Olea Ole e 5; Allergenicity: IgE but no biological test; 1st V: 9; curationNote: 
ABX26140.1	ncbi	species: Olea europaea; common name: Olive tree; IUIS Allergen: Unassigned; Type: Aero Plant; Group: Olea Ole e 5; Allergenicity: IgE but no biological test; 1st V: 9; curationNote: 
ABX26141.1	ncbi	species: Olea europaea; common name: Olive tree; IUIS Allergen: Unassigned; Type: Aero Plant; Group: Olea Ole e 5; Allergenicity: IgE but no biological test; 1st V: 9; curationNote: 
ABX26143.1	ncbi	species: Olea europaea; common name: Olive tree; IUIS Allergen: Unassigned; Type: Aero Plant; Group: Olea Ole e 5; Allergenicity: IgE but no biological test; 1st V: 9; curationNote: 
ABX26145.1	ncbi	species: Olea europaea; common name: Olive tree; IUIS Allergen: Unassigned; Type: Aero Plant; Group: Olea Ole e 5; Allergenicity: IgE but no biological test; 1st V: 9; curationNote: 
ABX26147.1	ncbi	species: Olea europaea; common name: Olive tree; IUIS Allergen: Unassigned; Type: Aero Plant; Group: Olea Ole e 5; Allergenicity: IgE but no biological test; 1st V: 9; curationNote: 
ABX54842.1	ncbi	species: Olea europaea; common name: Olive tree; IUIS Allergen: Unassigned; Type: Aero Plant; Group: Olea Ole e 5; Allergenicity: IgE but no biological test; 1st V: 9; curationNote: 
ABX54844.1	ncbi	species: Olea europaea; common name: Olive tree; IUIS Allergen: Unassigned; Type: Aero Plant; Group: Olea Ole e 5; Allergenicity: IgE but no biological test; 1st V: 9; curationNote: 
ABX54849.1	ncbi	species: Olea europaea; common name: Olive tree; IUIS Allergen: Unassigned; Type: Aero Plant; Group: Olea Ole e 5; Allergenicity: IgE but no biological test; 1st V: 9; curationNote: 
ABX54855.1	ncbi	species: Olea europaea; common name: Olive tree; IUIS Allergen: Unassigned; Type: Aero Plant; Group: Olea Ole e 5; Allergenicity: IgE but no biological test; 1st V: 9; curationNote: 
ABX54859.1	ncbi	species: Olea europaea; common name: Olive tree; IUIS Allergen: Unassigned; Type: Aero Plant; Group: Olea Ole e 5; Allergenicity: IgE but no biological test; 1st V: 9; curationNote: 
ABX54862.1	ncbi	species: Olea europaea; common name: Olive tree; IUIS Allergen: Unassigned; Type: Aero Plant; Group: Olea Ole e 5; Allergenicity: IgE but no biological test; 1st V: 9; curationNote: 
ABX54864.1	ncbi	species: Olea europaea; common name: Olive tree; IUIS Allergen: Unassigned; Type: Aero Plant; Group: Olea Ole e 5; Allergenicity: IgE but no biological test; 1st V: 9; curationNote: 
ABX54866.1	ncbi	species: Olea europaea; common name: Olive tree; IUIS Allergen: Unassigned; Type: Aero Plant; Group: Olea Ole e 5; Allergenicity: IgE but no biological test; 1st V: 9; curationNote: 
ABX54869.1	ncbi	species: Olea europaea; common name: Olive tree; IUIS Allergen: Unassigned; Type: Aero Plant; Group: Olea Ole e 5; Allergenicity: IgE but no biological test; 1st V: 9; curationNote: 
ABX54876.1	ncbi	species: Olea europaea; common name: Olive tree; IUIS Allergen: Unassigned; Type: Aero Plant; Group: Olea Ole e 5; Allergenicity: IgE but no biological test; 1st V: 9; curationNote: 
ABX54877.1	ncbi	species: Olea europaea; common name: Olive tree; IUIS Allergen: Unassigned; Type: Aero Plant; Group: Olea Ole e 5; Allergenicity: IgE but no biological test; 1st V: 9; curationNote: 
ABX56711.1	ncbi	species: Arachis hypogaea; common name: Peanut; IUIS Allergen: Ara h 9.0101; Type: Food Plant; Group: Arachis Ara h 9  LTP isoallergens; Allergenicity: IgE but no biological test; 1st V: 10; curationNote: 
ABX57814.1	ncbi	species: Blattella germanica; common name: German cockroach; IUIS Allergen: Unassigned; Type: Aero Insect; Group: Blattella delta GST; Allergenicity: IgE but no biological test; 1st V: 11; curationNote: 
ABX75045.1	ncbi	species: Arachis hypogaea; common name: Peanut; IUIS Allergen: Ara h 9.0201; Type: Food Plant; Group: Arachis Ara h 9  LTP isoallergens; Allergenicity: IgE but no biological test; 1st V: 10; curationNote: 
ABY21305.1	ncbi	species: Platanus orientalis; common name: oriental plane; IUIS Allergen: Pla or 1.0101; Type: Aero Plant; Group: Platanus Pla or 1; Allergenicity: IgE but no biological test; 1st V: 9; curationNote: 
ABY21306.1	ncbi	species: Platanus orientalis; common name: oriental plane; IUIS Allergen: Pla or 2.0101; Type: Aero Plant; Group: Platanus Pla or 2; Allergenicity: IgE but no biological test; 1st V: 9; curationNote: 
ABY28115.1	ncbi	species: Dermatophagoides farinae; common name: House dust mite; IUIS Allergen: Unassigned; Type: Aero Mite; Group: Dermatophagoides Der p 3 / Der f 3; Allergenicity: IgE but no biological test; 1st V: 9; curationNote: 
ABY53034.1	ncbi	species: Dermatophagoides pteronyssinus; common name: House dust mite; IUIS Allergen: Unassigned; Type: Aero Mite; Group: Dermatophagoides Der p 2 / Der f 2; Allergenicity: IgE plus basophil+ or SPT+; 1st V: 9; curationNote: 
ABZ81040.1	ncbi	species: Carpinus betulus; common name: Hornbeam; IUIS Allergen: Car b 1.0109; Type: Aero Plant; Group: Carpinus Car b 1; Allergenicity: IgE plus basophil+ or SPT+; 1st V: 10; curationNote: 
ABZ81041.1	ncbi	species: Carpinus betulus; common name: Hornbeam; IUIS Allergen: Car b 1.0110; Type: Aero Plant; Group: Carpinus Car b 1; Allergenicity: IgE plus basophil+ or SPT+; 1st V: 10; curationNote: 
ABZ81042.1	ncbi	species: Carpinus betulus; common name: Hornbeam; IUIS Allergen: Car b 1.0111; Type: Aero Plant; Group: Carpinus Car b 1; Allergenicity: IgE plus basophil+ or SPT+; 1st V: 10; curationNote: 
ABZ81043.1	ncbi	species: Carpinus betulus; common name: Hornbeam; IUIS Allergen: Car b 1.0112; Type: Aero Plant; Group: Carpinus Car b 1; Allergenicity: IgE plus basophil+ or SPT+; 1st V: 10; curationNote: 
ABZ81044.1	ncbi	species: Carpinus betulus; common name: Hornbeam; IUIS Allergen: Car b 1.0113; Type: Aero Plant; Group: Carpinus Car b 1; Allergenicity: IgE plus basophil+ or SPT+; 1st V: 10; curationNote: 
ABZ81045.1	ncbi	species: Quercus alba; common name: Oak; IUIS Allergen: Que a 1.0201; Type: Aero Plant; Group: Quercus Que a 1 Que m 1; Allergenicity: IgE plus basophil+ or SPT+; 1st V: 10; curationNote: 
ABZ81046.1	ncbi	species: Quercus alba; common name: Oak; IUIS Allergen: Que a 1.0301; Type: Aero Plant; Group: Quercus Que a 1 Que m 1; Allergenicity: IgE plus basophil+ or SPT+; 1st V: 10; curationNote: 
ABZ81047.1	ncbi	species: Quercus alba; common name: Oak; IUIS Allergen: Que a 1.0401; Type: Aero Plant; Group: Quercus Que a 1 Que m 1; Allergenicity: IgE plus basophil+ or SPT+; 1st V: 10; curationNote: 
ABZ81991.1	ncbi	species: Tyrophagus putrescentiae; common name: Dust mite; IUIS Allergen: Tyr p 3.0101; Type: Aero Mite; Group: Tyrophagus Tyr p 3; Allergenicity: IgE plus basophil+ or SPT+; 1st V: 11; curationNote: 
ACA00159.1	ncbi	species: Vespula vulgaris; common name: Wasp; IUIS Allergen: Ves v 3.0101; Type: Venom or Salivary; Group: Vespula Ves v 3 dipeptidylpeptidase IV; Allergenicity: IgE plus basophil+ or SPT+; 1st V: 9; curationNote: 
ACA00204.1	ncbi	species: Periplaneta americana; common name: American cockroach; IUIS Allergen: Per a 9.0101; Type: Aero Insect; Group: Periplaneta Per a 9; Allergenicity: IgE but no biological test; 1st V: 9; curationNote: 
ACA23876.1	ncbi	species: Paspalum notatum; common name: Bahia grass; IUIS Allergen: Pas n 1.0101; Type: Aero Plant; Group: Paspalum Pas n 1 beta expansin; Allergenicity: IgE plus basophil+ or SPT+; 1st V: 10; curationNote: 
ACA79908.1	ncbi	species: Arachis hypogaea; common name: Peanut; IUIS Allergen: Unassigned; Type: Food Plant; Group: Arachis Ara h 8; Allergenicity: IgE plus basophil+ or SPT+; 1st V: 9; curationNote: 
ACA96507.1	ncbi	species: Pachycondyla chinensis; common name: Asian needle ant; IUIS Allergen: Pac c 3.0101; Type: Venom or Salivary; Group: Pachycondyla Pac c 3 allergen; Allergenicity: IgE but no biological test; 1st V: 10; curationNote: 
ACB05815.1	ncbi	species: Lupinus angustifolius; common name: blue lupin; IUIS Allergen: Lup an 1.0101; Type: Food Plant; Group: Lupinus Lup an 1 conglutin beta; Allergenicity: IgE but no biological test; 1st V: 10; curationNote: 
ACB38288.1	ncbi	species: Litopenaeus vannamei; common name: Whiteleg Shrimp; IUIS Allergen: Lit v 1.0101; Type: Food Animal; Group: Litopenaeus Lit v 1 tropomyosin; Allergenicity: IgE but no biological test; 1st V: 10; curationNote: 
ACB45874.1	ncbi	species: Cucumis melo var. inodorus; common name: Muskmelon; IUIS Allergen: Unassigned; Type: Food Plant; Group: Cucumis Cuc m 3; Allergenicity: IgE plus basophil+ or SPT+; 1st V: 9; curationNote: 
ACB46292.1	ncbi	species: Dermatophagoides pteronyssinus; common name: House dust mite; IUIS Allergen: Der p 23.0101; Type: Aero Mite; Group: Dermatophagoides Der p 23 Peritrophin-like protein; Allergenicity: IgE plus basophil+ or SPT+; 1st V: 14; curationNote: 
ACB55491.1	ncbi	species: Sesamum indicum; common name: Sesame; IUIS Allergen: Unassigned; Type: Food Plant; Group: Sesamum seed maturation-like protein; Allergenicity: IgE but no biological test; 1st V: 16; curationNote: 
ACC76803.1	ncbi	species: Litopenaeus vannamei; common name: Whiteleg Shrimp; IUIS Allergen: Lit v 3.0101; Type: Food Animal; Group: Litopenaeus Lit v 3 myosin; Allergenicity: IgE but no biological test; 1st V: 10; curationNote: 
ACD36974.1	ncbi	species: Glycine max; common name: Soybean; IUIS Allergen: Unassigned; Type: Food Plant; Group: Glycine Gly m Bd 28K; Allergenicity: IgE but no biological test; 1st V: 10; curationNote: 
ACD36975.1	ncbi	species: Glycine max; common name: Soybean; IUIS Allergen: Unassigned; Type: Food Plant; Group: Glycine Gly m Bd 28K; Allergenicity: IgE but no biological test; 1st V: 10; curationNote: 
ACD36976.1	ncbi	species: Glycine max; common name: Soybean; IUIS Allergen: Unassigned; Type: Food Plant; Group: Glycine Gly m Bd 28K; Allergenicity: IgE but no biological test; 1st V: 10; curationNote: 
ACD36978.1	ncbi	species: Glycine max; common name: Soybean; IUIS Allergen: Unassigned; Type: Food Plant; Group: Glycine Gly m Bd 28K; Allergenicity: IgE but no biological test; 1st V: 10; curationNote: 
ACD50950.1	ncbi	species: Dermatophagoides pteronyssinus; common name: House dust mite; IUIS Allergen: Der p 20.0101; Type: Aero Mite; Group: Dermatophagoides Der f 20 / Der p 20; Allergenicity: IgE but no biological test; 1st V: 10; curationNote: 
ACD65080.1	ncbi	species: Forcipomyia taiwana; common name: biting midges; IUIS Allergen: For t 1.0101; Type: Venom or Salivary; Group: Forcipomyia For t 1; Allergenicity: IgE but no biological test; 1st V: 10; curationNote: 
ACD65081.1	ncbi	species: Forcipomyia taiwana; common name: biting midges; IUIS Allergen: For t 1.0101; Type: Venom or Salivary; Group: Forcipomyia For t 2; Allergenicity: IgE but no biological test; 1st V: 10; curationNote: 
ACE07186.1	ncbi	species: Artemisia vulgaris; common name: Mugwort; IUIS Allergen: Art v 3.0201; Type: Aero Plant; Group: Artemisia Art v 3; Allergenicity: IgE plus basophil+ or SPT+; 1st V: 11; curationNote: 
ACE07187.1	ncbi	species: Artemisia vulgaris; common name: Mugwort; IUIS Allergen: Art v 3.0202; Type: Aero Plant; Group: Artemisia Art v 3; Allergenicity: IgE plus basophil+ or SPT+; 1st V: 11; curationNote: 
ACE07188.1	ncbi	species: Artemisia vulgaris; common name: Mugwort; IUIS Allergen: Art v 3.0301; Type: Aero Plant; Group: Artemisia Art v 3; Allergenicity: IgE plus basophil+ or SPT+; 1st V: 11; curationNote: 
ACE07189.1	ncbi	species: Artemisia vulgaris; common name: Mugwort; IUIS Allergen: Unassigned; Type: Aero Plant; Group: Artemisia Art v 3; Allergenicity: IgE plus basophil+ or SPT+; 1st V: 11; curationNote: 
ACE80939.1	ncbi	species: Prunus dulcis x Prunus persica; common name: Plant hybrid; IUIS Allergen: Unassigned; Type: Food Plant; Group: Prunus persica Pru p 2 IUIS; Allergenicity: IgE plus basophil+ or SPT+; 1st V: 10; curationNote: 
ACE80955.1	ncbi	species: Prunus dulcis x Prunus persica; common name: Plant hybrid; IUIS Allergen: Pru p 2.0301; Type: Food Plant; Group: Prunus persica Pru p 2 IUIS; Allergenicity: IgE plus basophil+ or SPT+; 1st V: 10; curationNote: 
ACE80956.1	ncbi	species: Prunus dulcis x Prunus persica; common name: Plant hybrid; IUIS Allergen: Unassigned; Type: Food Plant; Group: Prunus persica Pru p 2 IUIS; Allergenicity: IgE plus basophil+ or SPT+; 1st V: 10; curationNote: 
ACE80957.1	ncbi	species: Prunus dulcis x Prunus persica; common name: Plant hybrid; IUIS Allergen: Pru p 2.0201; Type: Food Plant; Group: Prunus persica Pru p 2 IUIS; Allergenicity: IgE plus basophil+ or SPT+; 1st V: 10; curationNote: 
ACE80958.1	ncbi	species: Prunus dulcis x Prunus persica; common name: Plant hybrid; IUIS Allergen: Unassigned; Type: Food Plant; Group: Prunus persica Pru p 2 IUIS; Allergenicity: IgE plus basophil+ or SPT+; 1st V: 10; curationNote: 
ACE80959.1	ncbi	species: Prunus dulcis x Prunus persica; common name: Plant hybrid; IUIS Allergen: Pru p 2.0101; Type: Food Plant; Group: Prunus persica Pru p 2 IUIS; Allergenicity: IgE plus basophil+ or SPT+; 1st V: 10; curationNote: 
ACE80972.1	ncbi	species: Prunus dulcis x Prunus persica; common name: Plant hybrid; IUIS Allergen: Unassigned; Type: Food Plant; Group: Prunus Pru 4 Profilin peach cherry almond; Allergenicity: IgE plus basophil+ or SPT+; 1st V: 10; curationNote: 
ACE80974.1	ncbi	species: Prunus dulcis; common name: Almond; IUIS Allergen: Unassigned; Type: Food Plant; Group: Prunus persica Pru p 2 IUIS; Allergenicity: IgE plus basophil+ or SPT+; 1st V: 10; curationNote: 
ACE82289.1	ncbi	species: Triticum aestivum; common name: Wheat; IUIS Allergen: Unassigned; Type: Aero Plant; Group: Triticum flour Glutathione Transferase; Allergenicity: IgE plus basophil+ or SPT+; 1st V: 11; curationNote: 
ACE82290.1	ncbi	species: Triticum aestivum; common name: Wheat; IUIS Allergen: Unassigned; Type: Aero Plant; Group: Triticum Tri a 32 Peroxiredoxin; Allergenicity: IgE plus basophil+ or SPT+; 1st V: 11; curationNote: 
ACE82291.1	ncbi	species: Triticum aestivum; common name: Wheat; IUIS Allergen: Unassigned; Type: Food Plant; Group: Triticum Tri a 12; Allergenicity: IgE but no biological test; 1st V: 11; curationNote: 
ACF19589.1	ncbi	species: Cochliobolus lunatus; common name: Fungus; IUIS Allergen: Cur l 4.0101; Type: Aero Fungi; Group: Curvularia Cur l 4; Allergenicity: IgE plus basophil+ or SPT+; 1st V: 15; curationNote: 
ACF53836.1	ncbi	species: Blattella germanica; common name: German cockroach; IUIS Allergen: Unassigned; Type: Aero Insect; Group: Blattella Bla g 4; Allergenicity: IgE plus basophil+ or SPT+; 1st V: 11; curationNote: 
ACF53837.1	ncbi	species: Blattella germanica; common name: German cockroach; IUIS Allergen: Unassigned; Type: Aero Insect; Group: Blattella Bla g 4; Allergenicity: IgE plus basophil+ or SPT+; 1st V: 11; curationNote: 
ACG58378.1	ncbi	species: Dermatophagoides pteronyssinus; common name: House dust mite; IUIS Allergen: Unassigned; Type: Aero Mite; Group: Dermatophagoides Der p 1 Der f 1 Der m 1; Allergenicity: IgE plus basophil+ or SPT+; 1st V: 10; curationNote: 
ACG59280.1	ncbi	species: Bos taurus; common name: Bovine; IUIS Allergen: Unassigned; Type: Food Animal; Group: Bos Bos d 5; Allergenicity: IgE plus basophil+ or SPT+; 1st V: 10; curationNote: 
ACG59281.1	ncbi	species: Triticum aestivum; common name: Wheat; IUIS Allergen: Unassigned; Type: Food Plant; Group: Triticum aestivum Tri a 40; Allergenicity: IgE but no biological test; 1st V: 10; curationNote: 
ACH42741.1	ncbi	species: Ulocladium sp. XGZ-2008; common name: ; IUIS Allergen: Unassigned; Type: Aero Fungi; Group: Ulocladium alt a1-like; Allergenicity: IgE but no biological test; 1st V: 10; curationNote: 
ACH42743.1	ncbi	species: Ulocladium oudemansii; common name: ; IUIS Allergen: Unassigned; Type: Aero Fungi; Group: Ulocladium alt a1-like; Allergenicity: IgE but no biological test; 1st V: 10; curationNote: 
ACH42744.1	ncbi	species: Ulocladium capsicum; common name: ; IUIS Allergen: Unassigned; Type: Aero Fungi; Group: Ulocladium alt a1-like; Allergenicity: IgE but no biological test; 1st V: 10; curationNote: 
ACH56843.1	ncbi	species: Simulium vittatum; common name: black fly; IUIS Allergen: Unassigned; Type: Venom or Salivary; Group: Simulium vit antigen 5 by similarity; Allergenicity: IgE but no biological test; 1st V: 10; curationNote: 
ACH56844.1	ncbi	species: Simulium vittatum; common name: black fly; IUIS Allergen: Unassigned; Type: Venom or Salivary; Group: Simulium vit antigen 5 by similarity; Allergenicity: IgE but no biological test; 1st V: 10; curationNote: 
ACH70901.1	ncbi	species: Salmo salar; common name: Salmon; IUIS Allergen: Sal s 3.0101; Type: Food Animal; Group: Salmo Sal s 3 aldolase; Allergenicity: IgE plus basophil+ or SPT+; 1st V: 13; curationNote: 
ACH70914.1	ncbi	species: Salmo salar; common name: Salmon; IUIS Allergen: Unassigned; Type: Food Animal; Group: Salmon Sal s 7; Allergenicity: IgE but no biological test; 1st V: 20; curationNote: 
ACH70931.1	ncbi	species: Salmo salar; common name: Salmon; IUIS Allergen: Sal s 2.0101; Type: Food Animal; Group: Salmo Sal s 2 enolase; Allergenicity: IgE plus basophil+ or SPT+; 1st V: 15; curationNote: 
ACH85188.1	ncbi	species: Sesamum indicum; common name: Sesame; IUIS Allergen: Unassigned; Type: Food Plant; Group: Sesamum Ses i 5 oleosin; Allergenicity: IgE but no biological test; 1st V: 10; curationNote: 
ACH91862.1	ncbi	species: Arachis hypogaea; common name: Peanut; IUIS Allergen: Unassigned; Type: Food Plant; Group: Arachis Ara h 3 Glycinin; Allergenicity: IgE plus basophil+ or SPT+; 1st V: 10; curationNote: 
ACI01047.1	ncbi	species: Bombyx mori; common name: Silkworm; IUIS Allergen: Unassigned; Type: Unassigned; Group: Bombyx tropomyosin; Allergenicity: IgE but no biological test; 1st V: 10; curationNote: 
ACI25605.1	ncbi	species: Apis mellifera; common name: Honeybee; IUIS Allergen: Unassigned; Type: Venom or Salivary; Group: Apis Api m 3 acid phosphatase; Allergenicity: IgE but no biological test; 1st V: 10; curationNote: 
ACI32128.1	ncbi	species: Dermatophagoides pteronyssinus; common name: House dust mite; IUIS Allergen: Unassigned; Type: Aero Mite; Group: Dermatophagoides Der p 10 / Der f 10; Allergenicity: IgE plus basophil+ or SPT+; 1st V: 10; curationNote: 
ACI41244.1	ncbi	species: Sesamum indicum; common name: Sesame; IUIS Allergen: Unassigned; Type: Food Plant; Group: Sesamum Ses i 1; Allergenicity: IgE but no biological test; 1st V: 10; curationNote: 
ACI44002.1	ncbi	species: Ulocladium oudemansii; common name: ; IUIS Allergen: Unassigned; Type: Aero Fungi; Group: Ulocladium alt a1-like; Allergenicity: IgE but no biological test; 1st V: 10; curationNote: 
ACI47547.1	ncbi	species: Juglans regia; common name: English walnut; IUIS Allergen: Jug r 3.0101; Type: Food Plant; Group: Jug r 3; Allergenicity: IgE but no biological test; 1st V: 11; curationNote: 
ACI68103.1	ncbi	species: Salmo salar; common name: Salmon; IUIS Allergen: Unassigned; Type: Food Animal; Group: Salmo Sal s 1; Allergenicity: IgE plus basophil+ or SPT+; 1st V: 10; curationNote: 
ACJ04729.1	ncbi	species: Gallus gallus; common name: chicken; IUIS Allergen: Unassigned; Type: Food Animal; Group: Gallus Gal d 1; Allergenicity: IgE plus basophil+ or SPT+; 1st V: 10; curationNote: 
ACJ23861.1	ncbi	species: Castanea sativa; common name: European chestnut; IUIS Allergen: Cas s 1.0101; Type: Aero Plant; Group: Castanea Cas s 1; Allergenicity: IgE but no biological test; 1st V: 10; curationNote: 
ACJ23862.1	ncbi	species: Castanea sativa; common name: European chestnut; IUIS Allergen: Unassigned; Type: Aero Plant; Group: Castanea Cas s 1; Allergenicity: IgE but no biological test; 1st V: 10; curationNote: 
ACJ23863.1	ncbi	species: Castanea sativa; common name: European chestnut; IUIS Allergen: Unassigned; Type: Aero Plant; Group: Castanea Cas s 1; Allergenicity: IgE but no biological test; 1st V: 10; curationNote: 
ACJ23864.1	ncbi	species: Fagus sylvatica; common name: European Beech; IUIS Allergen: Fag s 1.0101; Type: Aero Plant; Group: Fagus Fag s 1; Allergenicity: IgE plus basophil+ or SPT+; 1st V: 10; curationNote: 
ACJ23865.1	ncbi	species: Fagus sylvatica; common name: European Beech; IUIS Allergen: Unassigned; Type: Aero Plant; Group: Fagus Fag s 1; Allergenicity: IgE plus basophil+ or SPT+; 1st V: 10; curationNote: 
ACJ23866.1	ncbi	species: Fagus sylvatica; common name: European Beech; IUIS Allergen: Unassigned; Type: Aero Plant; Group: Fagus Fag s 1; Allergenicity: IgE plus basophil+ or SPT+; 1st V: 10; curationNote: 
ACJ37389.1	ncbi	species: Blattella germanica; common name: German cockroach; IUIS Allergen: Unassigned; Type: Aero Insect; Group: Blattella Bla g 4; Allergenicity: IgE plus basophil+ or SPT+; 1st V: 10; curationNote: 
ACJ37391.1	ncbi	species: Periplaneta americana; common name: American cockroach; IUIS Allergen: Per a 11.0101; Type: Aero Insect; Group: Periplaneta Not in IUIS Per a 4; Allergenicity: IgE but no biological test; 1st V: 10; curationNote: 
ACJ54737.1	ncbi	species: Ulocladium sp. HSAUP1144; common name: ; IUIS Allergen: Unassigned; Type: Aero Fungi; Group: Ulocladium alt a1-like; Allergenicity: IgE but no biological test; 1st V: 11; curationNote: 
ACJ65836.1	ncbi	species: Ulocladium dauci; common name: ; IUIS Allergen: Unassigned; Type: Aero Fungi; Group: Ulocladium alt a1-like; Allergenicity: IgE but no biological test; 1st V: 11; curationNote: 
ACK76291.1	ncbi	species: Dermatophagoides farinae; common name: House dust mite; IUIS Allergen: Unassigned; Type: Aero Mite; Group: Dermatophagoides Der p 3 / Der f 3; Allergenicity: IgE but no biological test; 1st V: 10; curationNote: 
ACK76292.1	ncbi	species: Dermatophagoides farinae; common name: House dust mite; IUIS Allergen: Unassigned; Type: Aero Mite; Group: Dermatophagoides Der p 3 / Der f 3; Allergenicity: IgE but no biological test; 1st V: 10; curationNote: 
ACK76296.1	ncbi	species: Dermatophagoides farinae; common name: House dust mite; IUIS Allergen: Unassigned; Type: Aero Mite; Group: Dermatophagoides Der p 6 / Der f 6; Allergenicity: IgE but no biological test; 1st V: 10; curationNote: 
ACK76297.1	ncbi	species: Dermatophagoides farinae; common name: House dust mite; IUIS Allergen: Unassigned; Type: Aero Mite; Group: Dermatophagoides Der p 6 / Der f 6; Allergenicity: IgE but no biological test; 1st V: 10; curationNote: 
ACK76299.1	ncbi	species: Dermatophagoides farinae; common name: House dust mite; IUIS Allergen: Unassigned; Type: Aero Mite; Group: Dermatophagoides Der p 7 /  Der f 7; Allergenicity: IgE plus basophil+ or SPT+; 1st V: 10; curationNote: 
ACL36923.1	ncbi	species: Tyrophagus putrescentiae; common name: Dust mite; IUIS Allergen: Tyr p 34.0101; Type: Aero Mite; Group: Tyrophagus Tyr p 24 Troponin C; Allergenicity: IgE but no biological test; 1st V: 11; curationNote: 
ACM09737.1	ncbi	species: Salmo salar; common name: Salmon; IUIS Allergen: Unassigned; Type: Food Animal; Group: Salmon Sal s 8 Triosphosphate isomerase; Allergenicity: IgE but no biological test; 1st V: 20; curationNote: 
ACM24358.1	ncbi	species: Blattella germanica; common name: German cockroach; IUIS Allergen: Unassigned; Type: Aero Insect; Group: Blattella arginine kinase Bla g 9; Allergenicity: IgE but no biological test; 1st V: 10; curationNote: 
ACM40888.1	ncbi	species: Culicoides nubeculosus; common name: Farmyyard midge; IUIS Allergen: Unassigned; Type: Venom or Salivary; Group: Culicoides antigen 5 by similarity; Allergenicity: IgE but no biological test; 1st V: 10; curationNote: 
ACM40909.1	ncbi	species: Culicoides nubeculosus; common name: Farmyyard midge; IUIS Allergen: Unassigned; Type: Venom or Salivary; Group: Culicoides antigen 5 by similarity; Allergenicity: IgE but no biological test; 1st V: 10; curationNote: 
ACM89179.1	ncbi	species: Litopenaeus vannamei; common name: Whiteleg Shrimp; IUIS Allergen: Lit v 4.0101; Type: Food Animal; Group: Litopenaeus  Lit v 4 sarcoplasmic Ca+ binding; Allergenicity: IgE plus basophil+ or SPT+; 1st V: 11; curationNote: 
ACN32322.1	ncbi	species: Ascaris lumbricoides; common name: Parasitic roundworm; IUIS Allergen: Asc l 3.0101; Type: Worm (parasite); Group: Ascaris tropomyosin Asc l 3; Allergenicity: IgE but no biological test; 1st V: 10; curationNote: 
ACN62248.1	ncbi	species: Arachis hypogaea; common name: Peanut; IUIS Allergen: Unassigned; Type: Food Plant; Group: Arachis Ara h 2; Allergenicity: IgE plus basophil+ or SPT+; 1st V: 10; curationNote: 
ACN87223.1	ncbi	species: Procambarus clarkii; common name: red swamp crayfish; IUIS Allergen: Pro c 1.0101; Type: Food Animal; Group: Pro c 1 tropomyosin; Allergenicity: IgE but no biological test; 1st V: 10; curationNote: 
ACO34813.1	ncbi	species: Salsola kali; common name: Thistle; IUIS Allergen: Unassigned; Type: Aero Plant; Group: Salsola pectin methylesterase Sal k 1.01 & 1.02; Allergenicity: IgE but no biological test; 1st V: 10; curationNote: 
ACO34814.1	ncbi	species: Salsola kali; common name: Thistle; IUIS Allergen: Sal k 3.0101; Type: Aero Plant; Group: Salsola Sal k 3 pollen allergen; Allergenicity: IgE plus basophil+ or SPT+; 1st V: 10; curationNote: 
ACO56333.1	ncbi	species: Corylus avellana; common name: European hazelnut; IUIS Allergen: Cor a 14.0101; Type: Food Plant; Group: Corylus Cor a 14 2S albumin; Allergenicity: IgE plus basophil+ or SPT+; 1st V: 11; curationNote: 
ACP43298.1	ncbi	species: Amaranthus retroflexus; common name: Common Amaranth; IUIS Allergen: Ama r 2.0101; Type: Aero Plant; Group: Amaranthus Ama r 2 Proflin; Allergenicity: IgE plus basophil+ or SPT+; 1st V: 10; curationNote: 
ACR43473.1	ncbi	species: Crangon crangon; common name: Shrimp; IUIS Allergen: Cra c 1.0101; Type: Food Animal; Group: Crangon Cra c 1 tropomyosin; Allergenicity: IgE but no biological test; 1st V: 12; curationNote: 
ACR43474.1	ncbi	species: Crangon crangon; common name: Shrimp; IUIS Allergen: Cra c 2.0101; Type: Food Animal; Group: Crangon Cra c 2 arginine kinase; Allergenicity: IgE but no biological test; 1st V: 12; curationNote: 
ACR43475.1	ncbi	species: Crangon crangon; common name: Shrimp; IUIS Allergen: Cra c 4.0101; Type: Food Animal; Group: Crangon Cra c 4 sarcoplasmic calcium-binding prote; Allergenicity: IgE but no biological test; 1st V: 12; curationNote: 
ACR43476.1	ncbi	species: Crangon crangon; common name: Shrimp; IUIS Allergen: Cra c 8.0101; Type: Food Animal; Group: Crangon Cra c 8 triosephosphate isomerase; Allergenicity: IgE but no biological test; 1st V: 12; curationNote: 
ACR43477.1	ncbi	species: Crangon crangon; common name: Shrimp; IUIS Allergen: Cra c 5.0101; Type: Food Animal; Group: Crangon Cra c 5 myosin light chain; Allergenicity: IgE but no biological test; 1st V: 12; curationNote: 
ACR43478.1	ncbi	species: Crangon crangon; common name: Shrimp; IUIS Allergen: Cra c 6.0101; Type: Food Animal; Group: Crangon Cra c 6 troponin C; Allergenicity: IgE but no biological test; 1st V: 12; curationNote: 
ACR77509.1	ncbi	species: Chenopodium album; common name: Pigweed; IUIS Allergen: Unassigned; Type: Aero Plant; Group: Chenopodium Che a 2; Allergenicity: IgE plus basophil+ or SPT+; 1st V: 11; curationNote: 
ACS14052.1	ncbi	species: Periplaneta americana; common name: American cockroach; IUIS Allergen: Per a 6.0101; Type: Aero Insect; Group: Periplaneta Per a 7; Allergenicity: IgE plus basophil+ or SPT+; 1st V: 11; curationNote: 
ACS34771.1	ncbi	species: Salsola kali; common name: Thistle; IUIS Allergen: Sal k 4.0101; Type: Aero Plant; Group: Salsola Sal k 4 profilin; Allergenicity: IgE plus basophil+ or SPT+; 1st V: 11; curationNote: 
ACS49840.1	ncbi	species: Glycine max; common name: Soybean; IUIS Allergen: Gly m 7.0101; Type: Food Plant; Group: Glycine 68kDa biotinylated protein; Allergenicity: IgE plus basophil+ or SPT+; 1st V: 11; curationNote: 
ACV04796.1	ncbi	species: Apium graveolens; common name: Celery; IUIS Allergen: Api g 2.0101; Type: Food Plant; Group: Apium Api g 2; Allergenicity: IgE plus basophil+ or SPT+; 1st V: 12; curationNote: 
ACV04860.1	ncbi	species: Blomia tropicalis; common name: Mite; IUIS Allergen: Blo t 8.0101; Type: Aero Insect; Group: Blomia Blo t 8; Allergenicity: IgE but no biological test; 1st V: 11; curationNote: 
ACV85695.1	ncbi	species: Carica papaya; common name: Papaya; IUIS Allergen: Cari p 1.0101; Type: Food Plant; Group: Cari p 1.0101 endo polygalacturonase; Allergenicity: IgE plus basophil+ or SPT+; 1st V: 18; curationNote: 
ACX37090.1	ncbi	species: Zea mays; common name: Corn; IUIS Allergen: Zea m 8.0101; Type: Food Plant; Group: Zea mays Zea m 8; Allergenicity: IgE but no biological test; 1st V: 17; curationNote: 
ACX47057.1	ncbi	species: Fragaria x ananassa; common name: Strawberry; IUIS Allergen: Unassigned; Type: Food Plant; Group: Fragaria  Fra a 1; Allergenicity: IgE plus basophil+ or SPT+; 1st V: 11; curationNote: 
ACX47058.1	ncbi	species: Fragaria x ananassa; common name: Strawberry; IUIS Allergen: Unassigned; Type: Food Plant; Group: Fragaria  Fra a 1; Allergenicity: IgE plus basophil+ or SPT+; 1st V: 11; curationNote: 
ACY01951.1	ncbi	species: Cupressus arizonica; common name: Arizona Cypress; IUIS Allergen: Unassigned; Type: Aero Plant; Group: Cupressus Cup a 4; Allergenicity: IgE but no biological test; 1st V: 11; curationNote: 
ACY38525.1	ncbi	species: Canis familiaris; common name: Dog; IUIS Allergen: Can f 4.0101; Type: Aero Animal; Group: Canis Can f 4 epithelial 18 kDa; Allergenicity: IgE but no biological test; 1st V: 12; curationNote: 
ACY40650.1	ncbi	species: Blattella germanica; common name: German cockroach; IUIS Allergen: Unassigned; Type: Aero Insect; Group: Blattella Bla g 3; Allergenicity: IgE but no biological test; 1st V: 11; curationNote: 
ACY40651.1	ncbi	species: Blattella germanica; common name: German cockroach; IUIS Allergen: Bla g 3.0101; Type: Aero Insect; Group: Blattella Bla g 3; Allergenicity: IgE but no biological test; 1st V: 11; curationNote: 
ACY91851.1	ncbi	species: Hevea brasiliensis; common name: Para rubber tree; IUIS Allergen: Unassigned; Type: Contact; Group: Hevea Hev b 2; Allergenicity: IgE plus basophil+ or SPT+; 1st V: 11; curationNote: 
ACZ57582.1	ncbi	species: Olea europaea; common name: Olive tree; IUIS Allergen: Ole e 11.0101; Type: Aero Plant; Group: Olea Ole e 11.0101 and 0102; Allergenicity: IgE but no biological test; 1st V: 11; curationNote: 
ACZ74626.1	ncbi	species: Hevea brasiliensis; common name: Para rubber tree; IUIS Allergen: Unassigned; Type: Contact; Group: Hevea Hev b 2; Allergenicity: IgE plus basophil+ or SPT+; 1st V: 11; curationNote: 
ACZ95445.1	ncbi	species: Anisakis simplex; common name: Parasitic fish worm; IUIS Allergen: Ani s 10.0101; Type: Food Animal; Group: Anisakis Ani s 10; Allergenicity: IgE but no biological test; 1st V: 11; curationNote: 
ADB92492.1	ncbi	species: Periplaneta americana; common name: American cockroach; IUIS Allergen: Unassigned; Type: Aero Insect; Group: Periplaneta Per a 1; Allergenicity: IgE plus basophil+ or SPT+; 1st V: 11; curationNote: 
ADB92493.1	ncbi	species: Periplaneta americana; common name: American cockroach; IUIS Allergen: Unassigned; Type: Aero Insect; Group: Periplaneta Per a 3; Allergenicity: IgE plus basophil+ or SPT+; 1st V: 11; curationNote: 
ADB96066.1	ncbi	species: Arachis hypogaea; common name: Peanut; IUIS Allergen: Unassigned; Type: Food Plant; Group: Arachis Ara h 5; Allergenicity: IgE plus basophil+ or SPT+; 1st V: 11; curationNote: 
ADC55380.1	ncbi	species: Macrobrachium rosenbergii; common name: Giant River Prawn; IUIS Allergen: Mac r 1.0101; Type: Food Animal; Group: Macrobrachium rosenbergii shrimp tropomyosin; Allergenicity: IgE but no biological test; 1st V: 11; curationNote: 
ADC80502.1	ncbi	species: Phaseolus vulgaris; common name: Kidney bean; IUIS Allergen: Pha v 3.0101; Type: Food Plant; Group: Phaseolus Pha v 3; Allergenicity: IgE plus basophil+ or SPT+; 1st V: 11; curationNote: 
ADC80503.1	ncbi	species: Phaseolus vulgaris; common name: Kidney bean; IUIS Allergen: Pha v 3.0201; Type: Food Plant; Group: Phaseolus Pha v 3; Allergenicity: IgE plus basophil+ or SPT+; 1st V: 11; curationNote: 
ADD17628.1	ncbi	species: Periplaneta americana; common name: American cockroach; IUIS Allergen: Unassigned; Type: Aero Insect; Group: Periplaneta Per a 3; Allergenicity: IgE plus basophil+ or SPT+; 1st V: 11; curationNote: 
ADD18879.1	ncbi	species: Glossina morsitans morsitans; common name: Tsetse fly; IUIS Allergen: Unassigned; Type: Venom or Salivary; Group: Glossina Glo m 5; Allergenicity: IgE but no biological test; 1st V: 11; curationNote: 
ADD19985.1	ncbi	species: Glossina morsitans morsitans; common name: Tsetse fly; IUIS Allergen: Unassigned; Type: Venom or Salivary; Group: Glossina Glo m 5; Allergenicity: IgE but no biological test; 1st V: 11; curationNote: 
ADD19989.1	ncbi	species: Glossina morsitans morsitans; common name: Tsetse fly; IUIS Allergen: Unassigned; Type: Venom or Salivary; Group: Glossina Glo m 5; Allergenicity: IgE but no biological test; 1st V: 11; curationNote: 
ADD63684.1	ncbi	species: Polybia paulista; common name: wasp; IUIS Allergen: Unassigned; Type: Venom or Salivary; Group: Polybia Poly p 5, Poly s 5 venom allergen; Allergenicity: IgE but no biological test; 1st V: 11; curationNote: 
ADD74392.1	ncbi	species: Solenopsis saevissima; common name: Brazilian fire ant; IUIS Allergen: Unassigned; Type: Venom or Salivary; Group: Solenopsis Sol g 4 Sol  i 4; Allergenicity: IgE but no biological test; 1st V: 12; curationNote: 
ADE74975.1	ncbi	species: Aspergillus versicolor; common name: Fungus; IUIS Allergen: Asp v 13.0101; Type: Aero Fungi; Group: Aspergillus versicolor serine protease; Allergenicity: IgE but no biological test; 1st V: 16; curationNote: 
ADH10372.1	ncbi	species: Coffea arabica; common name: Coffee; IUIS Allergen: Cof a 1.0101; Type: Food Plant; Group: Coffea Cof a 1; Allergenicity: IgE but no biological test; 1st V: 15; curationNote: 
ADK22841.1	ncbi	species: Salsola kali; common name: Thistle; IUIS Allergen: Sal k 4.0201; Type: Aero Plant; Group: Salsola Sal k 4 profilin; Allergenicity: IgE plus basophil+ or SPT+; 1st V: 15; curationNote: 
ADK22842.1	ncbi	species: Salsola kali; common name: Thistle; IUIS Allergen: Sal k 6.0101; Type: Aero Plant; Group: Salsola Sal k 5; Allergenicity: IgE but no biological test; 1st V: 15; curationNote: 
ADK27483.1	ncbi	species: Penicillium chrysogenum; common name: Fungus; IUIS Allergen: Pen ch 35.0101; Type: Aero Fungi; Group: Penicillium Pen ch 35; Allergenicity: IgE but no biological test; 1st V: 15; curationNote: 
ADK39021.1	ncbi	species: Ostrya carpinifolia; common name: European hop hornbeam; IUIS Allergen: Ost c 1.0101; Type: Aero Plant; Group: Ostrya Ost c 1pollen allergen; Allergenicity: IgE plus basophil+ or SPT+; 1st V: 12; curationNote: 
ADK47394.1	ncbi	species: Cladosporium cladosporioides; common name: Fungus; IUIS Allergen: Cla c 14.0101; Type: Aero Fungi; Group: Cladosporium Cla c 14; Allergenicity: IgE but no biological test; 1st V: 15; curationNote: 
ADK47876.1	ncbi	species: Thaumetopoea pityocampa; common name: Pine moth; IUIS Allergen: Tha p 1.0101; Type: Contact; Group: Thaumetopoea Tha p 1 full length; Allergenicity: IgE but no biological test; 1st V: 12; curationNote: 
ADK56160.1	ncbi	species: Felis catus; common name: Cat; IUIS Allergen: Fel d 7.0101; Type: Aero Animal; Group: Felis Fel d 7; Allergenicity: IgE but no biological test; 1st V: 12; curationNote: 
ADK92390.1	ncbi	species: Dermatophagoides pteronyssinus; common name: House dust mite; IUIS Allergen: Der p 13.0101; Type: Aero Mite; Group: Dermatophagoides Der p 13; Allergenicity: IgE but no biological test; 1st V: 12; curationNote: 
ADL09135.1	ncbi	species: Polybia paulista; common name: wasp; IUIS Allergen: Unassigned; Type: Venom or Salivary; Group: Polybia Poly p 2 hyaluronidase; Allergenicity: IgE but no biological test; 1st V: 12; curationNote: 
ADL32660.1	ncbi	species: Daucus carota; common name: Carrot; IUIS Allergen: Dau c 1.0301; Type: Food Plant; Group: Daucus Dau c 1; Allergenicity: IgE plus basophil+ or SPT+; 1st V: 12; curationNote: 
ADL32661.1	ncbi	species: Daucus carota; common name: Carrot; IUIS Allergen: Unassigned; Type: Food Plant; Group: Daucus Dau c 1; Allergenicity: IgE plus basophil+ or SPT+; 1st V: 12; curationNote: 
ADL32662.1	ncbi	species: Daucus carota; common name: Carrot; IUIS Allergen: Unassigned; Type: Food Plant; Group: Daucus Dau c 1; Allergenicity: IgE plus basophil+ or SPT+; 1st V: 12; curationNote: 
ADL32663.1	ncbi	species: Daucus carota; common name: Carrot; IUIS Allergen: Unassigned; Type: Food Plant; Group: Daucus Dau c 1; Allergenicity: IgE plus basophil+ or SPT+; 1st V: 12; curationNote: 
ADL32664.1	ncbi	species: Daucus carota; common name: Carrot; IUIS Allergen: Unassigned; Type: Food Plant; Group: Daucus Dau c 1; Allergenicity: IgE plus basophil+ or SPT+; 1st V: 12; curationNote: 
ADL32665.1	ncbi	species: Daucus carota; common name: Carrot; IUIS Allergen: Unassigned; Type: Food Plant; Group: Daucus Dau c 1; Allergenicity: IgE plus basophil+ or SPT+; 1st V: 12; curationNote: 
ADL32666.1	ncbi	species: Daucus carota; common name: Carrot; IUIS Allergen: Unassigned; Type: Food Plant; Group: Daucus Dau c 1; Allergenicity: IgE plus basophil+ or SPT+; 1st V: 12; curationNote: 
ADM15668.1	ncbi	species: Felis catus; common name: Cat; IUIS Allergen: Fel d 8.0101; Type: Aero Animal; Group: Felis Fel d 8 latherin-like; Allergenicity: IgE but no biological test; 1st V: 12; curationNote: 
ADM18345.1	ncbi	species: Tabanus yao; common name: Horse Fly; IUIS Allergen: Tab y 5.0101; Type: Venom or Salivary; Group: Tabanus Tab y 5; Allergenicity: IgE but no biological test; 1st V: 12; curationNote: 
ADM18346.1	ncbi	species: Tabanus yao; common name: Horse Fly; IUIS Allergen: Tab y 2.0101; Type: Venom or Salivary; Group: Tabanus Tab y 2 Hyaluronidase; Allergenicity: IgE but no biological test; 1st V: 12; curationNote: 
ADM52184.1	ncbi	species: Dermatophagoides farinae; common name: House dust mite; IUIS Allergen: Unassigned; Type: Aero Mite; Group: Dermatophagoides Der p 1 Der f 1 Der m 1; Allergenicity: IgE plus basophil+ or SPT+; 1st V: 15; curationNote: 
ADN39439.1	ncbi	species: Castanea sativa; common name: European chestnut; IUIS Allergen: Unassigned; Type: Food Plant; Group: Castanea Cas s 5; Allergenicity: IgE plus basophil+ or SPT+; 1st V: 12; curationNote: 
ADN39440.1	ncbi	species: Prunus dulcis; common name: Almond; IUIS Allergen: Pru du 6.0101; Type: Food Plant; Group: Prunus Pru du 6 Amandin; Allergenicity: IgE but no biological test; 1st V: 15; curationNote: 
ADN39441.1	ncbi	species: Prunus dulcis; common name: Almond; IUIS Allergen: Pru du 6.0201; Type: Food Plant; Group: Prunus Pru du 6 Amandin; Allergenicity: IgE but no biological test; 1st V: 15; curationNote: 
ADQ53858.1	ncbi	species: Arachis hypogaea; common name: Peanut; IUIS Allergen: Unassigned; Type: Food Plant; Group: Arachis Ara h 1; Allergenicity: IgE plus basophil+ or SPT+; 1st V: 12; curationNote: 
ADQ53859.1	ncbi	species: Arachis hypogaea; common name: Peanut; IUIS Allergen: Unassigned; Type: Food Plant; Group: Arachis Ara h 3 Glycinin; Allergenicity: IgE plus basophil+ or SPT+; 1st V: 12; curationNote: 
ADR66939.1	ncbi	species: Prunus persica; common name: Peach; IUIS Allergen: Unassigned; Type: Food Plant; Group: Prunus Pru 3; Allergenicity: IgE plus basophil+ or SPT+; 1st V: 12; curationNote: 
ADR66943.1	ncbi	species: Prunus avium; common name: Cherry; IUIS Allergen: Unassigned; Type: Food Plant; Group: Prunus Pru 3; Allergenicity: IgE plus basophil+ or SPT+; 1st V: 12; curationNote: 
ADR66944.1	ncbi	species: Prunus avium; common name: Cherry; IUIS Allergen: Unassigned; Type: Food Plant; Group: Prunus Pru 3; Allergenicity: IgE plus basophil+ or SPT+; 1st V: 12; curationNote: 
ADR66945.1	ncbi	species: Prunus armeniaca; common name: Apricot; IUIS Allergen: Unassigned; Type: Food Plant; Group: Prunus Pru 3; Allergenicity: IgE plus basophil+ or SPT+; 1st V: 12; curationNote: 
ADR66946.1	ncbi	species: Prunus armeniaca; common name: Apricot; IUIS Allergen: Unassigned; Type: Food Plant; Group: Prunus Pru 3; Allergenicity: IgE plus basophil+ or SPT+; 1st V: 12; curationNote: 
ADR66947.1	ncbi	species: Prunus armeniaca; common name: Apricot; IUIS Allergen: Pru ar 3.0101; Type: Food Plant; Group: Prunus Pru 3; Allergenicity: IgE plus basophil+ or SPT+; 1st V: 12; curationNote: 
ADR66948.1	ncbi	species: Prunus armeniaca; common name: Apricot; IUIS Allergen: Unassigned; Type: Food Plant; Group: Prunus Pru 3; Allergenicity: IgE plus basophil+ or SPT+; 1st V: 12; curationNote: 
ADR82196.1	ncbi	species: Hevea brasiliensis; common name: Para rubber tree; IUIS Allergen: Hev b 14.0101; Type: Contact; Group: Hevea Hev b 14 hevamine; Allergenicity: IgE but no biological test; 1st V: 12; curationNote: 
ADR82198.1	ncbi	species: Periplaneta americana; common name: American cockroach; IUIS Allergen: Per a 2.0101; Type: Aero Insect; Group: Periplaneta Per a 2; Allergenicity: IgE but no biological test; 1st V: 12; curationNote: 
ADT89774.1	ncbi	species: Polybia paulista; common name: wasp; IUIS Allergen: Poly p 5.0101; Type: Venom or Salivary; Group: Polybia Pol p 1.0101 phospholipase; Allergenicity: IgE but no biological test; 1st V: 12; curationNote: 
ADV17342.1	ncbi	species: Penaeus monodon; common name: Black tiger shrimp; IUIS Allergen: Pen m 3.0101; Type: Food Animal; Group: Pen m 3 myosin light chain; Allergenicity: IgE but no biological test; 1st V: 12; curationNote: 
ADV17343.1	ncbi	species: Penaeus monodon; common name: Black tiger shrimp; IUIS Allergen: Pen m 4.0101; Type: Food Animal; Group: Penaeus Pen m 4 sarcoplasmic calcium binding; Allergenicity: IgE but no biological test; 1st V: 12; curationNote: 
ADW27428.1	ncbi	species: Fagopyrum tataricum; common name: Buckwheat; IUIS Allergen: Fag t 2.0101; Type: Food Plant; Group: Fagopyrum Fag e 2 Fag t 2; Allergenicity: IgE but no biological test; 1st V: 12; curationNote: 
ADX78255.1	ncbi	species: Tabanus yao; common name: Horse Fly; IUIS Allergen: Tab y 1.0101; Type: Venom or Salivary; Group: Tabanus Tab y 1 Apyrase; Allergenicity: IgE plus basophil+ or SPT+; 1st V: 12; curationNote: 
AEB54655.1	ncbi	species: Procambarus clarkii; common name: red swamp crayfish; IUIS Allergen: Pro c 8.0101; Type: Food Animal; Group: Pro c 8  TPI; Allergenicity: IgE but no biological test; 1st V: 19; curationNote: 
AEB77775.1	ncbi	species: Penaeus monodon; common name: Black tiger shrimp; IUIS Allergen: Unassigned; Type: Unassigned; Group: Pen m 7.0101 Hemocyanin; Allergenicity: IgE but no biological test; 1st V: 22; curationNote: 
AEE98392.1	ncbi	species: Manihot esculenta; common name: Cassava; IUIS Allergen: Man e 5.0101; Type: Food Plant; Group: Manihot Man e 5.0101; Allergenicity: IgE but no biological test; 1st V: 14; curationNote: 
AEH31546.1	ncbi	species: Triticum aestivum; common name: Wheat; IUIS Allergen: Tri a 36.0101; Type: Food Plant; Group: Triticum Tri a 36; Allergenicity: IgE but no biological test; 1st V: 12; curationNote: 
AEK65120.1	ncbi	species: Amphioctopus fangsiao; common name: Octopus; IUIS Allergen: Unassigned; Type: Food Animal; Group: Amphioctopus arginine kinase; Allergenicity: IgE but no biological test; 1st V: 12; curationNote: 
AEM89226.1	ncbi	species: Fenneropenaeus merguiensis; common name: Banana Prawn; IUIS Allergen: Unassigned; Type: Food Animal; Group: Fenneropenaeus enolase; Allergenicity: IgE but no biological test; 1st V: 15; curationNote: 
AEQ28167.1	ncbi	species: Anisakis simplex; common name: Parasitic fish worm; IUIS Allergen: Unassigned; Type: Food Animal; Group: Anisakis Ani s 3 tropomyosin; Allergenicity: IgE plus basophil+ or SPT+; 1st V: 13; curationNote: 
AET05730.1	ncbi	species: Pyrus communis; common name: Pear; IUIS Allergen: Unassigned; Type: Food Plant; Group: Pyrus LTP Pyr c 3 IUIS; Allergenicity: IgE but no biological test; 1st V: 13; curationNote: 
AET05732.1	ncbi	species: Pyrus communis; common name: Pear; IUIS Allergen: Unassigned; Type: Food Plant; Group: Pyrus LTP Pyr c 3 IUIS; Allergenicity: IgE but no biological test; 1st V: 13; curationNote: 
AET05733.1	ncbi	species: Pyrus communis; common name: Pear; IUIS Allergen: Unassigned; Type: Food Plant; Group: Pyrus LTP Pyr c 3 IUIS; Allergenicity: IgE but no biological test; 1st V: 13; curationNote: 
AEV23867.1	ncbi	species: Periplaneta americana; common name: American cockroach; IUIS Allergen: Per a 5.0102; Type: Aero Insect; Group: Per a 5 Periplaneta GST; Allergenicity: IgE plus basophil+ or SPT+; 1st V: 15; curationNote: 
AEV41413.1	ncbi	species: Hevea brasiliensis; common name: Para rubber tree; IUIS Allergen: Unassigned; Type: Contact; Group: Hevea Hev b 2; Allergenicity: IgE plus basophil+ or SPT+; 1st V: 13; curationNote: 
AEV57471.1	ncbi	species: Prunus persica; common name: Peach; IUIS Allergen: Unassigned; Type: Food Plant; Group: Prunus persica Pru p 2 IUIS; Allergenicity: IgE plus basophil+ or SPT+; 1st V: 13; curationNote: 
AEX31649.1	ncbi	species: Chortoglyphus arcuatus; common name: ; IUIS Allergen: Unassigned; Type: Aero Mite; Group: Cho a 10.0101; Allergenicity: IgE but no biological test; 1st V: 13; curationNote: 
AEX34122.1	ncbi	species: Penicillium crustosum; common name: Fungus; IUIS Allergen: Pen cr 26.0101; Type: Aero Fungi; Group: Penicillium crustosum  Pen cr 26 60s P1; Allergenicity: IgE but no biological test; 1st V: 13; curationNote: 
AEY79726.1	ncbi	species: Daucus carota; common name: Carrot; IUIS Allergen: Unassigned; Type: Food Plant; Group: Daucus cyclophilin; Allergenicity: IgE but no biological test; 1st V: 13; curationNote: 
AEY79727.1	ncbi	species: Daucus carota; common name: Carrot; IUIS Allergen: Unassigned; Type: Food Plant; Group: Daucus Dau c 5 isoflavone reductase; Allergenicity: IgE but no biological test; 1st V: 13; curationNote: 
AEY79728.1	ncbi	species: Daucus carota; common name: Carrot; IUIS Allergen: Dau c 5.0101; Type: Food Plant; Group: Daucus Dau c 5 isoflavone reductase; Allergenicity: IgE but no biological test; 1st V: 13; curationNote: 
AFA45339.1	ncbi	species: Procambarus clarkii; common name: red swamp crayfish; IUIS Allergen: Pro c 2.0101; Type: Food Animal; Group: Pro c 2  arginine kinase; Allergenicity: IgE but no biological test; 1st V: 13; curationNote: 
AFA45340.1	ncbi	species: Scylla paramamosain; common name: green mud crab; IUIS Allergen: Scy p 2.0101; Type: Food Animal; Group: Scylla arginine kinase Scy p 2; Allergenicity: IgE but no biological test; 1st V: 13; curationNote: 
AFJ68065.1	ncbi	species: Dermatophagoides pteronyssinus; common name: House dust mite; IUIS Allergen: Unassigned; Type: Aero Mite; Group: Dermatophagoides Der p 1 Der f 1 Der m 1; Allergenicity: IgE plus basophil+ or SPT+; 1st V: 13; curationNote: 
AFJ68066.1	ncbi	species: Dermatophagoides farinae; common name: House dust mite; IUIS Allergen: Unassigned; Type: Aero Mite; Group: Dermatophagoides Der p 1 Der f 1 Der m 1; Allergenicity: IgE plus basophil+ or SPT+; 1st V: 13; curationNote: 
AFJ68067.1	ncbi	species: Dermatophagoides pteronyssinus; common name: House dust mite; IUIS Allergen: Unassigned; Type: Aero Mite; Group: Dermatophagoides Der p 2 / Der f 2; Allergenicity: IgE plus basophil+ or SPT+; 1st V: 13; curationNote: 
AFJ68070.1	ncbi	species: Dermatophagoides pteronyssinus; common name: House dust mite; IUIS Allergen: Unassigned; Type: Aero Mite; Group: Dermatophagoides Der p 2 / Der f 2; Allergenicity: IgE plus basophil+ or SPT+; 1st V: 13; curationNote: 
AFJ68072.1	ncbi	species: Dermatophagoides farinae; common name: House dust mite; IUIS Allergen: Unassigned; Type: Aero Mite; Group: Dermatophagoides Der p 2 / Der f 2; Allergenicity: IgE plus basophil+ or SPT+; 1st V: 13; curationNote: 
AFJ80778.1	ncbi	species: Scylla paramamosain; common name: green mud crab; IUIS Allergen: Scy p 4.0101; Type: Food Animal; Group: Scylla paramamosain Scy p 4 Sarc Ca Binding Ptn; Allergenicity: IgE but no biological test; 1st V: 18; curationNote: 
AFJ97274.1	ncbi	species: Hevea brasiliensis; common name: Para rubber tree; IUIS Allergen: Unassigned; Type: Contact; Group: Hevea Hev b 2; Allergenicity: IgE plus basophil+ or SPT+; 1st V: 13; curationNote: 
AFJ97275.1	ncbi	species: Hevea brasiliensis; common name: Para rubber tree; IUIS Allergen: Unassigned; Type: Contact; Group: Hevea Hev b 2; Allergenicity: IgE plus basophil+ or SPT+; 1st V: 13; curationNote: 
AFM77001.1	ncbi	species: Malus x domestica; common name: Apple; IUIS Allergen: Unassigned; Type: Food Plant; Group: Malus Mal d 2; Allergenicity: IgE but no biological test; 1st V: 13; curationNote: 
AFN42528.1	ncbi	species: Cannabis sativa; common name: Hemp; IUIS Allergen: Unassigned; Type: Unassigned; Group: Can s 5 Cannabis Bet v 1 homologue; Allergenicity: IgE plus basophil+ or SPT+; 1st V: 22; curationNote: 
AFP95338.1	ncbi	species: Procambarus clarkii; common name: red swamp crayfish; IUIS Allergen: Pro c 5.0101; Type: Food Animal; Group: Pro c 5 myosin; Allergenicity: IgE but no biological test; 1st V: 19; curationNote: 
AFV53352.1	ncbi	species: Oreochromis mossambicus; common name: Mozambique tilapia; IUIS Allergen: Ore m 4.0101; Type: Food Animal; Group: Oreochromis Ore m 4 tropomyosin; Allergenicity: IgE but no biological test; 1st V: 14; curationNote: 
AFY98826.1	ncbi	species: Anisakis pegreffii; common name: Parasitic fish worm; IUIS Allergen: Ani s 13.0101; Type: Worm (parasite); Group: Anisaki Ani s 13; Allergenicity: IgE but no biological test; 1st V: 15; curationNote: 
AGA84056.1	ncbi	species: Arachis hypogaea; common name: Peanut; IUIS Allergen: Unassigned; Type: Food Plant; Group: Arachis Ara h 5; Allergenicity: IgE plus basophil+ or SPT+; 1st V: 14; curationNote: 
AGC36415.1	ncbi	species: Ulocladium microsporum; common name: ; IUIS Allergen: Unassigned; Type: Aero Fungi; Group: Ulocladium alt a1-like; Allergenicity: IgE but no biological test; 1st V: 18; curationNote: 
AGC36416.1	ncbi	species: Ulocladium sp. XGZ-2011a; common name: ; IUIS Allergen: Unassigned; Type: Aero Fungi; Group: Ulocladium alt a1-like; Allergenicity: IgE but no biological test; 1st V: 18; curationNote: 
AGC39164.1	ncbi	species: Actinidia deliciosa; common name: Kiwi; IUIS Allergen: Unassigned; Type: Food Plant; Group: Actinidia Act d 5 kiwellin; Allergenicity: IgE plus basophil+ or SPT+; 1st V: 14; curationNote: 
AGC39165.1	ncbi	species: Actinidia deliciosa; common name: Kiwi; IUIS Allergen: Unassigned; Type: Food Plant; Group: Actinidia Act d 5 kiwellin; Allergenicity: IgE plus basophil+ or SPT+; 1st V: 14; curationNote: 
AGC39166.1	ncbi	species: Actinidia deliciosa; common name: Kiwi; IUIS Allergen: Unassigned; Type: Food Plant; Group: Actinidia Act d 5 kiwellin; Allergenicity: IgE plus basophil+ or SPT+; 1st V: 14; curationNote: 
AGC39167.1	ncbi	species: Actinidia deliciosa; common name: Kiwi; IUIS Allergen: Unassigned; Type: Food Plant; Group: Actinidia Act d 5 kiwellin; Allergenicity: IgE plus basophil+ or SPT+; 1st V: 14; curationNote: 
AGC39168.1	ncbi	species: Actinidia chinensis; common name: Kiwi; IUIS Allergen: Act c 5.0102; Type: Food Plant; Group: Actinidia Act c 5 kiwellin; Allergenicity: IgE but no biological test; 1st V: 14; curationNote: 
AGC39169.1	ncbi	species: Actinidia eriantha; common name: Climber (plant); IUIS Allergen: Unassigned; Type: Food Plant; Group: Actinidia eriantha kiwellin; Allergenicity: IgE but no biological test; 1st V: 14; curationNote: 
AGC39170.1	ncbi	species: Actinidia eriantha; common name: Climber (plant); IUIS Allergen: Unassigned; Type: Food Plant; Group: Actinidia eriantha kiwellin; Allergenicity: IgE but no biological test; 1st V: 14; curationNote: 
AGC39171.1	ncbi	species: Actinidia eriantha; common name: Climber (plant); IUIS Allergen: Unassigned; Type: Food Plant; Group: Actinidia eriantha kiwellin; Allergenicity: IgE but no biological test; 1st V: 14; curationNote: 
AGC39172.1	ncbi	species: Actinidia arguta; common name: Hardy Kiwi; IUIS Allergen: Unassigned; Type: Food Plant; Group: Actinidia arguta kiwellin; Allergenicity: IgE but no biological test; 1st V: 14; curationNote: 
AGC39173.1	ncbi	species: Actinidia arguta; common name: Hardy Kiwi; IUIS Allergen: Unassigned; Type: Food Plant; Group: Actinidia arguta kiwellin; Allergenicity: IgE but no biological test; 1st V: 14; curationNote: 
AGC39174.1	ncbi	species: Actinidia arguta; common name: Hardy Kiwi; IUIS Allergen: Unassigned; Type: Food Plant; Group: Actinidia arguta kiwellin; Allergenicity: IgE but no biological test; 1st V: 14; curationNote: 
AGC39176.1	ncbi	species: Actinidia chinensis; common name: Kiwi; IUIS Allergen: Unassigned; Type: Food Plant; Group: Actinidia Act d 2 thaumatin like protein; Allergenicity: IgE plus basophil+ or SPT+; 1st V: 14; curationNote: 
AGC56216.1	ncbi	species: Dermatophagoides farinae; common name: House dust mite; IUIS Allergen: Der f 25.0101; Type: Aero Mite; Group: Dermatophagoides Der f 25; Allergenicity: IgE but no biological test; 1st V: 14; curationNote: 
AGC56218.1	ncbi	species: Dermatophagoides farinae; common name: House dust mite; IUIS Allergen: Der f 28.0101; Type: Aero Mite; Group: Dermatophagoides Der f 28; Allergenicity: IgE but no biological test; 1st V: 14; curationNote: 
AGC56219.1	ncbi	species: Dermatophagoides farinae; common name: House dust mite; IUIS Allergen: Der f 30.0101; Type: Aero Mite; Group: Der f 30; Allergenicity: IgE plus basophil+ or SPT+; 1st V: 14; curationNote: 
AGC60020.1	ncbi	species: Anisakis pegreffii; common name: Parasitic fish worm; IUIS Allergen: Unassigned; Type: Important Worm (parasite); Group: Anisakis Ani s 2 paramyosin; Allergenicity: IgE but no biological test; 1st V: 14; curationNote: 
AGC60026.1	ncbi	species: Anisakis pegreffii; common name: Parasitic fish worm; IUIS Allergen: Unassigned; Type: Food Animal; Group: Anisakis Ani s 12; Allergenicity: IgE but no biological test; 1st V: 14; curationNote: 
AGC60027.1	ncbi	species: Anisakis pegreffii; common name: Parasitic fish worm; IUIS Allergen: Unassigned; Type: Food Animal; Group: Anisakis Ani s 12; Allergenicity: IgE but no biological test; 1st V: 14; curationNote: 
AGC60028.1	ncbi	species: Anisakis pegreffii; common name: Parasitic fish worm; IUIS Allergen: Unassigned; Type: Food Animal; Group: Anisakis Ani s 12; Allergenicity: IgE but no biological test; 1st V: 14; curationNote: 
AGC60029.1	ncbi	species: Anisakis simplex; common name: Parasitic fish worm; IUIS Allergen: Unassigned; Type: Food Animal; Group: Anisakis Ani s 12; Allergenicity: IgE but no biological test; 1st V: 14; curationNote: 
AGC60030.1	ncbi	species: Anisakis simplex; common name: Parasitic fish worm; IUIS Allergen: Unassigned; Type: Food Animal; Group: Anisakis Ani s 12; Allergenicity: IgE but no biological test; 1st V: 14; curationNote: 
AGC60031.1	ncbi	species: Anisakis simplex; common name: Parasitic fish worm; IUIS Allergen: Unassigned; Type: Food Animal; Group: Anisakis Ani s 12; Allergenicity: IgE but no biological test; 1st V: 14; curationNote: 
AGC60035.1	ncbi	species: Anisakis simplex; common name: Parasitic fish worm; IUIS Allergen: Unassigned; Type: Food Animal; Group: Anisakis Ani s 1 protease inhibitor; Allergenicity: IgE plus basophil+ or SPT+; 1st V: 14; curationNote: 
AGC60036.1	ncbi	species: Anisakis simplex; common name: Parasitic fish worm; IUIS Allergen: Unassigned; Type: Food Animal; Group: Anisakis Ani s 1 protease inhibitor; Allergenicity: IgE plus basophil+ or SPT+; 1st V: 14; curationNote: 
AGE44125.1	ncbi	species: Portunus pelagicus; common name: blue swimmer crab; IUIS Allergen: Por p 1.0101; Type: Food Animal; Group: Portunus Por p 1 tropomyosin; Allergenicity: IgE plus basophil+ or SPT+; 1st V: 14; curationNote: 
AGF86397.1	ncbi	species: Melicertus latisulcatus; common name: King Prawn; IUIS Allergen: Mel l 1.0101; Type: Food Animal; Group: Melicertus tropomyosin; Allergenicity: IgE but no biological test; 1st V: 14; curationNote: 
AGG10560.1	ncbi	species: Tyrophagus putrescentiae; common name: Dust mite; IUIS Allergen: Unassigned; Type: Aero Mite; Group: Tyrophagus Tyr p 8; Allergenicity: IgE plus basophil+ or SPT+; 1st V: 14; curationNote: 
AGL34967.1	ncbi	species: Coffea arabica; common name: Coffee; IUIS Allergen: Cof a 2.0101; Type: Food Plant; Group: Coffea Cof a 2; Allergenicity: IgE but no biological test; 1st V: 15; curationNote: 
AGL34968.1	ncbi	species: Coffea arabica; common name: Coffee; IUIS Allergen: Cof a 3.0101; Type: Food Plant; Group: Coffea  Cof a 3; Allergenicity: IgE but no biological test; 1st V: 15; curationNote: 
AGM32377.1	ncbi	species: Coptotermes formosanus; common name: ; IUIS Allergen: Unassigned; Type: Food Animal; Group: Coptotermes Copt f 7; Allergenicity: IgE but no biological test; 1st V: 19; curationNote: 
AGM48615.1	ncbi	species: Sarcoptes scabiei type suis; common name: Scabies mite; IUIS Allergen: Unassigned; Type: Aero Mite; Group: Sarcoptes Apolipoprotein Ssag1.2; Allergenicity: IgE but no biological test; 1st V: 15; curationNote: 
AGR27935.1	ncbi	species: Prunus dulcis; common name: Almond; IUIS Allergen: Unassigned; Type: Food Plant; Group: Prunus Pru du 6 Amandin; Allergenicity: IgE but no biological test; 1st V: 15; curationNote: 
AGS80276.1	ncbi	species: Alternaria alternata; common name: Fungus; IUIS Allergen: Alt a 14.0101; Type: Aero Fungi; Group: Alternaria MnSOD Alt a 14; Allergenicity: IgE but no biological test; 1st V: 15; curationNote: 
AGT20779.1	ncbi	species: Fenneropenaeus merguiensis; common name: Banana Prawn; IUIS Allergen: Unassigned; Type: Food Animal; Group: Fenneropenaeus  hemocyanin banana shrimp; Allergenicity: IgE but no biological test; 1st V: 15; curationNote: 
AGT28425.1	ncbi	species: Phodopus sungorus; common name: Siberian hamster; IUIS Allergen: Phod s 1.0101; Type: Aero Plant; Group: Phodopus sungorus lipocalin; Allergenicity: IgE plus basophil+ or SPT+; 1st V: 16; curationNote: 
AGW21344.1	ncbi	species: Prunus persica; common name: Peach; IUIS Allergen: Unassigned; Type: Food Plant; Group: Prunus Pru 3; Allergenicity: IgE plus basophil+ or SPT+; 1st V: 15; curationNote: 
AHA36627.1	ncbi	species: Corylus avellana; common name: European hazelnut; IUIS Allergen: Unassigned; Type: Aero Plant; Group: Corylus Cor a 9; Allergenicity: IgE plus basophil+ or SPT+; 1st V: 16; curationNote: 
AHA56102.1	ncbi	species: Ambrosia artemisiifolia; common name: Short ragweed; IUIS Allergen: Amb a 11.0101; Type: Aero Plant; Group: Ambrosia artemisiifolia Amb a 11; Allergenicity: IgE plus basophil+ or SPT+; 1st V: 15; curationNote: 
AHA85706.1	ncbi	species: Macrobrachium rosenbergii; common name: Giant River Prawn; IUIS Allergen: Unassigned; Type: Food Animal; Group: Macrobrachium rosenbergii shrimp tropomyosin; Allergenicity: IgE but no biological test; 1st V: 15; curationNote: 
AHB19225.1	ncbi	species: Punica granatum; common name: Pomegranate; IUIS Allergen: Pun g 1.0301; Type: Food Plant; Group: Punica Pun g 1; Allergenicity: IgE but no biological test; 1st V: 15; curationNote: 
AHB19226.1	ncbi	species: Punica granatum; common name: Pomegranate; IUIS Allergen: Pun g 1.0201; Type: Food Plant; Group: Punica Pun g 1; Allergenicity: IgE but no biological test; 1st V: 15; curationNote: 
AHB19227.1	ncbi	species: Punica granatum; common name: Pomegranate; IUIS Allergen: Pun g 1.0101; Type: Food Plant; Group: Punica Pun g 1; Allergenicity: IgE but no biological test; 1st V: 15; curationNote: 
AHC08073.1	ncbi	species: Solanum lycopersicum (Lycopersicon esculentum); common name: Tomato; IUIS Allergen: Unassigned; Type: Food Plant; Group: Solanum Sola l 4 PR-10 (Lyc e 4); Allergenicity: IgE but no biological test; 1st V: 15; curationNote: 
AHC08074.1	ncbi	species: Solanum lycopersicum (Lycopersicon esculentum); common name: Tomato; IUIS Allergen: Sola l 4.0201; Type: Food Plant; Group: Solanum Sola l 4 PR-10 (Lyc e 4); Allergenicity: IgE but no biological test; 1st V: 15; curationNote: 
AHC94806.1	ncbi	species: Dermatophagoides farinae; common name: House dust mite; IUIS Allergen: Der f 21.0101; Type: Aero Mite; Group: Der f 21; Allergenicity: IgE but no biological test; 1st V: 15; curationNote: 
AHC94918.1	ncbi	species: Pinus koraiensis; common name: ; IUIS Allergen: Pin k 2.0101; Type: Food Plant; Group: Pinus koraiensis vicilin Pin k 2.0101; Allergenicity: IgE but no biological test; 1st V: 15; curationNote: 
AHF71021.1	ncbi	species: Artemisia absinthium; common name: ; IUIS Allergen: Art ab 1; Type: Aero Plant; Group: Artemisia vulgaris like Art v 1; Allergenicity: IgE but no biological test; 1st V: 17; curationNote: 
AHF71025.1	ncbi	species: Artemisia ludoviciana; common name: ; IUIS Allergen: Unassigned; Type: Aero Plant; Group: Artemisia vulgaris like Art v 1; Allergenicity: IgE but no biological test; 1st V: 17; curationNote: 
AHF71026.1	ncbi	species: Artemisia tridentata; common name: ; IUIS Allergen: Unassigned; Type: Aero Plant; Group: Artemisia vulgaris like Art v 1; Allergenicity: IgE but no biological test; 1st V: 17; curationNote: 
AHF71027.1	ncbi	species: Betula pendula; common name: European white birch; IUIS Allergen: Bet v 8.0101; Type: Aero Plant; Group: Betula Bet v 8 glutathione S-transferase; Allergenicity: IgE plus basophil+ or SPT+; 1st V: 16; curationNote: 
AHL24656.1	ncbi	species: Olea europaea; common name: Olive tree; IUIS Allergen: Unassigned; Type: Aero Plant; Group: Ole e 14 Olea europea polygalacturonase; Allergenicity: IgE but no biological test; 1st V: 15; curationNote: 
AHL24657.1	ncbi	species: Salsola kali; common name: Thistle; IUIS Allergen: Unassigned; Type: Aero Plant; Group: Salsola kali Sal k 6.01; Allergenicity: IgE plus basophil+ or SPT+; 1st V: 15; curationNote: 
AHL24658.1	ncbi	species: Salsola kali; common name: Thistle; IUIS Allergen: Unassigned; Type: Aero Plant; Group: Salsola Sal k 4 profilin; Allergenicity: IgE plus basophil+ or SPT+; 1st V: 15; curationNote: 
AHL24660.1	ncbi	species: Fraxinus excelsior; common name: European ash; IUIS Allergen: Unassigned; Type: Aero Plant; Group: Fraxinus excelsior profilin not in WHO IUIS; Allergenicity: IgE but no biological test; 1st V: 15; curationNote: 
AHL24661.1	ncbi	species: Fraxinus excelsior; common name: European ash; IUIS Allergen: Unassigned; Type: Aero Plant; Group: Fraxinus excelsior polcalcin -- not WHO IUIS; Allergenicity: IgE but no biological test; 1st V: 15; curationNote: removed internal tab
AHM25035.1	ncbi	species: Apis mellifera carnica; common name: Honeybee; IUIS Allergen: Unassigned; Type: Venom or Salivary; Group: Apis Api m 10 icarapin; Allergenicity: IgE but no biological test; 1st V: 16; curationNote: 
AHM25036.1	ncbi	species: Apis mellifera carnica; common name: Honeybee; IUIS Allergen: Unassigned; Type: Venom or Salivary; Group: Apis Api m 10 icarapin; Allergenicity: IgE but no biological test; 1st V: 16; curationNote: 
AHM25037.1	ncbi	species: Apis mellifera carnica; common name: Honeybee; IUIS Allergen: Unassigned; Type: Venom or Salivary; Group: Apis Api m 10 icarapin; Allergenicity: IgE but no biological test; 1st V: 16; curationNote: 
AHM25038.1	ncbi	species: Apis mellifera carnica; common name: Honeybee; IUIS Allergen: Unassigned; Type: Venom or Salivary; Group: Apis Api m 10 icarapin; Allergenicity: IgE but no biological test; 1st V: 16; curationNote: 
AHW81906.1	ncbi	species: Morus alba var. atropurpurea; common name: White Mulberry; IUIS Allergen: Unassigned; Type: Food Plant; Group: Morus winter accumulating protein; Allergenicity: IgE but no biological test; 1st V: 15; curationNote: 
AHX03180.1	ncbi	species: Dermatophagoides farinae; common name: House dust mite; IUIS Allergen: Der f 4.0101; Type: Aero Mite; Group: Dermatophagoides farinae Der f 4; Allergenicity: IgE but no biological test; 1st V: 15; curationNote: 
AHY02994.1	ncbi	species: Fusarium proliferatum; common name: Fungus; IUIS Allergen: Fus p 4.0101; Type: Aero Fungi; Group: Fusarium Fus p 4; Allergenicity: IgE but no biological test; 1st V: 15; curationNote: 
AHY24177.1	ncbi	species: Prosopis juliflora; common name: mesquite; IUIS Allergen: Pro j 2.0101; Type: Aero Plant; Group: Prosopis Pro j 2; Allergenicity: IgE but no biological test; 1st V: 15; curationNote: 
AHY24648.1	ncbi	species: Canis familiaris; common name: Dog; IUIS Allergen: Unassigned; Type: Aero Animal; Group: Canis Can f 4 epithelial 18 kDa; Allergenicity: IgE but no biological test; 1st V: 16; curationNote: 
AHZ97469.1	ncbi	species: Alternaria alternata; common name: Fungus; IUIS Allergen: Unassigned; Type: Aero Fungi; Group: Alternaria Alt a 15; Allergenicity: IgE but no biological test; 1st V: 17; curationNote: 
AII81930.1	ncbi	species: Blattella germanica; common name: German cockroach; IUIS Allergen: Unassigned; Type: Unassigned; Group: Bla g 12 Chitinase; Allergenicity: IgE but no biological test; 1st V: 22; curationNote: 
AIL01316.1	ncbi	species: Sorghum halepense; common name: Johnson grass; IUIS Allergen: Sor h 1.0101; Type: Aero Plant; Group: Sorghum Sor h 1; Allergenicity: IgE but no biological test; 1st V: 15; curationNote: 
AIL01317.1	ncbi	species: Sorghum halepense; common name: Johnson grass; IUIS Allergen: Sor h 1.0201; Type: Aero Plant; Group: Sorghum Sor h 1; Allergenicity: IgE but no biological test; 1st V: 15; curationNote: 
AIL01318.1	ncbi	species: Sorghum halepense; common name: Johnson grass; IUIS Allergen: Sor h 2.0101; Type: Aero Plant; Group: Sorghum halepens group 2 allergen; Allergenicity: IgE but no biological test; 1st V: 16; curationNote: 
AIL01319.1	ncbi	species: Sorghum halepense; common name: Johnson grass; IUIS Allergen: Sor h 2.0201; Type: Aero Plant; Group: Sorghum halepens group 2 allergen; Allergenicity: IgE but no biological test; 1st V: 16; curationNote: 
AIL01320.1	ncbi	species: Sorghum halepense; common name: Johnson grass; IUIS Allergen: Sor h 13.0101; Type: Aero Plant; Group: Sorghum Sor h 13; Allergenicity: IgE but no biological test; 1st V: 15; curationNote: 
AIL01321.1	ncbi	species: Sorghum halepense; common name: Johnson grass; IUIS Allergen: Sor h 13.0201; Type: Aero Plant; Group: Sorghum Sor h 13; Allergenicity: IgE but no biological test; 1st V: 15; curationNote: 
AIO08848.1	ncbi	species: Dermatophagoides farinae; common name: House dust mite; IUIS Allergen: Der f 28.0201; Type: Aero Mite; Group: Dermatophagoides Der f 28; Allergenicity: IgE but no biological test; 1st V: 15; curationNote: 
AIO08849.1	ncbi	species: Dermatophagoides farinae; common name: House dust mite; IUIS Allergen: Der f 32.0101; Type: Aero Mite; Group: Der f 32; Allergenicity: IgE but no biological test; 1st V: 15; curationNote: 
AIO08850.1	ncbi	species: Dermatophagoides farinae; common name: House dust mite; IUIS Allergen: Der f 20.0101; Type: Aero Mite; Group: Dermatophagoides Der f 20 / Der p 20; Allergenicity: IgE but no biological test; 1st V: 15; curationNote: 
AIO08851.1	ncbi	species: Dermatophagoides farinae; common name: House dust mite; IUIS Allergen: Der p 1.0102; Type: Aero Mite; Group: Dermatophagoides Der f 27; Allergenicity: IgE plus basophil+ or SPT+; 1st V: 15; curationNote: 
AIO08853.1	ncbi	species: Dermatophagoides farinae; common name: House dust mite; IUIS Allergen: Unassigned; Type: Aero Mite; Group: Dermatophagoides Der p 7 /  Der f 7; Allergenicity: IgE plus basophil+ or SPT+; 1st V: 16; curationNote: 
AIO08860.1	ncbi	species: Dermatophagoides farinae; common name: House dust mite; IUIS Allergen: Der f 25.0201; Type: Aero Mite; Group: Dermatophagoides Der f 25; Allergenicity: IgE but no biological test; 1st V: 15; curationNote: 
AIO08861.1	ncbi	species: Dermatophagoides farinae; common name: House dust mite; IUIS Allergen: Der f 33.0101; Type: Aero Mite; Group: Dermatophagoides Der f 33; Allergenicity: IgE but no biological test; 1st V: 15; curationNote: 
AIO08864.1	ncbi	species: Dermatophagoides farinae; common name: House dust mite; IUIS Allergen: Unassigned; Type: Aero Mite; Group: Dermatophagoides Der p 11 / Der f 11; Allergenicity: IgE plus basophil+ or SPT+; 1st V: 16; curationNote: 
AIO08866.1	ncbi	species: Dermatophagoides farinae; common name: House dust mite; IUIS Allergen: Unassigned; Type: Aero Mite; Group: Dermatophagoides Profilin; Allergenicity: IgE but no biological test; 1st V: 16; curationNote: 
AIO08867.1	ncbi	species: Dermatophagoides farinae; common name: House dust mite; IUIS Allergen: Unassigned; Type: Aero Mite; Group: Dermatophagoides farinae Pseudo-Der f 8; Allergenicity: IgE but no biological test; 1st V: 16; curationNote: 
AIO08870.1	ncbi	species: Dermatophagoides farinae; common name: House dust mite; IUIS Allergen: Der f 31.0101; Type: Aero Mite; Group: Dermatophagoides Der f 31; Allergenicity: IgE plus basophil+ or SPT+; 1st V: 15; curationNote: 
AIP86939.1	ncbi	species: Dermatophagoides farinae; common name: House dust mite; IUIS Allergen: Unassigned; Type: Aero Mite; Group: Dermatophagoides farinae Der f 4; Allergenicity: IgE but no biological test; 1st V: 16; curationNote: 
AIP86940.1	ncbi	species: Dermatophagoides farinae; common name: House dust mite; IUIS Allergen: Unassigned; Type: Aero Mite; Group: Dermatophagoides farinae Der f 4; Allergenicity: IgE but no biological test; 1st V: 16; curationNote: 
AIP86941.1	ncbi	species: Dermatophagoides farinae; common name: House dust mite; IUIS Allergen: Unassigned; Type: Aero Mite; Group: Dermatophagoides farinae Der f 4; Allergenicity: IgE but no biological test; 1st V: 16; curationNote: 
AIP86942.1	ncbi	species: Dermatophagoides farinae; common name: House dust mite; IUIS Allergen: Unassigned; Type: Aero Mite; Group: Dermatophagoides farinae Der f 4; Allergenicity: IgE but no biological test; 1st V: 16; curationNote: 
AIP86943.1	ncbi	species: Dermatophagoides farinae; common name: House dust mite; IUIS Allergen: Unassigned; Type: Aero Mite; Group: Dermatophagoides farinae Der f 4; Allergenicity: IgE but no biological test; 1st V: 16; curationNote: 
AIP86944.1	ncbi	species: Dermatophagoides farinae; common name: House dust mite; IUIS Allergen: Unassigned; Type: Aero Mite; Group: Dermatophagoides farinae Der f 4; Allergenicity: IgE but no biological test; 1st V: 16; curationNote: 
AIP86945.1	ncbi	species: Dermatophagoides farinae; common name: House dust mite; IUIS Allergen: Unassigned; Type: Aero Mite; Group: Dermatophagoides farinae Der f 4; Allergenicity: IgE but no biological test; 1st V: 16; curationNote: 
AIP86946.1	ncbi	species: Dermatophagoides farinae; common name: House dust mite; IUIS Allergen: Unassigned; Type: Aero Mite; Group: Dermatophagoides farinae Der f 4; Allergenicity: IgE but no biological test; 1st V: 16; curationNote: 
AIS82657.1	ncbi	species: Rhizopus oryzae; common name: Fungus; IUIS Allergen: Unassigned; Type: Aero Fungi; Group: Rhizopus Rhi o 1.0101; Allergenicity: IgE plus basophil+ or SPT+; 1st V: 16; curationNote: 
AIV43661.1	ncbi	species: Bassia scoparia; common name: summer cypress; IUIS Allergen: Koc 2 2.0101; Type: Aero Plant; Group: Kochia scoparia Koc s 2.01; Allergenicity: IgE but no biological test; 1st V: 17; curationNote: 
AIV43662.1	ncbi	species: Vachellia farnesiana; common name: ; IUIS Allergen: Unassigned; Type: Aero Plant; Group: Acacia (Vachellia) profilin Aca f 2; Allergenicity: IgE but no biological test; 1st V: 17; curationNote: 
AJA79001.1	ncbi	species: Fusarium proliferatum; common name: Fungus; IUIS Allergen: Fus p 9; Type: Aero Fungi; Group: Fusarium proliferatum Fus p 9; Allergenicity: IgE but no biological test; 1st V: 17; curationNote: 
AJE61290.1	ncbi	species: Prunus persica; common name: Peach; IUIS Allergen: Pru p 1.0201; Type: Food Plant; Group: Pru av 1 Pru a 1; Allergenicity: IgE plus basophil+ or SPT+; 1st V: 16; curationNote: 
AJE61291.1	ncbi	species: Prunus persica; common name: Peach; IUIS Allergen: Pru p 1.0301; Type: Food Plant; Group: Pru av 1 Pru a 1; Allergenicity: IgE plus basophil+ or SPT+; 1st V: 16; curationNote: 
AJF93907.1	ncbi	species: Dermatophagoides farinae; common name: House dust mite; IUIS Allergen: Unassigned; Type: Aero Mite; Group: Dermatophagoides farinae Der f 4; Allergenicity: IgE but no biological test; 1st V: 16; curationNote: 
AJG44053.1	ncbi	species: Pisum sativum; common name: Pea; IUIS Allergen: Pis s 3.0101; Type: Food Plant; Group: Pisum sativum Pis s 3; Allergenicity: IgE but no biological test; 1st V: 17; curationNote: 
AJO53282.1	ncbi	species: Blattella germanica; common name: German cockroach; IUIS Allergen: Unassigned; Type: Aero Insect; Group: Blattella  chymotrypsin-like; Allergenicity: IgE but no biological test; 1st V: 16; curationNote: 
AKF12278.1	ncbi	species: Parthenium hysterophorus; common name: ; IUIS Allergen: Par h 1.0101; Type: Aero Plant; Group: Parthenium hysterophorus Par h 1; Allergenicity: IgE but no biological test; 1st V: 17; curationNote: 
AKH04310.1	ncbi	species: Periplaneta americana; common name: American cockroach; IUIS Allergen: Per a 11.0101; Type: Aero Insect; Group: Periplaneta americana Per a 11; Allergenicity: IgE plus basophil+ or SPT+; 1st V: 16; curationNote: 
AKH04311.1	ncbi	species: Periplaneta americana; common name: American cockroach; IUIS Allergen: Per a 12.0101; Type: Aero Insect; Group: Periplaneta americana Per a 12; Allergenicity: IgE plus basophil+ or SPT+; 1st V: 16; curationNote: 
AKJ77985.1	ncbi	species: Triticum aestivum; common name: Wheat; IUIS Allergen: Tri a 45.0101; Type: Aero Plant; Group: Triticum aestivum Tri a 45; Allergenicity: IgE but no biological test; 1st V: 16; curationNote: 
AKJ77986.1	ncbi	species: Triticum aestivum; common name: Wheat; IUIS Allergen: Tri a 42.0101; Type: Aero Plant; Group: Triticum aestivum Tri a 42; Allergenicity: IgE but no biological test; 1st V: 16; curationNote: 
AKJ77987.1	ncbi	species: Triticum aestivum; common name: Wheat; IUIS Allergen: Tri a 43.0101; Type: Aero Plant; Group: Triticum aestivum Tri a 43; Allergenicity: IgE but no biological test; 1st V: 16; curationNote: 
AKJ77988.1	ncbi	species: Triticum aestivum; common name: Wheat; IUIS Allergen: Tri a 41.0101; Type: Aero Plant; Group: Triticum aestivum Tri a 41; Allergenicity: IgE but no biological test; 1st V: 16; curationNote: 
AKJ77990.1	ncbi	species: Triticum aestivum; common name: Wheat; IUIS Allergen: Tri a 44.0101; Type: Aero Plant; Group: Triticum aestivum Tri a 44; Allergenicity: IgE but no biological test; 1st V: 16; curationNote: 
AKV72166.1	ncbi	species: Vachellia farnesiana; common name: ; IUIS Allergen: Unassigned; Type: Aero Plant; Group: Acacia (Vachellia) Aca f 1; Allergenicity: IgE but no biological test; 1st V: 17; curationNote: 
AKV72167.1	ncbi	species: Prosopis juliflora; common name: mesquite; IUIS Allergen: Pro j 1.0101; Type: Aero Plant; Group: Prosopis juliflora Pro j 1.0101; Allergenicity: IgE but no biological test; 1st V: 16; curationNote: 
AKV72168.1	ncbi	species: Amaranthus retroflexus; common name: Common Amaranth; IUIS Allergen: Ama r 1.0101; Type: Aero Plant; Group: Amaranthus retroflexus Ama r 1; Allergenicity: IgE but no biological test; 1st V: 16; curationNote: 
AKV72169.1	ncbi	species: Bassia scoparia; common name: summer cypress; IUIS Allergen: Koc s 1.0101; Type: Aero Plant; Group: Kochia scoparia -- Koc s 1; Allergenicity: IgE but no biological test; 1st V: 16; curationNote: removed internal tab
ALA22868.1	ncbi	species: Dermatophagoides pteronyssinus; common name: House dust mite; IUIS Allergen: Unassigned; Type: Aero Mite; Group: Dermatophagoides Der p 23 Peritrophin-like protein; Allergenicity: IgE plus basophil+ or SPT+; 1st V: 17; curationNote: 
ALA22869.1	ncbi	species: Dermatophagoides pteronyssinus; common name: House dust mite; IUIS Allergen: Unassigned; Type: Aero Mite; Group: Dermatophagoides Der p 23 Peritrophin-like protein; Allergenicity: IgE plus basophil+ or SPT+; 1st V: 17; curationNote: 
ALF00099.1	ncbi	species: Platanus x acerifolia; common name: London plane tree; IUIS Allergen: Pla a 3.0201; Type: Aero Plant; Group: Platanus acerifolia Pla a 3; Allergenicity: IgE plus basophil+ or SPT+; 1st V: 17; curationNote: 
ALF39466.1	ncbi	species: Platanus x acerifolia; common name: London plane tree; IUIS Allergen: Pla a 3.0101; Type: Aero Plant; Group: Platanus acerifolia Pla a 3; Allergenicity: IgE plus basophil+ or SPT+; 1st V: 16; curationNote: 
ALM24136.1	ncbi	species: Rhizopus oryzae; common name: Fungus; IUIS Allergen: Rhi o 2.0101; Type: Aero Fungi; Group: Rhi o 2 cyclophilin; Allergenicity: IgE plus basophil+ or SPT+; 1st V: 17; curationNote: 
ALO17641.1	ncbi	species: Helianthus annuus; common name: Sunflower; IUIS Allergen: Unassigned; Type: Unassigned; Group: Hel a 15 2S albumin; Allergenicity: IgE but no biological test; 1st V: 23; curationNote: 
ALO17643.1	ncbi	species: Helianthus annuus; common name: Sunflower; IUIS Allergen: Unassigned; Type: Unassigned; Group: Hel a 15 2S albumin precursor; Allergenicity: IgE but no biological test; 1st V: 23; curationNote: 
ALU66112.1	ncbi	species: Dermatophagoides farinae; common name: House dust mite; IUIS Allergen: Unassigned; Type: Aero Mite; Group: Dermatophagoides Der f 23 like; Allergenicity: IgE plus basophil+ or SPT+; 1st V: 17; curationNote: 
ANC85006.1	ncbi	species: Artemisia annua; common name: ; IUIS Allergen: Unassigned; Type: Aero Plant; Group: Artemisia vulgaris like Art v 1; Allergenicity: IgE but no biological test; 1st V: 18; curationNote: 
ANC85007.1	ncbi	species: Artemisia annua; common name: ; IUIS Allergen: Unassigned; Type: Aero Plant; Group: Artemisia vulgaris like Art v 1; Allergenicity: IgE but no biological test; 1st V: 18; curationNote: 
ANC85010.1	ncbi	species: Artemisia capillaris; common name: ; IUIS Allergen: Unassigned; Type: Aero Plant; Group: Art v 1 homologues; Allergenicity: IgE but no biological test; 1st V: 18; curationNote: 
ANC85011.1	ncbi	species: Artemisia gmelinii; common name: ; IUIS Allergen: Unassigned; Type: Aero Plant; Group: Art v 1 homologues; Allergenicity: IgE but no biological test; 1st V: 18; curationNote: 
ANC85012.1	ncbi	species: Artemisia gmelinii; common name: ; IUIS Allergen: Unassigned; Type: Aero Plant; Group: Art v 1 homologues; Allergenicity: IgE but no biological test; 1st V: 18; curationNote: 
ANC85013.1	ncbi	species: Artemisia lavandulifolia; common name: ; IUIS Allergen: Unassigned; Type: Aero Plant; Group: Art v 1 homologues; Allergenicity: IgE but no biological test; 1st V: 18; curationNote: 
ANC85014.1	ncbi	species: Artemisia lavandulifolia; common name: ; IUIS Allergen: Unassigned; Type: Aero Plant; Group: Art v 1 homologues; Allergenicity: IgE but no biological test; 1st V: 18; curationNote: 
ANC85015.2	ncbi	species: Artemisia sieversiana; common name: ; IUIS Allergen: Unassigned; Type: Aero Plant; Group: Art si 1; Allergenicity: IgE but no biological test; 1st V: 22; curationNote: 
ANC85016.1	ncbi	species: Artemisia sieversiana; common name: ; IUIS Allergen: Unassigned; Type: Aero Plant; Group: Art v 1 homologues; Allergenicity: IgE but no biological test; 1st V: 18; curationNote: 
ANW10058.1	ncbi	species: Rastrelliger kanagurta; common name: ; IUIS Allergen: Ras k 1.0101; Type: Food Animal; Group: Rastrelliger Ras k 1 parvalbumin; Allergenicity: IgE but no biological test; 1st V: 18; curationNote: 
AOD75395.1	ncbi	species: Tyrophagus putrescentiae; common name: Dust mite; IUIS Allergen: Tyr p 28.0101; Type: Aero Mite; Group: Tyrophagus putrescentiae Tyr p 28; Allergenicity: IgE but no biological test; 1st V: 17; curationNote: 
AOD75396.1	ncbi	species: Tyrophagus putrescentiae; common name: Dust mite; IUIS Allergen: Tyr p 35.0101; Type: Aero Mite; Group: Tyrophagus putrescentiae Tyr p 35; Allergenicity: IgE but no biological test; 1st V: 17; curationNote: 
AOD75399.1	ncbi	species: Tyrophagus putrescentiae; common name: Dust mite; IUIS Allergen: Tyr p 36.0101; Type: Aero Mite; Group: Tyrophagus putrescentiae Tyr p 36; Allergenicity: IgE but no biological test; 1st V: 17; curationNote: 
AOO96842.1	ncbi	species: Oncorhynchus mykiss; common name: rainbow trout; IUIS Allergen: Unassigned; Type: Food Animal; Group: Oncorhynchus Rainbow trout parv Onc m 1; Allergenicity: IgE but no biological test; 1st V: 19; curationNote: 
APD76154.1	ncbi	species: Juglans regia; common name: English walnut; IUIS Allergen: Jug r 5.0101; Type: Food Plant; Group: Jug r 5; Allergenicity: IgE plus basophil+ or SPT+; 1st V: 17; curationNote: 
APG29330.1	ncbi	species: Malus x domestica; common name: Apple; IUIS Allergen: Unassigned; Type: Food Plant; Group: Malus Mal d 2; Allergenicity: IgE but no biological test; 1st V: 18; curationNote: 
APG42675.1	ncbi	species: Haliotis laevigata x Haliotis rubra; common name: ; IUIS Allergen: Hal l 1.0101; Type: Food Animal; Group: Haliotis Hal m 1 tropomyosin; Allergenicity: IgE but no biological test; 1st V: 18; curationNote: 
APP94292.1	ncbi	species: Scylla paramamosain; common name: green mud crab; IUIS Allergen: Scy p 8.0101; Type: Food Animal; Group: Scy p 8; Allergenicity: IgE but no biological test; 1st V: 18; curationNote: 
APR62629.1	ncbi	species: Juglans nigra; common name: Black walnut; IUIS Allergen: Jug n 4.0101; Type: Food Plant; Group: Jug n 4; Allergenicity: IgE but no biological test; 1st V: 18; curationNote: 
APU87554.1	ncbi	species: Blomia tropicalis; common name: Mite; IUIS Allergen: Unassigned; Type: Aero Mite; Group: Blomia Blo t 5; Allergenicity: IgE plus basophil+ or SPT+; 1st V: 18; curationNote: 
APU87556.1	ncbi	species: Blomia tropicalis; common name: Mite; IUIS Allergen: Unassigned; Type: Aero Mite; Group: Blomia Blo t 5; Allergenicity: IgE plus basophil+ or SPT+; 1st V: 18; curationNote: 
APU87557.1	ncbi	species: Blomia tropicalis; common name: Mite; IUIS Allergen: Unassigned; Type: Aero Mite; Group: Blomia Blo t 5; Allergenicity: IgE plus basophil+ or SPT+; 1st V: 18; curationNote: 
APU87558.1	ncbi	species: Blomia tropicalis; common name: Mite; IUIS Allergen: Unassigned; Type: Aero Mite; Group: Blomia Blo t 5; Allergenicity: IgE plus basophil+ or SPT+; 1st V: 18; curationNote: 
APY24042.1	ncbi	species: Triticum monococcum subsp. aegilopoides; common name: ; IUIS Allergen: Unassigned; Type: Gliadin; Group: Triticum alpha/beta gliadin; Allergenicity: IgE plus basophil+ or SPT+; 1st V: 18; curationNote: 
ARQ16437.1	ncbi	species: Artemisia annua; common name: ; IUIS Allergen: Unassigned; Type: Aero Plant; Group: Art an 7 putative galactose oxidase; Allergenicity: IgE but no biological test; 1st V: 19; curationNote: 
ARQ16438.1	ncbi	species: Artemisia argyi; common name: ; IUIS Allergen: Unassigned; Type: Aero Plant; Group: Art an 7 putative galactose oxidase; Allergenicity: IgE but no biological test; 1st V: 19; curationNote: 
ARQ16439.1	ncbi	species: Artemisia capillaris; common name: ; IUIS Allergen: Unassigned; Type: Aero Plant; Group: Art an 7 putative galactose oxidase; Allergenicity: IgE but no biological test; 1st V: 19; curationNote: 
ARQ16440.1	ncbi	species: Artemisia gmelinii; common name: ; IUIS Allergen: Unassigned; Type: Aero Plant; Group: Art an 7 putative galactose oxidase; Allergenicity: IgE but no biological test; 1st V: 19; curationNote: 
ARQ16441.1	ncbi	species: Artemisia lavandulifolia; common name: ; IUIS Allergen: Unassigned; Type: Aero Plant; Group: Art an 7 putative galactose oxidase; Allergenicity: IgE but no biological test; 1st V: 19; curationNote: 
ARQ16442.1	ncbi	species: Artemisia sieversiana; common name: ; IUIS Allergen: Unassigned; Type: Aero Plant; Group: Art an 7 putative galactose oxidase; Allergenicity: IgE but no biological test; 1st V: 19; curationNote: 
ARQ16443.1	ncbi	species: Artemisia vulgaris; common name: Mugwort; IUIS Allergen: Unassigned; Type: Aero Plant; Group: Art an 7 putative galactose oxidase; Allergenicity: IgE but no biological test; 1st V: 19; curationNote: 
ARS33724.1	ncbi	species: Salsola kali; common name: Thistle; IUIS Allergen: Sal k 6.0101; Type: Aero Plant; Group: Salsola kali Sal k 6.01; Allergenicity: IgE plus basophil+ or SPT+; 1st V: 18; curationNote: 
ARX70262.1	ncbi	species: Crassostrea gigas; common name: American  oyster; IUIS Allergen: Cra g 1.0101; Type: Food Animal; Group: Crassostrea Tropomyosin Cra g 1; Allergenicity: IgE but no biological test; 1st V: 18; curationNote: 
ASL68918.2	ncbi	species: Anisakis simplex; common name: Parasitic fish worm; IUIS Allergen: Unassigned; Type: Worm (parasite); Group: Anisaki Ani s 13; Allergenicity: IgE but no biological test; 1st V: 19; curationNote: 
ASX95438.1	ncbi	species: Blomia tropicalis; common name: Mite; IUIS Allergen: Blo t 7.0101; Type: Aero Mite; Group: Blomia Blo t 7; Allergenicity: IgE but no biological test; 1st V: 18; curationNote: 
ATI08931.1	ncbi	species: Dermatophagoides farinae; common name: House dust mite; IUIS Allergen: Unassigned; Type: Aero Mite; Group: Der f 36 from Proteome; Allergenicity: IgE but no biological test; 1st V: 18; curationNote: 
ATI08932.1	ncbi	species: Dermatophagoides pteronyssinus; common name: House dust mite; IUIS Allergen: Unassigned; Type: Aero Mite; Group: Der p 36; Allergenicity: IgE but no biological test; 1st V: 18; curationNote: 
ATI08948.1	ncbi	species: Dermatophagoides pteronyssinus; common name: House dust mite; IUIS Allergen: Unassigned; Type: Aero Mite; Group: Dermatophagoides Der f 35; Allergenicity: IgE but no biological test; 1st V: 19; curationNote: 
AUH28179.1	ncbi	species: Quercus mongolica; common name: ; IUIS Allergen: Unassigned; Type: Aero Plant; Group: Quercus Que a 1 Que m 1; Allergenicity: IgE plus basophil+ or SPT+; 1st V: 19; curationNote: 
AUR45012.1	ncbi	species: Bacillus subtilis; common name: ; IUIS Allergen: Unassigned; Type: Unassigned; Group: Bacillus subtilis Bac s 1; Allergenicity: IgE plus basophil+ or SPT+; 1st V: 22; curationNote: 
AUW37958.1	ncbi	species: Periplaneta americana; common name: American cockroach; IUIS Allergen: Unassigned; Type: Aero Insect; Group: Per a 5 Periplaneta GST; Allergenicity: IgE plus basophil+ or SPT+; 1st V: 19; curationNote: 
AUX14773.1	ncbi	species: Dermatophagoides pteronyssinus; common name: House dust mite; IUIS Allergen: Unassigned; Type: Aero Mite; Group: Dermatophagoides Der f 33; Allergenicity: IgE but no biological test; 1st V: 19; curationNote: 
AUX14776.1	ncbi	species: Dermatophagoides pteronyssinus; common name: House dust mite; IUIS Allergen: Unassigned; Type: Aero Mite; Group: Dermatophagoides Profilin; Allergenicity: IgE but no biological test; 1st V: 19; curationNote: 
AVD29824.1	ncbi	species: Artemisia capillaris; common name: ; IUIS Allergen: Unassigned; Type: Aero Plant; Group: Art v 2 homologues; Allergenicity: IgE but no biological test; 1st V: 19; curationNote: 
AVD29825.1	ncbi	species: Artemisia gmelinii; common name: ; IUIS Allergen: Unassigned; Type: Aero Plant; Group: Art v 2 homologues; Allergenicity: IgE but no biological test; 1st V: 19; curationNote: 
AVD29826.1	ncbi	species: Artemisia lavandulifolia; common name: ; IUIS Allergen: Unassigned; Type: Aero Plant; Group: Art v 2 homologues; Allergenicity: IgE but no biological test; 1st V: 19; curationNote: 
AVD29827.1	ncbi	species: Artemisia sieversiana; common name: ; IUIS Allergen: Unassigned; Type: Aero Plant; Group: Art v 2 homologues; Allergenicity: IgE but no biological test; 1st V: 19; curationNote: 
AVD29828.1	ncbi	species: Artemisia vulgaris; common name: Mugwort; IUIS Allergen: Unassigned; Type: Aero Plant; Group: Art v 2 homologues; Allergenicity: IgE but no biological test; 1st V: 19; curationNote: 
AVD53650.1	ncbi	species: Saccostrea glomerata; common name: ; IUIS Allergen: Sac g 1; Type: Food Animal; Group: Saccostrea glomerata Sac g 1; Allergenicity: IgE but no biological test; 1st V: 19; curationNote: 
AVD53651.1	ncbi	species: Juglans regia; common name: English walnut; IUIS Allergen: Unassigned; Type: Food Plant; Group: Jug r 7; Allergenicity: IgE but no biological test; 1st V: 20; curationNote: 
AVQ67919.1	ncbi	species: Periplaneta americana; common name: American cockroach; IUIS Allergen: Unassigned; Type: Unassigned; Group: Per a 13  GAPDH putative v19; Allergenicity: IgE plus basophil+ or SPT+; 1st V: 19; curationNote: 
AVV30163.1	ncbi	species: Olea europaea; common name: Olive tree; IUIS Allergen: Unassigned; Type: Aero Plant; Group: Olea Ole e 15  cyclophilin; Allergenicity: IgE but no biological test; 1st V: 20; curationNote: 
AVW83019.1	ncbi	species: Juniperus chinensis; common name: ; IUIS Allergen: Unassigned; Type: Unassigned; Group: Juniperus Jun a/v 1; Allergenicity: IgE but no biological test; 1st V: 22; curationNote: 
AVW83020.1	ncbi	species: Artemisia sieversiana; common name: ; IUIS Allergen: Unassigned; Type: Aero Plant; Group: Art si 1; Allergenicity: IgE but no biological test; 1st V: 22; curationNote: 
AVW83022.1	ncbi	species: Artemisia sieversiana; common name: ; IUIS Allergen: Unassigned; Type: Aero Plant; Group: Artemisia mugwort Art v 5; Allergenicity: IgE plus basophil+ or SPT+; 1st V: 22; curationNote: 
AVW83024.1	ncbi	species: Artemisia sieversiana; common name: ; IUIS Allergen: Unassigned; Type: Aero Plant; Group: Artemisia Art v 6 pectate lyase; Allergenicity: IgE but no biological test; 1st V: 22; curationNote: 
AVW83027.1	ncbi	species: Juniperus chinensis; common name: ; IUIS Allergen: Unassigned; Type: Unassigned; Group: Juniperus Jun a 3; Allergenicity: IgE but no biological test; 1st V: 22; curationNote: 
AVW83028.1	ncbi	species: Juniperus chinensis; common name: ; IUIS Allergen: Unassigned; Type: Unassigned; Group: Juniperus Jun o 4; Allergenicity: IgE but no biological test; 1st V: 22; curationNote: 
AVW83029.1	ncbi	species: Artemisia sieversiana; common name: ; IUIS Allergen: Unassigned; Type: Aero Plant; Group: Art si 3; Allergenicity: IgE but no biological test; 1st V: 22; curationNote: 
AYL64456.1	ncbi	species: Equus caballus; common name: Horse; IUIS Allergen: Unassigned; Type: Aero Animal; Group: Equus Equ c 2; Allergenicity: IgE but no biological test; 1st V: 20; curationNote: 
B0FRF9.1	uniprot	species: Litopenaeus vannamei; common name: Whiteleg Shrimp; IUIS Allergen: Unassigned; Type: Food Animal; Group: Litopenaeus Lit v 2; Allergenicity: IgE but no biological test; 1st V: 20; curationNote: 
B0X6Z1.1	uniprot	species: Culex pipiens quinquefasciatus; common name: ; IUIS Allergen: Unassigned; Type: Unassigned; Group: Cul q 2.01 D7 protein; Allergenicity: IgE but no biological test; 1st V: 24; curationNote: 
B0XAA1.1	uniprot	species: Culex pipiens quinquefasciatus; common name: ; IUIS Allergen: Unassigned; Type: Unassigned; Group: Cul q 2.01 D7 protein; Allergenicity: IgE but no biological test; 1st V: 24; curationNote: 
B3A0N2.1	uniprot	species: Lycium barbarum; common name: wolfberry; IUIS Allergen: Unassigned; Type: Food Plant; Group: Lycium ltp; Allergenicity: IgE but no biological test; 1st V: 13; curationNote: 
B3EWE5.3	uniprot	species: Manilkara zapota; common name: Sapodilla plum; IUIS Allergen: Unassigned; Type: Food Plant; Group: Manilkara Thaumatin like protein 1; Allergenicity: IgE but no biological test; 1st V: 14; curationNote: 
B3EWP3.1	uniprot	species: Arachis hypogaea; common name: Peanut; IUIS Allergen: Ara h 12.0101; Type: Food Plant; Group: Arachis Ara h 12; Allergenicity: IgE but no biological test; 1st V: 17; curationNote: 
B3EWP4.1	uniprot	species: Arachis hypogaea; common name: Peanut; IUIS Allergen: Ara h 13.0101; Type: Food Plant; Group: Arachis Ara h 13 defensin; Allergenicity: IgE but no biological test; 1st V: 17; curationNote: 
B3EWS0.1	uniprot	species: Manilkara zapota; common name: Sapodilla plum; IUIS Allergen: Unassigned; Type: Food Plant; Group: Manilkara Thaumatin like protein 1; Allergenicity: IgE but no biological test; 1st V: 14; curationNote: 
B45786	ncbi	species: Betula pendula; common name: European white birch; IUIS Allergen: Unassigned; Type: Aero Plant; Group: Betula Bet v 1b; Allergenicity: IgE plus basophil+ or SPT+; 1st V: 7; curationNote: 
B53806	ncbi	species: Olea europaea; common name: Olive tree; IUIS Allergen: Ole e 1.0103; Type: Aero Plant; Group: Olea Ole e 1; Allergenicity: IgE plus basophil+ or SPT+; 1st V: 7; curationNote: 
B7SNI3.1	uniprot	species: Litopenaeus vannamei; common name: Whiteleg Shrimp; IUIS Allergen: Unassigned; Type: Unassigned; Group: Litopenaeus Lit v 3 myosin; Allergenicity: IgE but no biological test; 1st V: 23; curationNote: 
BAA00154.1	ncbi	species: Glycine max; common name: Soybean; IUIS Allergen: Gly m 6.0201; Type: Food Plant; Group: Glycine Gly m 6.0201; Allergenicity: IgE but no biological test; 1st V: 15; curationNote: 
BAA01239.1	ncbi	species: Dermatophagoides farinae; common name: House dust mite; IUIS Allergen: Der f 2.0101; Type: Aero Mite; Group: Dermatophagoides Der p 2 / Der f 2; Allergenicity: IgE plus basophil+ or SPT+; 1st V: 15; curationNote: 
BAA01240.1	ncbi	species: Dermatophagoides farinae; common name: House dust mite; IUIS Allergen: Der f 2.0102; Type: Aero Mite; Group: Dermatophagoides Der p 2 / Der f 2; Allergenicity: IgE plus basophil+ or SPT+; 1st V: 7; curationNote: 
BAA01241.1	ncbi	species: Dermatophagoides farinae; common name: House dust mite; IUIS Allergen: Der f 2.0103; Type: Aero Mite; Group: Dermatophagoides Der p 2 / Der f 2; Allergenicity: IgE plus basophil+ or SPT+; 1st V: 7; curationNote: 
BAA01996.1	ncbi	species: Oryza sativa (japonica cultivar-group); common name: Rice; IUIS Allergen: Unassigned; Type: Food Plant; Group: Oryza Trypsin alpha-amylase inhibitor; Allergenicity: IgE but no biological test; 1st V: 7; curationNote: 
BAA01998.1	ncbi	species: Oryza sativa (japonica cultivar-group); common name: Rice; IUIS Allergen: Unassigned; Type: Food Plant; Group: Oryza Trypsin alpha-amylase inhibitor; Allergenicity: IgE but no biological test; 1st V: 7; curationNote: 
BAA04149.1	ncbi	species: Solanum tuberosum; common name: Potato; IUIS Allergen: Sola t 4.0101; Type: Food Plant; Group: Solanum Sola t 4; Allergenicity: IgE plus basophil+ or SPT+; 1st V: 15; curationNote: 
BAA04557.1	ncbi	species: Dermatophagoides farinae; common name: House dust mite; IUIS Allergen: Der f 10.0101; Type: Aero Mite; Group: Dermatophagoides Der p 10 / Der f 10; Allergenicity: IgE plus basophil+ or SPT+; 1st V: 7; curationNote: 
BAA04558.1	ncbi	species: Dermatophagoides farinae; common name: House dust mite; IUIS Allergen: Der f 14.0101; Type: Aero Mite; Group: Dermatophagoides Der p 14 / Der f 14; Allergenicity: IgE but no biological test; 1st V: 7; curationNote: 
BAA05540.1	ncbi	species: Bacillus sp.; common name: Bacteria; IUIS Allergen: Unassigned; Type: Bacteria airway; Group: Bacillus lentus Esperase; Allergenicity: IgE but no biological test; 1st V: 9; curationNote: 
BAA05542.1	ncbi	species: Cryptomeria japonica; common name: Japanese cedar; IUIS Allergen: Cry j 1.0101; Type: Aero Plant; Group: Cryptomeria Cry j 1; Allergenicity: IgE but no biological test; 1st V: 15; curationNote: 
BAA05543.1	ncbi	species: Cryptomeria japonica; common name: Japanese cedar; IUIS Allergen: Cry j 1.0102; Type: Aero Plant; Group: Cryptomeria Cry j 1; Allergenicity: IgE but no biological test; 1st V: 8; curationNote: 
BAA06172.1	ncbi	species: Cryptomeria japonica; common name: Japanese cedar; IUIS Allergen: Cry j 2.0101; Type: Aero Plant; Group: Cryptomeria Cry j 2; Allergenicity: IgE plus basophil+ or SPT+; 1st V: 9; curationNote: 
BAA06905.1	ncbi	species: Cucumis melo; common name: Muskmelon; IUIS Allergen: Cuc m 1.0101; Type: Food Plant; Group: Cucumis Cuc m 1; Allergenicity: IgE but no biological test; 1st V: 7; curationNote: 
BAA07020.1	ncbi	species: Cryptomeria japonica; common name: Japanese cedar; IUIS Allergen: Cry j 1.0103; Type: Aero Plant; Group: Cryptomeria Cry j 1; Allergenicity: IgE but no biological test; 1st V: 15; curationNote: 
BAA07710.1	ncbi	species: Oryza sativa (japonica cultivar-group); common name: Rice; IUIS Allergen: Unassigned; Type: Food Plant; Group: Oryza Trypsin alpha-amylase inhibitor; Allergenicity: IgE but no biological test; 1st V: 7; curationNote: 
BAA07711.1	ncbi	species: Oryza sativa (japonica cultivar-group); common name: Rice; IUIS Allergen: Unassigned; Type: Food Plant; Group: Oryza Trypsin alpha-amylase inhibitor; Allergenicity: IgE but no biological test; 1st V: 7; curationNote: 
BAA07712.1	ncbi	species: Oryza sativa (japonica cultivar-group); common name: Rice; IUIS Allergen: Unassigned; Type: Food Plant; Group: Oryza Trypsin alpha-amylase inhibitor; Allergenicity: IgE but no biological test; 1st V: 7; curationNote: 
BAA07713.1	ncbi	species: Oryza sativa (japonica cultivar-group); common name: Rice; IUIS Allergen: Unassigned; Type: Food Plant; Group: Oryza Trypsin alpha-amylase inhibitor; Allergenicity: IgE but no biological test; 1st V: 7; curationNote: 
BAA07772.1	ncbi	species: Oryza sativa (japonica cultivar-group); common name: Rice; IUIS Allergen: Unassigned; Type: Food Plant; Group: Oryza Trypsin alpha-amylase inhibitor; Allergenicity: IgE but no biological test; 1st V: 7; curationNote: 
BAA07773.1	ncbi	species: Oryza sativa (japonica cultivar-group); common name: Rice; IUIS Allergen: Unassigned; Type: Food Plant; Group: Oryza Trypsin alpha-amylase inhibitor; Allergenicity: IgE but no biological test; 1st V: 7; curationNote: 
BAA07774.1	ncbi	species: Oryza sativa (japonica cultivar-group); common name: Rice; IUIS Allergen: Unassigned; Type: Food Plant; Group: Oryza Trypsin alpha-amylase inhibitor; Allergenicity: IgE but no biological test; 1st V: 7; curationNote: 
BAA08246.1	ncbi	species: Chamaecyparis obtusa; common name: Japanese cypress; IUIS Allergen: Cha o 1.0101; Type: Aero Plant; Group: Chamaecyparis Cha o 1; Allergenicity: IgE but no biological test; 1st V: 7; curationNote: 
BAA09634.1	ncbi	species: Brassica rapa; common name: Turnip; IUIS Allergen: Bra r 5.0101; Type: Food Plant; Group: Brassica Calcim binding protein Group I; Allergenicity: IgE but no biological test; 1st V: 15; curationNote: 
BAA09920.1	ncbi	species: Dermatophagoides farinae; common name: House dust mite; IUIS Allergen: Der f 3.0101; Type: Aero Mite; Group: Dermatophagoides Der p 3 / Der f 3; Allergenicity: IgE but no biological test; 1st V: 15; curationNote: 
BAA11251.1	ncbi	species: Triticum aestivum; common name: Wheat; IUIS Allergen: Unassigned; Type: Gliadin; Group: Triticum Tri a 20; Allergenicity: IgE plus basophil+ or SPT+; 1st V: 7; curationNote: 
BAA12318.1	ncbi	species: Triticum aestivum; common name: Wheat; IUIS Allergen: Unassigned; Type: Gliadin; Group: Triticum alpha/beta gliadin; Allergenicity: IgE plus basophil+ or SPT+; 1st V: 7; curationNote: 
BAA13604.1	ncbi	species: Daucus carota; common name: Carrot; IUIS Allergen: Dau c 1.0102; Type: Food Plant; Group: Daucus Dau c 1; Allergenicity: IgE plus basophil+ or SPT+; 1st V: 7; curationNote: 
BAA13973.1	ncbi	species: Gallus gallus; common name: chicken; IUIS Allergen: Gal d 6.0101; Type: Food Animal; Group: Gallus Gal d 6 YGP42; Allergenicity: IgE but no biological test; 1st V: 14; curationNote: 
BAA23360.2	ncbi	species: Glycine max; common name: Soybean; IUIS Allergen: Gly m 5.0101; Type: Food Plant; Group: Glycine Gly m 5.0101 alpha subunit beta congl; Allergenicity: IgE but no biological test; 1st V: 15; curationNote: 
BAA25899.1	ncbi	species: Glycine max; common name: Soybean; IUIS Allergen: Unassigned; Type: Food Plant; Group: Glycine Gly m Bd 30 kDa; Allergenicity: IgE but no biological test; 1st V: 7; curationNote: 
BAA32435.1	ncbi	species: Malassezia furfur; common name: Yeast; IUIS Allergen: Mala f 2.0101; Type: Contact; Group: Malassezia Mala f 2; Allergenicity: IgE but no biological test; 1st V: 7; curationNote: 
BAA32436.1	ncbi	species: Malassezia furfur; common name: Yeast; IUIS Allergen: Mala f 3.0101; Type: Contact; Group: Malassezia Mala f 3; Allergenicity: IgE but no biological test; 1st V: 7; curationNote: 
BAA74451.1	ncbi	species: Vigna radiata; common name: mung bean; IUIS Allergen: Vig r 6.0101; Type: Food Plant; Group: Vigna Vig r 6 Cytokinin-specific binding protein; Allergenicity: IgE but no biological test; 1st V: 14; curationNote: 
BAA74452.2	ncbi	species: Glycine max; common name: Soybean; IUIS Allergen: Gly m 5.0201; Type: Food Plant; Group: Glycine Gly m 5.0201 alpha prime beta congly; Allergenicity: IgE but no biological test; 1st V: 15; curationNote: 
BAA74953.1	ncbi	species: Glycine max; common name: Soybean; IUIS Allergen: Gly m 6.0401; Type: Food Plant; Group: Glycine Gly m 6.0401; Allergenicity: IgE but no biological test; 1st V: 15; curationNote: 
BAB15802.1	ncbi	species: Glycine max; common name: Soybean; IUIS Allergen: Gly m 6.0501; Type: Food Plant; Group: Glycine Gly m 6.0501; Allergenicity: IgE but no biological test; 1st V: 15; curationNote: 
BAB21489.1	ncbi	species: Betula platyphylla; common name: Japanese white birch; IUIS Allergen: Unassigned; Type: Aero Plant; Group: Betula Bet v 1; Allergenicity: IgE plus basophil+ or SPT+; 1st V: 7; curationNote: 
BAB21490.1	ncbi	species: Betula platyphylla; common name: Japanese white birch; IUIS Allergen: Unassigned; Type: Aero Plant; Group: Betula Bet v 1; Allergenicity: IgE plus basophil+ or SPT+; 1st V: 7; curationNote: 
BAB21491.1	ncbi	species: Betula platyphylla; common name: Japanese white birch; IUIS Allergen: Unassigned; Type: Aero Plant; Group: Betula Bet v 1; Allergenicity: IgE plus basophil+ or SPT+; 1st V: 7; curationNote: 
BAB21619.2	ncbi	species: Glycine max; common name: Soybean; IUIS Allergen: Unassigned; Type: Food Plant; Group: Glycine Gly m Bd 28K; Allergenicity: IgE but no biological test; 1st V: 15; curationNote: 
BAB64303.1	ncbi	species: Glycine max; common name: Soybean; IUIS Allergen: Unassigned; Type: Food Plant; Group: Glycine Gly m 5.0201 alpha prime beta congly; Allergenicity: IgE but no biological test; 1st V: 15; curationNote: 
BAB64306.1	ncbi	species: Glycine max; common name: Soybean; IUIS Allergen: Unassigned; Type: Food Plant; Group: Glycine Gly m 5.0301 beta sub unit beta congl; Allergenicity: IgE but no biological test; 1st V: 15; curationNote: 
BAB71741.1	ncbi	species: Oryza sativa (japonica cultivar-group); common name: Rice; IUIS Allergen: Unassigned; Type: Food Plant; Group: Oryza Glyoxalase I; Allergenicity: IgE but no biological test; 1st V: 7; curationNote: 
BAB79444.1	ncbi	species: Fagopyrum esculentum; common name: Buckwheat; IUIS Allergen: Unassigned; Type: Food Plant; Group: Fagopyrum BW 8 kDa protein; Allergenicity: IgE but no biological test; 1st V: 7; curationNote: 
BAB88129.1	ncbi	species: Daucus carota; common name: Carrot; IUIS Allergen: Unassigned; Type: Food Plant; Group: Daucus Dau c 1; Allergenicity: IgE plus basophil+ or SPT+; 1st V: 7; curationNote: 
BAC10663.1	ncbi	species: Canis familiaris; common name: Dog; IUIS Allergen: Can f 3.0101; Type: Aero Animal; Group: Canis Can f 3 Serum albumin; Allergenicity: IgE plus basophil+ or SPT+; 1st V: 15; curationNote: 
BAC19997.1	ncbi	species: Oryza sativa (japonica cultivar-group); common name: Rice; IUIS Allergen: Unassigned; Type: Food Plant; Group: Oryza Trypsin alpha-amylase inhibitor; Allergenicity: IgE but no biological test; 1st V: 8; curationNote: 
BAC20650.1	ncbi	species: Oryza sativa (japonica cultivar-group); common name: Rice; IUIS Allergen: Unassigned; Type: Food Plant; Group: Oryza Trypsin alpha-amylase inhibitor; Allergenicity: IgE but no biological test; 1st V: 7; curationNote: 
BAC20657.1	ncbi	species: Oryza sativa (japonica cultivar-group); common name: Rice; IUIS Allergen: Unassigned; Type: Food Plant; Group: Oryza Trypsin alpha-amylase inhibitor; Allergenicity: IgE but no biological test; 1st V: 8; curationNote: 
BAC23082.1	ncbi	species: Cryptomeria japonica; common name: Japanese cedar; IUIS Allergen: ; Type: Aero Plant; Group: Cryptomeria Cry j 2; Allergenicity: IgE plus basophil+ or SPT+; 1st V: 7; curationNote: 
BAC23083.1	ncbi	species: Cryptomeria japonica; common name: Japanese cedar; IUIS Allergen: ; Type: Aero Plant; Group: Cryptomeria Cry j 2; Allergenicity: IgE plus basophil+ or SPT+; 1st V: 7; curationNote: 
BAC23084.1	ncbi	species: Cryptomeria japonica; common name: Japanese cedar; IUIS Allergen: ; Type: Aero Plant; Group: Cryptomeria Cry j 2; Allergenicity: IgE plus basophil+ or SPT+; 1st V: 7; curationNote: 
BAC53948.1	ncbi	species: Dermatophagoides farinae; common name: House dust mite; IUIS Allergen: Der f 1.0101; Type: Aero Mite; Group: Dermatophagoides Der p 1 Der f 1 Der m 1; Allergenicity: IgE plus basophil+ or SPT+; 1st V: 7; curationNote: 
BAC66618.1	ncbi	species: Scomber japonicus; common name: Chub mackerel; IUIS Allergen: Sco j 1; Type: Food Animal; Group: Scomber Parvalbumin Sco s 1; Allergenicity: IgE but no biological test; 1st V: 7; curationNote: 
BAC76688.1	ncbi	species: Triticum aestivum; common name: Wheat; IUIS Allergen: Unassigned; Type: Food Plant; Group: Triticum Tri a 27.0101 Thiol reductase; Allergenicity: IgE but no biological test; 1st V: 7; curationNote: 
BAD13150.1	ncbi	species: Oryza sativa (japonica cultivar-group); common name: Rice; IUIS Allergen: Unassigned; Type: Aero Plant; Group: Oryza putative polcalcin Phl p 7; Allergenicity: IgE but no biological test; 1st V: 7; curationNote: 
BAD36780.1	ncbi	species: Myrmecia banksi; common name: Giant Bull Ant; IUIS Allergen: Myr p 3.0101; Type: Venom or Salivary; Group: Myrmecia Myr p 3 listed as Myrmecia banksi; Allergenicity: IgE but no biological test; 1st V: 15; curationNote: 
BAD74060.2	ncbi	species: Dermatophagoides farinae; common name: House dust mite; IUIS Allergen: Unassigned; Type: Aero Mite; Group: Dermatophagoides Der p 2 / Der f 2; Allergenicity: IgE plus basophil+ or SPT+; 1st V: 11; curationNote: 
BAD77932.1	ncbi	species: Cryptomeria japonica; common name: Japanese cedar; IUIS Allergen: Unassigned; Type: Aero Plant; Group: Cryptomeria class IV chitinase; Allergenicity: IgE but no biological test; 1st V: 7; curationNote: 
BAE20328.1	ncbi	species: Triticum aestivum; common name: Wheat; IUIS Allergen: Tri a 19.0101; Type: Food Plant; Group: Triticum omega-5 gliadin Tri a 19; Allergenicity: IgE plus basophil+ or SPT+; 1st V: 7; curationNote: 
BAE45865.1	ncbi	species: Dermatophagoides farinae; common name: House dust mite; IUIS Allergen: Unassigned; Type: Aero Mite; Group: Dermatophagoides Der f 5-like; Allergenicity: IgE but no biological test; 1st V: 7; curationNote: 
BAE46763.1	ncbi	species: Trachurus japonicus; common name: Japanese horse mackerel; IUIS Allergen: Unassigned; Type: Food Animal; Group: Trachurus parvalbumin; Allergenicity: IgE but no biological test; 1st V: 7; curationNote: 
BAE54429.1	ncbi	species: Sepia esculenta; common name: cuttlefish; IUIS Allergen: Unassigned; Type: Food Animal; Group: Sepia tropomyosin; Allergenicity: IgE but no biological test; 1st V: 7; curationNote: 
BAE54430.1	ncbi	species: Sepioteuthis lessoniana; common name: bigfin reef squid; IUIS Allergen: Unassigned; Type: Food Animal; Group: Sepioteuthis tropomyosin; Allergenicity: IgE but no biological test; 1st V: 7; curationNote: 
BAE54431.1	ncbi	species: Todarodes pacificus; common name: Japanese flying squid; IUIS Allergen: Unassigned; Type: Food Animal; Group: Todarodes Tod p 1; Allergenicity: IgE but no biological test; 1st V: 7; curationNote: 
BAE54432.1	ncbi	species: Ommastrephes bartramii; common name: red squid; IUIS Allergen: Unassigned; Type: Food Animal; Group: Ommastrephes tropomyosin; Allergenicity: IgE but no biological test; 1st V: 7; curationNote: 
BAE54433.1	ncbi	species: Octopus vulgaris; common name: Octopus; IUIS Allergen: Unassigned; Type: Food Animal; Group: Octopus tropomyosin; Allergenicity: IgE but no biological test; 1st V: 7; curationNote: 
BAF32105.1	ncbi	species: Cryptomeria japonica; common name: Japanese cedar; IUIS Allergen: Unassigned; Type: Aero Plant; Group: Cryptomeria Cry j 2; Allergenicity: IgE plus basophil+ or SPT+; 1st V: 8; curationNote: 
BAF32110.1	ncbi	species: Cryptomeria japonica; common name: Japanese cedar; IUIS Allergen: Unassigned; Type: Aero Plant; Group: Cryptomeria Cry j 2; Allergenicity: IgE plus basophil+ or SPT+; 1st V: 8; curationNote: 
BAF32116.1	ncbi	species: Cryptomeria japonica; common name: Japanese cedar; IUIS Allergen: Unassigned; Type: Aero Plant; Group: Cryptomeria Cry j 2; Allergenicity: IgE plus basophil+ or SPT+; 1st V: 8; curationNote: 
BAF32119.1	ncbi	species: Cryptomeria japonica; common name: Japanese cedar; IUIS Allergen: Unassigned; Type: Aero Plant; Group: Cryptomeria Cry j 2; Allergenicity: IgE plus basophil+ or SPT+; 1st V: 8; curationNote: 
BAF32122.1	ncbi	species: Cryptomeria japonica; common name: Japanese cedar; IUIS Allergen: Unassigned; Type: Aero Plant; Group: Cryptomeria Cry j 2; Allergenicity: IgE plus basophil+ or SPT+; 1st V: 8; curationNote: 
BAF32128.1	ncbi	species: Cryptomeria japonica; common name: Japanese cedar; IUIS Allergen: Unassigned; Type: Aero Plant; Group: Cryptomeria Cry j 2; Allergenicity: IgE plus basophil+ or SPT+; 1st V: 8; curationNote: 
BAF32130.1	ncbi	species: Cryptomeria japonica; common name: Japanese cedar; IUIS Allergen: Unassigned; Type: Aero Plant; Group: Cryptomeria Cry j 2; Allergenicity: IgE plus basophil+ or SPT+; 1st V: 8; curationNote: 
BAF32133.1	ncbi	species: Cryptomeria japonica; common name: Japanese cedar; IUIS Allergen: Unassigned; Type: Aero Plant; Group: Cryptomeria Cry j 2; Allergenicity: IgE plus basophil+ or SPT+; 1st V: 8; curationNote: 
BAF32134.1	ncbi	species: Cryptomeria japonica; common name: Japanese cedar; IUIS Allergen: Unassigned; Type: Aero Plant; Group: Cryptomeria Cry j 2; Allergenicity: IgE plus basophil+ or SPT+; 1st V: 8; curationNote: 
BAF32143.1	ncbi	species: Chamaecyparis obtusa; common name: Japanese cypress; IUIS Allergen: Unassigned; Type: Aero Plant; Group: Chamaecyparis Cha o 2; Allergenicity: IgE but no biological test; 1st V: 8; curationNote: 
BAF43534.1	ncbi	species: Anisakis simplex; common name: Parasitic fish worm; IUIS Allergen: Ani s 5.0101; Type: Food Animal; Group: Anisakis Ani s 5 SXP/RAL-2 family protein; Allergenicity: IgE but no biological test; 1st V: 8; curationNote: 
BAF45320.1	ncbi	species: Cryptomeria japonica; common name: Japanese cedar; IUIS Allergen: Unassigned; Type: Aero Plant; Group: Cryptomeria Cry j 2; Allergenicity: IgE plus basophil+ or SPT+; 1st V: 9; curationNote: 
BAF46896.1	ncbi	species: Balanus rostratus; common name: Crustacean; IUIS Allergen: Unassigned; Type: Food Animal; Group: Balanus r tropomyosin; Allergenicity: IgE but no biological test; 1st V: 9; curationNote: 
BAF47263.1	ncbi	species: Marsupenaeus japonicus; common name: Kuruma Shrimp; IUIS Allergen: Unassigned; Type: Food Animal; Group: Marsupenaeus tropomyosin; Allergenicity: IgE but no biological test; 1st V: 8; curationNote: 
BAF47265.1	ncbi	species: Paralithodes camtschaticus; common name: Kamchatka crab; IUIS Allergen: Unassigned; Type: Food Animal; Group: Paralithodes tropomyosin; Allergenicity: IgE but no biological test; 1st V: 8; curationNote: 
BAF47266.1	ncbi	species: Paralithodes camtschaticus; common name: Kamchatka crab; IUIS Allergen: Unassigned; Type: Food Animal; Group: Paralithodes tropomyosin; Allergenicity: IgE but no biological test; 1st V: 8; curationNote: 
BAF47268.1	ncbi	species: Erimacrus isenbeckii; common name: Horsehair crab; IUIS Allergen: Unassigned; Type: Food Animal; Group: Erimacrus tropomyosin; Allergenicity: IgE but no biological test; 1st V: 8; curationNote: 
BAF47269.1	ncbi	species: Erimacrus isenbeckii; common name: Horsehair crab; IUIS Allergen: Unassigned; Type: Food Animal; Group: Erimacrus tropomyosin; Allergenicity: IgE but no biological test; 1st V: 8; curationNote: 
BAF51970.1	ncbi	species: Cryptomeria japonica; common name: Japanese cedar; IUIS Allergen: Unassigned; Type: Venom or Salivary; Group: Cryptomeria thaumatin like Cry j 3.8; Allergenicity: IgE plus basophil+ or SPT+; 1st V: 8; curationNote: 
BAF75681.1	ncbi	species: Anisakis simplex; common name: Parasitic fish worm; IUIS Allergen: Ani s 8.0101; Type: Food Animal; Group: Anisakis Ani s 8 SXP/RAL-2 family protein 2; Allergenicity: IgE but no biological test; 1st V: 9; curationNote: 
BAF75704.1	ncbi	species: Anisakis simplex; common name: Parasitic fish worm; IUIS Allergen: Unassigned; Type: Food Animal; Group: Anisakis Ani s 8 SXP/RAL-2 family protein 2; Allergenicity: IgE but no biological test; 1st V: 9; curationNote: 
BAF75705.1	ncbi	species: Anisakis simplex; common name: Parasitic fish worm; IUIS Allergen: Unassigned; Type: Food Animal; Group: Anisakis Ani s 8 SXP/RAL-2 family protein 2; Allergenicity: IgE but no biological test; 1st V: 9; curationNote: 
BAF75706.1	ncbi	species: Anisakis simplex; common name: Parasitic fish worm; IUIS Allergen: Unassigned; Type: Food Animal; Group: Anisakis Ani s 8 SXP/RAL-2 family protein 2; Allergenicity: IgE but no biological test; 1st V: 9; curationNote: 
BAF75707.1	ncbi	species: Anisakis simplex; common name: Parasitic fish worm; IUIS Allergen: Unassigned; Type: Food Animal; Group: Anisakis Ani s 8 SXP/RAL-2 family protein 2; Allergenicity: IgE but no biological test; 1st V: 9; curationNote: 
BAF75708.1	ncbi	species: Anisakis simplex; common name: Parasitic fish worm; IUIS Allergen: Unassigned; Type: Food Animal; Group: Anisakis Ani s 8 SXP/RAL-2 family protein 2; Allergenicity: IgE but no biological test; 1st V: 9; curationNote: 
BAF75709.1	ncbi	species: Anisakis simplex; common name: Parasitic fish worm; IUIS Allergen: Unassigned; Type: Food Animal; Group: Anisakis Ani s 8 SXP/RAL-2 family protein 2; Allergenicity: IgE but no biological test; 1st V: 9; curationNote: 
BAF75710.1	ncbi	species: Anisakis simplex; common name: Parasitic fish worm; IUIS Allergen: Unassigned; Type: Food Animal; Group: Anisakis Ani s 8 SXP/RAL-2 family protein 2; Allergenicity: IgE but no biological test; 1st V: 9; curationNote: 
BAF75711.1	ncbi	species: Anisakis simplex; common name: Parasitic fish worm; IUIS Allergen: Unassigned; Type: Food Animal; Group: Anisakis Ani s 8 SXP/RAL-2 family protein 2; Allergenicity: IgE but no biological test; 1st V: 9; curationNote: 
BAF75712.1	ncbi	species: Anisakis simplex; common name: Parasitic fish worm; IUIS Allergen: Unassigned; Type: Food Animal; Group: Anisakis Ani s 8 SXP/RAL-2 family protein 2; Allergenicity: IgE but no biological test; 1st V: 9; curationNote: 
BAF76430.1	ncbi	species: Euphausia superba; common name: Krill; IUIS Allergen: Unassigned; Type: Food Animal; Group: Euphausia; Allergenicity: IgE plus basophil+ or SPT+; 1st V: 9; curationNote: 
BAF76431.1	ncbi	species: Euphausia pacifica; common name: North Pacific Krill; IUIS Allergen: Unassigned; Type: Food Animal; Group: Euphausia; Allergenicity: IgE plus basophil+ or SPT+; 1st V: 9; curationNote: 
BAF95206.1	ncbi	species: Oratosquilla oratoria; common name: mantis shrimp; IUIS Allergen: Unassigned; Type: Food Animal; Group: Oratosquilla tropomyosin; Allergenicity: IgE plus basophil+ or SPT+; 1st V: 9; curationNote: 
BAH09387.1	ncbi	species: Arthroderma vanbreuseghemii; common name: Fungus; IUIS Allergen: Unassigned; Type: Contact; Group: Trichophyton (Arthroderma) Tri m 4; Allergenicity: IgE plus basophil+ or SPT+; 1st V: 10; curationNote: 
BAH10148.1	ncbi	species: Haliotis discus discus; common name: Disk abalone; IUIS Allergen: Unassigned; Type: Food Animal; Group: Haliotis Hal m 1 tropomyosin; Allergenicity: IgE but no biological test; 1st V: 10; curationNote: 
BAH10149.1	ncbi	species: Batillus cornutus; common name: Japanese turban shell; IUIS Allergen: Unassigned; Type: Food Animal; Group: Batillus Tur c1; Allergenicity: IgE but no biological test; 1st V: 10; curationNote: 
BAH10150.1	ncbi	species: Neptunea polycostata; common name: Wrinkled Neptune; IUIS Allergen: Unassigned; Type: Food Animal; Group: Neptunea tropomyosin; Allergenicity: IgE but no biological test; 1st V: 10; curationNote: 
BAH10151.1	ncbi	species: Scapharca broughtonii; common name: Clam; IUIS Allergen: Unassigned; Type: Food Animal; Group: Scapharca tropomyosin; Allergenicity: IgE but no biological test; 1st V: 10; curationNote: 
BAH10152.1	ncbi	species: Crassostrea gigas; common name: American  oyster; IUIS Allergen: Cra g 1.0102; Type: Food Animal; Group: Crassostrea Tropomyosin Cra g 1; Allergenicity: IgE but no biological test; 1st V: 10; curationNote: 
BAH10153.1	ncbi	species: Fulvia mutica; common name: Mollusc; IUIS Allergen: Unassigned; Type: Food Animal; Group: Fulvia tropomyosin; Allergenicity: IgE but no biological test; 1st V: 10; curationNote: 
BAH10154.1	ncbi	species: Pseudocardium sachalinensis; common name: Mollusc; IUIS Allergen: Unassigned; Type: Food Animal; Group: Pseudocardium tropomyosin; Allergenicity: IgE but no biological test; 1st V: 10; curationNote: 
BAH10155.1	ncbi	species: Tresus keenae; common name: clam; IUIS Allergen: Unassigned; Type: Food Animal; Group: Tresus tropomyosin; Allergenicity: IgE but no biological test; 1st V: 10; curationNote: 
BAH10156.1	ncbi	species: Solen strictus; common name: Gould's razor shell; IUIS Allergen: Unassigned; Type: Food Animal; Group: Solen tropomyosin; Allergenicity: IgE but no biological test; 1st V: 10; curationNote: 
BAH10157.1	ncbi	species: Venerupis philippinarum; common name: Clam; IUIS Allergen: Unassigned; Type: Food Animal; Group: Venerupis tropomyosin; Allergenicity: IgE but no biological test; 1st V: 10; curationNote: 
BAH59276.1	ncbi	species: Protortonia cacti; common name: Arthropod; IUIS Allergen: Unassigned; Type: Food Animal; Group: Protortonia; Allergenicity: IgE but no biological test; 1st V: 11; curationNote: 
BAI94503.1	ncbi	species: Cryptomeria japonica; common name: Japanese cedar; IUIS Allergen: Unassigned; Type: Aero Plant; Group: Cryptomeria pollen allergen CJP-8; Allergenicity: IgE but no biological test; 1st V: 12; curationNote: 
BAJ04354.1	ncbi	species: Cryptomeria japonica; common name: Japanese cedar; IUIS Allergen: Unassigned; Type: Aero Plant; Group: Cryptomeria pollen allergen CPA63; Allergenicity: IgE but no biological test; 1st V: 12; curationNote: 
BAJ07603.1	ncbi	species: Oncorhynchus keta; common name: chum salmon; IUIS Allergen: Onc k 5.0101; Type: Food Animal; Group: Oncorhynchus Onc k 5; Allergenicity: IgE but no biological test; 1st V: 15; curationNote: 
BAJ61596.1	ncbi	species: Haliotis discus discus; common name: Disk abalone; IUIS Allergen: Unassigned; Type: Food Animal; Group: Haliotis paramyosin; Allergenicity: IgE but no biological test; 1st V: 12; curationNote: 
BAJ78220.1	ncbi	species: Anisakis simplex; common name: Parasitic fish worm; IUIS Allergen: Ani s 11.0101; Type: Food Animal; Group: Anisakis Ani s 11; Allergenicity: IgE but no biological test; 1st V: 12; curationNote: 
BAJ78221.1	ncbi	species: Anisakis simplex; common name: Parasitic fish worm; IUIS Allergen: Unassigned; Type: Food Animal; Group: Anisakis Ani s 11; Allergenicity: IgE but no biological test; 1st V: 12; curationNote: 
BAJ78222.1	ncbi	species: Anisakis simplex; common name: Parasitic fish worm; IUIS Allergen: Unassigned; Type: Food Animal; Group: Anisakis Ani s 11; Allergenicity: IgE but no biological test; 1st V: 12; curationNote: 
BAJ78223.1	ncbi	species: Anisakis simplex; common name: Parasitic fish worm; IUIS Allergen: Ani s 12.0101; Type: Food Animal; Group: Anisakis Ani s 12; Allergenicity: IgE but no biological test; 1st V: 12; curationNote: 
BAK09232.1	ncbi	species: Evynnis japonica; common name: Crimson seabream; IUIS Allergen: Unassigned; Type: Food Animal; Group: Evynnis parvalbumin; Allergenicity: IgE but no biological test; 1st V: 12; curationNote: 
BAK09233.1	ncbi	species: Evynnis japonica; common name: Crimson seabream; IUIS Allergen: Unassigned; Type: Food Animal; Group: Evynnis parvalbumin; Allergenicity: IgE but no biological test; 1st V: 12; curationNote: 
BAN29066.1	ncbi	species: Triticum aestivum; common name: Wheat; IUIS Allergen: Tri a 20.0101; Type: Food Plant; Group: Triticum Tri a 20; Allergenicity: IgE plus basophil+ or SPT+; 1st V: 15; curationNote: 
BAN29067.1	ncbi	species: Triticum aestivum; common name: Wheat; IUIS Allergen: Unassigned; Type: Gliadin; Group: Triticum omega-5 gliadin Tri a 19; Allergenicity: IgE plus basophil+ or SPT+; 1st V: 15; curationNote: 
BAN29068.1	ncbi	species: Triticum aestivum; common name: Wheat; IUIS Allergen: Unassigned; Type: Gliadin; Group: Triticum Tri a 26; Allergenicity: IgE plus basophil+ or SPT+; 1st V: 15; curationNote: 
BAN29069.1	ncbi	species: Triticum aestivum; common name: Wheat; IUIS Allergen: Unassigned; Type: Gliadin; Group: Triticum Tri a 36; Allergenicity: IgE but no biological test; 1st V: 15; curationNote: 
BAO50870.1	ncbi	species: Fagopyrum esculentum; common name: Buckwheat; IUIS Allergen: Unassigned; Type: Food Plant; Group: Fagopyrum esculentum 13S globulins IgE binding; Allergenicity: IgE but no biological test; 1st V: 15; curationNote: 
BAO50872.1	ncbi	species: Fagopyrum esculentum; common name: Buckwheat; IUIS Allergen: Unassigned; Type: Food Plant; Group: Fagopyrum esculentum 13S globulins IgE binding; Allergenicity: IgE but no biological test; 1st V: 15; curationNote: 
BAT21117.1	ncbi	species: Fagopyrum esculentum; common name: Buckwheat; IUIS Allergen: Unassigned; Type: Food Plant; Group: Fagopyrum vicilin-like Fag e 3; Allergenicity: IgE but no biological test; 1st V: 17; curationNote: 
BAT62430.1	ncbi	species: Anisakis simplex; common name: Parasitic fish worm; IUIS Allergen: Ani s 14.0101; Type: Food Animal; Group: Anisakis Ani s 14; Allergenicity: IgE but no biological test; 1st V: 17; curationNote: 
BAV90601.1	ncbi	species: Dermatophagoides farinae; common name: House dust mite; IUIS Allergen: Der f 34.0101; Type: Aero Mite; Group: Dermatophagoides farinae Der f 34; Allergenicity: IgE but no biological test; 1st V: 17; curationNote: 
BAW03242.1	ncbi	species: Liposcelis bostrychophila; common name: booklice; IUIS Allergen: Lip b 1.0102; Type: Aero Insect; Group: Liposcelis Lip b 1 Fragments; Allergenicity: IgE but no biological test; 1st V: 18; curationNote: 
BAW03243.1	ncbi	species: Liposcelis bostrychophila; common name: booklice; IUIS Allergen: Lip b 1.0101; Type: Aero Insect; Group: Liposcelis Lip b 1 Fragments; Allergenicity: IgE but no biological test; 1st V: 18; curationNote: 
BAX34757.1	ncbi	species: Dermatophagoides farinae; common name: House dust mite; IUIS Allergen: Der f 35.0101; Type: Aero Mite; Group: Dermatophagoides Der f 35; Allergenicity: IgE but no biological test; 1st V: 18; curationNote: 
BBA83994.1	ncbi	species: Actinidia chinensis; common name: Kiwi; IUIS Allergen: Unassigned; Type: Food Plant; Group: Actinidia Act c 1 Act d 1 Actinidin; Allergenicity: IgE plus basophil+ or SPT+; 1st V: 19; curationNote: 
BBE27860.1	ncbi	species: Fragaria x ananassa; common name: Strawberry; IUIS Allergen: Unassigned; Type: Food Plant; Group: Fragaria  Fra a 1; Allergenicity: IgE plus basophil+ or SPT+; 1st V: 19; curationNote: 
BBP47166.1	ncbi	species: Cupressus sempervirens; common name: Mediterranean Cypress; IUIS Allergen: Unassigned; Type: Unassigned; Group: Cupressus semperverens Cup s 7; Allergenicity: IgE but no biological test; 1st V: 22; curationNote: 
BCK60955.1	ncbi	species: Dermatophagoides microceras; common name: House dust mite; IUIS Allergen: Unassigned; Type: Unassigned; Group: Dermatophagoides microceras Der m 1; Allergenicity: IgE but no biological test; 1st V: 22; curationNote: 
C0HJZ1.1	uniprot	species: Arachis hypogaea; common name: Peanut; IUIS Allergen: Ara h 13.0102; Type: Food Plant; Group: Arachis Ara h 13 defensin; Allergenicity: IgE but no biological test; 1st V: 17; curationNote: 
C0HKC0.1	uniprot	species: Punica granatum; common name: Pomegranate; IUIS Allergen: Pun g 7; Type: Food Plant; Group: Punica peptide Pommaclein Pun g 7; Allergenicity: IgE but no biological test; 1st V: 18; curationNote: 
C0HKF5.1	uniprot	species: Petroselinum crispum; common name: Parsley; IUIS Allergen: Unassigned; Type: Unassigned; Group: Apium Api g 1; Allergenicity: IgE plus basophil+ or SPT+; 1st V: 22; curationNote: 
C0HL99.1	uniprot	species: Actinidia deliciosa; common name: Kiwi; IUIS Allergen: Act d 9.0101; Type: Food Plant; Group: Actinidia Act d 9, profilin; Allergenicity: IgE but no biological test; 1st V: 19; curationNote: 
C0HLA0.1	uniprot	species: Chamaecyparis obtusa; common name: Japanese cypress; IUIS Allergen: Cha o 3.0101; Type: Aero Plant; Group: Chamaecyparis obtusa Cha o 3; Allergenicity: IgE plus basophil+ or SPT+; 1st V: 19; curationNote: 
C0HLL3.1	uniprot	species: Vespa velutina; common name: ; IUIS Allergen: Unassigned; Type: Venom or Salivary; Group: Vesp v 1; Allergenicity: IgE but no biological test; 1st V: 21; curationNote: 
C0HLQ0.1	uniprot	species: Juniperus ashei; common name: Mountain cedar; IUIS Allergen: Unassigned; Type: Unassigned; Group: Cupressus semperverens Cup s 7; Allergenicity: IgE but no biological test; 1st V: 22; curationNote: 
C0HLQ1.1	uniprot	species: Cryptomeria japonica; common name: Japanese cedar; IUIS Allergen: Unassigned; Type: Unassigned; Group: Cupressus semperverens Cup s 7; Allergenicity: IgE but no biological test; 1st V: 22; curationNote: 
C0HLQ2.1	uniprot	species: Cupressus sempervirens; common name: Mediterranean Cypress; IUIS Allergen: Unassigned; Type: Unassigned; Group: Cupressus semperverens Cup s 7; Allergenicity: IgE but no biological test; 1st V: 22; curationNote: 
C0HLR7.1	uniprot	species: Macadamia integrifolia; common name: ; IUIS Allergen: Unassigned; Type: Unassigned; Group: Macadamia i 2 partial 11S vicilin; Allergenicity: IgE but no biological test; 1st V: 22; curationNote: 
C37396	ncbi	species: Schedonorus arundinaceus; common name: Tall fescue; IUIS Allergen: Unassigned; Type: Venom or Salivary; Group: Festuca group 1 allergen; Allergenicity: IgE but no biological test; 1st V: 7; curationNote: 
C53806	ncbi	species: Olea europaea; common name: Olive tree; IUIS Allergen: Ole e 1.0104; Type: Aero Plant; Group: Olea Ole e 1; Allergenicity: IgE plus basophil+ or SPT+; 1st V: 7; curationNote: 
C7A639.1	uniprot	species: Litopenaeus vannamei; common name: Whiteleg Shrimp; IUIS Allergen: Unassigned; Type: Unassigned; Group: Litopenaeus  Lit v 4 sarcoplasmic Ca+ binding; Allergenicity: IgE plus basophil+ or SPT+; 1st V: 23; curationNote: 
C7E3T4.1	uniprot	species: Penaeus monodon; common name: Black tiger shrimp; IUIS Allergen: Unassigned; Type: Food Animal; Group: Penaeus Pen m 2; Allergenicity: IgE plus basophil+ or SPT+; 1st V: 12; curationNote: 
C9EIP1.1	uniprot	species: Scylla serrata; common name: giant mud crab; IUIS Allergen: Unassigned; Type: Food Animal; Group: Scylla arginine kinase Scy p 2; Allergenicity: IgE but no biological test; 1st V: 20; curationNote: 
CAA01909.1	ncbi	species: Cynodon dactylon; common name: Bermuda grass; IUIS Allergen: Unassigned; Type: Aero Plant; Group: Cynodon Cyn d 7; Allergenicity: IgE but no biological test; 1st V: 7; curationNote: 
CAA01910.1	ncbi	species: Cynodon dactylon; common name: Bermuda grass; IUIS Allergen: Unassigned; Type: Aero Plant; Group: Cynodon Cyn d 7; Allergenicity: IgE but no biological test; 1st V: 7; curationNote: 
CAA04823.1	ncbi	species: Betula pendula; common name: European white birch; IUIS Allergen: ; Type: Aero Plant; Group: Betula Bet v 1; Allergenicity: IgE plus basophil+ or SPT+; 1st V: 7; curationNote: 
CAA04826.1	ncbi	species: Betula pendula; common name: European white birch; IUIS Allergen: ; Type: Aero Plant; Group: Betula Bet v 1; Allergenicity: IgE plus basophil+ or SPT+; 1st V: 7; curationNote: 
CAA04827.1	ncbi	species: Betula pendula; common name: European white birch; IUIS Allergen: Bet v 1.0116; Type: Aero Plant; Group: Betula Bet v 1; Allergenicity: IgE plus basophil+ or SPT+; 1st V: 7; curationNote: 
CAA04828.1	ncbi	species: Betula pendula; common name: European white birch; IUIS Allergen: Bet v 1.0206; Type: Aero Plant; Group: Betula Bet v 1; Allergenicity: IgE plus basophil+ or SPT+; 1st V: 7; curationNote: 
CAA04829.1	ncbi	species: Betula pendula; common name: European white birch; IUIS Allergen: ; Type: Aero Plant; Group: Betula Bet v 1; Allergenicity: IgE plus basophil+ or SPT+; 1st V: 7; curationNote: 
CAA04959.1	ncbi	species: Aspergillus fumigatus; common name: Fungus; IUIS Allergen: Asp f 4.0101; Type: Aero Fungi; Group: Aspergillus Asp f 4; Allergenicity: IgE plus basophil+ or SPT+; 1st V: 7; curationNote: 
CAA05186.1	ncbi	species: Betula pendula; common name: European white birch; IUIS Allergen: ; Type: Aero Plant; Group: Betula Bet v 1; Allergenicity: IgE plus basophil+ or SPT+; 1st V: 7; curationNote: 
CAA05187.1	ncbi	species: Betula pendula; common name: European white birch; IUIS Allergen: ; Type: Aero Plant; Group: Betula Bet v 1; Allergenicity: IgE plus basophil+ or SPT+; 1st V: 7; curationNote: 
CAA05188.1	ncbi	species: Betula pendula; common name: European white birch; IUIS Allergen: ; Type: Aero Plant; Group: Betula Bet v 1; Allergenicity: IgE plus basophil+ or SPT+; 1st V: 7; curationNote: 
CAA05190.1	ncbi	species: Betula pendula; common name: European white birch; IUIS Allergen: ; Type: Aero Plant; Group: Betula Bet v 1; Allergenicity: IgE plus basophil+ or SPT+; 1st V: 7; curationNote: 
CAA05978.1	ncbi	species: Hevea brasiliensis; common name: Para rubber tree; IUIS Allergen: ; Type: Contact; Group: Hevea Hev b 6; Allergenicity: IgE plus basophil+ or SPT+; 1st V: 7; curationNote: 
CAA06305.1	ncbi	species: Aspergillus fumigatus; common name: Fungus; IUIS Allergen: Asp f 1; Type: Aero Fungi; Group: Aspergillus Asp f 1; Allergenicity: IgE plus basophil+ or SPT+; 1st V: 7; curationNote: 
CAA07318.1	ncbi	species: Betula pendula; common name: European white birch; IUIS Allergen: ; Type: Aero Plant; Group: Betula Bet v 1; Allergenicity: IgE plus basophil+ or SPT+; 1st V: 7; curationNote: 
CAA07319.1	ncbi	species: Betula pendula; common name: European white birch; IUIS Allergen: ; Type: Aero Plant; Group: Betula Bet v 1; Allergenicity: IgE plus basophil+ or SPT+; 1st V: 7; curationNote: 
CAA07320.1	ncbi	species: Betula pendula; common name: European white birch; IUIS Allergen: Unassigned; Type: Aero Plant; Group: Betula Bet v 1; Allergenicity: IgE plus basophil+ or SPT+; 1st V: 7; curationNote: 
CAA07323.1	ncbi	species: Betula pendula; common name: European white birch; IUIS Allergen: Bet v 1.0117; Type: Aero Plant; Group: Betula Bet v 1; Allergenicity: IgE plus basophil+ or SPT+; 1st V: 7; curationNote: 
CAA07324.1	ncbi	species: Betula pendula; common name: European white birch; IUIS Allergen: ; Type: Aero Plant; Group: Betula Bet v 1; Allergenicity: IgE plus basophil+ or SPT+; 1st V: 7; curationNote: 
CAA07325.1	ncbi	species: Betula pendula; common name: European white birch; IUIS Allergen: ; Type: Aero Plant; Group: Betula Bet v 1; Allergenicity: IgE plus basophil+ or SPT+; 1st V: 7; curationNote: 
CAA07326.1	ncbi	species: Betula pendula; common name: European white birch; IUIS Allergen: ; Type: Aero Plant; Group: Betula Bet v 1; Allergenicity: IgE plus basophil+ or SPT+; 1st V: 7; curationNote: 
CAA07327.1	ncbi	species: Betula pendula; common name: European white birch; IUIS Allergen: ; Type: Aero Plant; Group: Betula Bet v 1; Allergenicity: IgE plus basophil+ or SPT+; 1st V: 7; curationNote: 
CAA07328.1	ncbi	species: Betula pendula; common name: European white birch; IUIS Allergen: Unassigned; Type: Aero Plant; Group: Betula Bet v 1; Allergenicity: IgE plus basophil+ or SPT+; 1st V: 7; curationNote: 
CAA07329.1	ncbi	species: Betula pendula; common name: European white birch; IUIS Allergen: Bet v 1.0118; Type: Aero Plant; Group: Betula Bet v 1; Allergenicity: IgE plus basophil+ or SPT+; 1st V: 7; curationNote: 
CAA07330.1	ncbi	species: Betula pendula; common name: European white birch; IUIS Allergen: ; Type: Aero Plant; Group: Betula Bet v 1; Allergenicity: IgE plus basophil+ or SPT+; 1st V: 7; curationNote: 
CAA08836.1	ncbi	species: Hordeum vulgare subsp. vulgare; common name: Barley; IUIS Allergen: Unassigned; Type: Aero Plant; Group: Hordeum Alpha-amylase inhibitor BDAI-1; Allergenicity: IgE plus basophil+ or SPT+; 1st V: 7; curationNote: 
CAA09883.1	ncbi	species: Malassezia sympodialis; common name: Yeast; IUIS Allergen: Mala s 5.0101; Type: Contact; Group: Malassezia Mala s 5; Allergenicity: IgE but no biological test; 1st V: 7; curationNote: 
CAA09884.1	ncbi	species: Malassezia sympodialis; common name: Yeast; IUIS Allergen: Mala s 6.0101; Type: Contact; Group: Malassezia Mala s 6; Allergenicity: IgE but no biological test; 1st V: 7; curationNote: 
CAA09885.1	ncbi	species: Malassezia sympodialis; common name: Yeast; IUIS Allergen: Mala s 7.0101; Type: Contact; Group: Malassezia Mala s 7; Allergenicity: IgE but no biological test; 1st V: 7; curationNote: 
CAA09886.2	ncbi	species: Malassezia sympodialis; common name: Yeast; IUIS Allergen: Mala s 8.0101; Type: Contact; Group: Malassezia Mala s 8; Allergenicity: IgE but no biological test; 1st V: 7; curationNote: 
CAA09887.4	ncbi	species: Malassezia sympodialis; common name: Yeast; IUIS Allergen: Mala s 9.0101; Type: Contact; Group: Malassezia Mala s 9; Allergenicity: IgE but no biological test; 1st V: 7; curationNote: 
CAA09938.2	ncbi	species: Chironomus kiiensis; common name: Midge; IUIS Allergen: Chi k 10.0101; Type: Aero Insect; Group: Chironomus Chi k 10; Allergenicity: IgE but no biological test; 1st V: 7; curationNote: 
CAA10140.1	ncbi	species: Holcus lanatus; common name: Velvet grass; IUIS Allergen: Unassigned; Type: Aero Plant; Group: Holcus Hol l 1; Allergenicity: IgE but no biological test; 1st V: 7; curationNote: 
CAA10345.1	ncbi	species: Dactylis glomerata; common name: Orchard grass; IUIS Allergen: ; Type: Aero Plant; Group: Dactylis Dac g 2; Allergenicity: IgE but no biological test; 1st V: 7; curationNote: 
CAA10520.1	ncbi	species: Poa pratensis; common name: Kentucky bluegrass; IUIS Allergen: Poa p 1.0101; Type: Aero Plant; Group: Poa Poa p 1; Allergenicity: IgE but no biological test; 1st V: 7; curationNote: 
CAA11041.1	ncbi	species: Hevea brasiliensis; common name: Para rubber tree; IUIS Allergen: Hev b 7.02; Type: Contact; Group: Hevea Hev b 7; Allergenicity: IgE plus basophil+ or SPT+; 1st V: 7; curationNote: 
CAA11042.1	ncbi	species: Hevea brasiliensis; common name: Para rubber tree; IUIS Allergen: Unassigned; Type: Contact; Group: Hevea Hev b 7; Allergenicity: IgE plus basophil+ or SPT+; 1st V: 7; curationNote: 
CAA11266.1	ncbi	species: Aspergillus fumigatus; common name: Fungus; IUIS Allergen: Asp f 9.0101; Type: Aero Fungi; Group: Aspergillus Asp f 9; Allergenicity: IgE but no biological test; 1st V: 7; curationNote: 
CAA11755.1	ncbi	species: Glycine max; common name: Soybean; IUIS Allergen: Gly m 3.0102; Type: Food Plant; Group: Glycine Gly m 3; Allergenicity: IgE but no biological test; 1st V: 7; curationNote: 
CAA11756.1	ncbi	species: Glycine max; common name: Soybean; IUIS Allergen: Gly m 3.0101; Type: Food Plant; Group: Glycine Gly m 3; Allergenicity: IgE but no biological test; 1st V: 15; curationNote: 
CAA23681.1	ncbi	species: Gallus gallus; common name: chicken; IUIS Allergen: ; Type: Food Animal; Group: Gallus Gal d 2; Allergenicity: IgE plus basophil+ or SPT+; 1st V: 7; curationNote: 
CAA23682.1	ncbi	species: Gallus gallus; common name: chicken; IUIS Allergen: ; Type: Food Animal; Group: Gallus Gal d 2; Allergenicity: IgE plus basophil+ or SPT+; 1st V: 7; curationNote: 
CAA23711.1	ncbi	species: Gallus gallus; common name: chicken; IUIS Allergen: Gal d 4.0101; Type: Food Animal; Group: Gallus Gal d 4; Allergenicity: IgE plus basophil+ or SPT+; 1st V: 15; curationNote: 
CAA24933.1	ncbi	species: Triticum aestivum; common name: Wheat; IUIS Allergen: Unassigned; Type: Food Plant; Group: Triticum Tri a 26; Allergenicity: IgE plus basophil+ or SPT+; 1st V: 7; curationNote: 
CAA24934.1	ncbi	species: Triticum aestivum; common name: Wheat; IUIS Allergen: Unassigned; Type: Food Plant; Group: Triticum Tri a 26; Allergenicity: IgE plus basophil+ or SPT+; 1st V: 7; curationNote: 
CAA25593.1	ncbi	species: Triticum aestivum; common name: Wheat; IUIS Allergen: Unassigned; Type: Gliadin; Group: Triticum alpha/beta gliadin; Allergenicity: IgE plus basophil+ or SPT+; 1st V: 7; curationNote: 
CAA26038.1	ncbi	species: Apis mellifera; common name: Honeybee; IUIS Allergen: Api m 4.0101; Type: Venom or Salivary; Group: Apis Api m 4 Melittin; Allergenicity: IgE but no biological test; 1st V: 7; curationNote: 
CAA26040.1	ncbi	species: Gallus gallus; common name: chicken; IUIS Allergen: Gal d 3.0101; Type: Food Animal; Group: Gallus Gal d 3; Allergenicity: IgE plus basophil+ or SPT+; 1st V: 7; curationNote: 
CAA26383.1	ncbi	species: Triticum aestivum; common name: Wheat; IUIS Allergen: Unassigned; Type: Gliadin; Group: Triticum alpha/beta gliadin; Allergenicity: IgE plus basophil+ or SPT+; 1st V: 7; curationNote: 
CAA26384.1	ncbi	species: Triticum aestivum; common name: Wheat; IUIS Allergen: Unassigned; Type: Gliadin; Group: Triticum alpha/beta gliadin; Allergenicity: IgE plus basophil+ or SPT+; 1st V: 7; curationNote: 
CAA26385.1	ncbi	species: Triticum aestivum; common name: Wheat; IUIS Allergen: Unassigned; Type: Gliadin; Group: Triticum alpha/beta gliadin; Allergenicity: IgE plus basophil+ or SPT+; 1st V: 7; curationNote: 
CAA26478.1	ncbi	species: Glycine max; common name: Soybean; IUIS Allergen: Unassigned; Type: Food Plant; Group: Glycine Gly m 6.0401; Allergenicity: IgE but no biological test; 1st V: 7; curationNote: 
CAA26575.1	ncbi	species: Glycine max; common name: Soybean; IUIS Allergen: Unassigned; Type: Food Plant; Group: Glycine Gly m 6.0201; Allergenicity: IgE but no biological test; 1st V: 7; curationNote: 
CAA26723.1	ncbi	species: Glycine max; common name: Soybean; IUIS Allergen: Unassigned; Type: Food Plant; Group: Glycine Gly m 6.0101; Allergenicity: IgE but no biological test; 1st V: 7; curationNote: 
CAA26847.1	ncbi	species: Triticum aestivum; common name: Wheat; IUIS Allergen: Unassigned; Type: Food Plant; Group: Triticum Tri a 26; Allergenicity: IgE plus basophil+ or SPT+; 1st V: 7; curationNote: 
CAA26953.1	ncbi	species: Mus musculus; common name: Mouse; IUIS Allergen: Mus m 1.0101; Type: Aero Animal; Group: Mus Mus m 1; Allergenicity: IgE plus basophil+ or SPT+; 1st V: 15; curationNote: 
CAA27052.1	ncbi	species: Triticum aestivum; common name: Wheat; IUIS Allergen: Unassigned; Type: Food Plant; Group: Triticum Tri a 26; Allergenicity: IgE plus basophil+ or SPT+; 1st V: 7; curationNote: 
CAA27571.1	ncbi	species: Solanum tuberosum; common name: Potato; IUIS Allergen: Unassigned; Type: Food Plant; Group: Solanum Sola t 1; Allergenicity: IgE plus basophil+ or SPT+; 1st V: 7; curationNote: 
CAA27588.1	ncbi	species: Solanum tuberosum; common name: Potato; IUIS Allergen: Unassigned; Type: Food Plant; Group: Solanum Sola t 1; Allergenicity: IgE plus basophil+ or SPT+; 1st V: 7; curationNote: 
CAA29664.1	ncbi	species: Bos taurus; common name: Bovine; IUIS Allergen: Unassigned; Type: Food Animal; Group: Bos Bos d 4; Allergenicity: IgE plus basophil+ or SPT+; 1st V: 7; curationNote: 
CAA30570.1	ncbi	species: Triticum aestivum; common name: Wheat; IUIS Allergen: Unassigned; Type: Food Plant; Group: Triticum Tri a 36; Allergenicity: IgE but no biological test; 1st V: 7; curationNote: 
CAA31395.4	ncbi	species: Triticum aestivum; common name: Wheat; IUIS Allergen: Tri a 26.0101; Type: Food Plant; Group: Triticum Tri a 26; Allergenicity: IgE plus basophil+ or SPT+; 1st V: 15; curationNote: 
CAA31396.1	ncbi	species: Triticum aestivum; common name: Wheat; IUIS Allergen: Unassigned; Type: Food Plant; Group: Triticum Tri a 26; Allergenicity: IgE plus basophil+ or SPT+; 1st V: 7; curationNote: 
CAA31575.1	ncbi	species: Solanum tuberosum; common name: Potato; IUIS Allergen: Unassigned; Type: Food Plant; Group: Solanum Sola t 1; Allergenicity: IgE plus basophil+ or SPT+; 1st V: 7; curationNote: 
CAA31685.1	ncbi	species: Triticum aestivum; common name: Wheat; IUIS Allergen: Unassigned; Type: Food Plant; Group: Triticum Tri a 36; Allergenicity: IgE but no biological test; 1st V: 7; curationNote: 
CAA32835.1	ncbi	species: Bos taurus; common name: Bovine; IUIS Allergen: Bos d 5.0101; Type: Food Animal; Group: Bos Bos d 5; Allergenicity: IgE plus basophil+ or SPT+; 1st V: 7; curationNote: 
CAA33217.1	ncbi	species: Glycine max; common name: Soybean; IUIS Allergen: Gly m 6.0301; Type: Food Plant; Group: Glycine Gly m 6.0301; Allergenicity: IgE but no biological test; 1st V: 7; curationNote: 
CAA33887.1	ncbi	species: Betula pendula; common name: European white birch; IUIS Allergen: Bet v 1.0101; Type: Aero Plant; Group: Betula Bet v 1; Allergenicity: IgE plus basophil+ or SPT+; 1st V: 15; curationNote: 
CAA34486.1	ncbi	species: Actinidia deliciosa; common name: Kiwi; IUIS Allergen: Act d 1.0101; Type: Food Plant; Group: Actinidia Act c 1 Act d 1 Actinidin; Allergenicity: IgE plus basophil+ or SPT+; 1st V: 7; curationNote: 
CAA34709.1	ncbi	species: Triticum turgidum subsp. durum; common name: Wheat; IUIS Allergen: Unassigned; Type: Food Plant; Group: Triticum aestivum Tri a 40; Allergenicity: IgE but no biological test; 1st V: 7; curationNote: 
CAA35188.1	ncbi	species: Hordeum vulgare; common name: Barley; IUIS Allergen: Unassigned; Type: Aero Plant; Group: Hordeum Trypsin inhibitor CMe; Allergenicity: IgE plus basophil+ or SPT+; 1st V: 7; curationNote: 
CAA35238.1	ncbi	species: Triticum aestivum; common name: Wheat; IUIS Allergen: Unassigned; Type: Gliadin; Group: Triticum alpha/beta gliadin; Allergenicity: IgE plus basophil+ or SPT+; 1st V: 7; curationNote: 
CAA35597.1	ncbi	species: Triticum aestivum; common name: Wheat; IUIS Allergen: Tri a 30.0101; Type: Aero Plant; Group: Triticum Tri a 30; Allergenicity: IgE plus basophil+ or SPT+; 1st V: 7; curationNote: 
CAA35598.1	ncbi	species: Triticum aestivum; common name: Wheat; IUIS Allergen: Unassigned; Type: Aero Plant; Group: Triticum Tri a 29; Allergenicity: IgE plus basophil+ or SPT+; 1st V: 7; curationNote: 
CAA35691.1	ncbi	species: Glycine max; common name: Soybean; IUIS Allergen: Unassigned; Type: Food Plant; Group: Glycine Gly m 5.0101 alpha subunit beta congl; Allergenicity: IgE but no biological test; 1st V: 7; curationNote: 
CAA35692.1	ncbi	species: Dermatophagoides pteronyssinus; common name: House dust mite; IUIS Allergen: Der p 5.0101; Type: Aero Mite; Group: Dermatophagoides Der p 5; Allergenicity: IgE plus basophil+ or SPT+; 1st V: 15; curationNote: 
CAA36063.1	ncbi	species: Triticum turgidum subsp. durum; common name: Wheat; IUIS Allergen: Unassigned; Type: Food Plant; Group: Triticum Tri a 36; Allergenicity: IgE but no biological test; 1st V: 7; curationNote: 
CAA37044.1	ncbi	species: Glycine max; common name: Soybean; IUIS Allergen: Unassigned; Type: Food Plant; Group: Glycine Gly m 6.0401; Allergenicity: IgE but no biological test; 1st V: 7; curationNote: 
CAA38097.1	ncbi	species: Ricinus communis; common name: Castor bean; IUIS Allergen: Ric c 1.0101; Type: Food Plant; Group: Ricinus Ric c 1; Allergenicity: IgE plus basophil+ or SPT+; 1st V: 15; curationNote: 
CAA39099.1	ncbi	species: Triticum turgidum subsp. durum; common name: Wheat; IUIS Allergen: Unassigned; Type: Aero Plant; Group: Triticum Tri a 29; Allergenicity: IgE plus basophil+ or SPT+; 1st V: 7; curationNote: 
CAA39880.1	ncbi	species: Hevea brasiliensis; common name: Para rubber tree; IUIS Allergen: Hev b 1.0101; Type: Contact; Group: Hevea Hev b 1; Allergenicity: IgE plus basophil+ or SPT+; 1st V: 15; curationNote: 
CAA41956.1	ncbi	species: Hordeum vulgare subsp. vulgare; common name: Barley; IUIS Allergen: Unassigned; Type: Aero Plant; Group: Hordeum Alpha-amylase inhibitor component Cma; Allergenicity: IgE plus basophil+ or SPT+; 1st V: 7; curationNote: 
CAA42453.1	ncbi	species: Triticum aestivum; common name: Wheat; IUIS Allergen: Tri a 40.0101; Type: Aero Plant; Group: Triticum aestivum Tri a 40; Allergenicity: IgE but no biological test; 1st V: 7; curationNote: 
CAA42646.1	ncbi	species: Glycine max; common name: Soybean; IUIS Allergen: Gly m 4.0101; Type: Food Plant; Group: Glycine Gly m 4; Allergenicity: IgE plus basophil+ or SPT+; 1st V: 7; curationNote: 
CAA42832.1	ncbi	species: Hordeum vulgare; common name: Barley; IUIS Allergen: Unassigned; Type: Food Plant; Group: Hordeum LTP 1; Allergenicity: IgE but no biological test; 1st V: 7; curationNote: 
CAA43098.1	ncbi	species: Gallus gallus; common name: chicken; IUIS Allergen: Gal d 5.0101; Type: Food Animal; Group: Gallus Gal d 5; Allergenicity: IgE plus basophil+ or SPT+; 1st V: 7; curationNote: 
CAA43331.1	ncbi	species: Triticum aestivum; common name: Wheat; IUIS Allergen: Unassigned; Type: Food Plant; Group: Triticum Tri a 26; Allergenicity: IgE plus basophil+ or SPT+; 1st V: 7; curationNote: 
CAA43361.1	ncbi	species: Triticum aestivum; common name: Wheat; IUIS Allergen: Unassigned; Type: Food Plant; Group: Triticum Tri a 26; Allergenicity: IgE plus basophil+ or SPT+; 1st V: 7; curationNote: 
CAA44343.1	ncbi	species: Felis catus; common name: Cat; IUIS Allergen: ; Type: Aero Animal; Group: Felis Fel d 1 Chain 1; Allergenicity: IgE plus basophil+ or SPT+; 1st V: 7; curationNote: 
CAA44344.1	ncbi	species: Felis catus; common name: Cat; IUIS Allergen: ; Type: Aero Animal; Group: Felis Fel d 1 Chain 1; Allergenicity: IgE plus basophil+ or SPT+; 1st V: 7; curationNote: 
CAA44345.1	ncbi	species: Felis catus; common name: Cat; IUIS Allergen: Unassigned; Type: Aero Animal; Group: Felis Fel d 1 chain 2; Allergenicity: IgE plus basophil+ or SPT+; 1st V: 8; curationNote: 
CAA44473.1	ncbi	species: Triticum turgidum subsp. durum; common name: Wheat; IUIS Allergen: Unassigned; Type: Food Plant; Group: Triticum Tri a 36; Allergenicity: IgE but no biological test; 1st V: 7; curationNote: 
CAA45085.1	ncbi	species: Hordeum vulgare subsp. vulgare; common name: Barley; IUIS Allergen: Hor v 15.0101; Type: Food Plant; Group: Hordeum Hor v 15; Allergenicity: IgE plus basophil+ or SPT+; 1st V: 15; curationNote: 
CAA45777.1	ncbi	species: Glycine max; common name: Soybean; IUIS Allergen: Unassigned; Type: Food Plant; Group: Glycine Trypsin inhibitor; Allergenicity: IgE but no biological test; 1st V: 7; curationNote: 
CAA45778.1	ncbi	species: Glycine max; common name: Soybean; IUIS Allergen: Unassigned; Type: Food Plant; Group: Glycine Trypsin inhibitor; Allergenicity: IgE but no biological test; 1st V: 7; curationNote: 
CAA46705.1	ncbi	species: Hordeum vulgare subsp. vulgare; common name: Barley; IUIS Allergen: Unassigned; Type: Aero Plant; Group: Hordeum Trypsin inhibitor CMe; Allergenicity: IgE plus basophil+ or SPT+; 1st V: 7; curationNote: 
CAA46782.1	ncbi	species: Brassica rapa; common name: Turnip; IUIS Allergen: Bra r 1.0101; Type: Food Plant; Group: Brassica Bra r 1; Allergenicity: IgE but no biological test; 1st V: 9; curationNote: 
CAA47341.1	ncbi	species: Dolichovespula maculata; common name: Whiteface hornet; IUIS Allergen: Dol m 1.0101; Type: Venom or Salivary; Group: Dolichovespula Dol m 1 Phospholipase A1B; Allergenicity: IgE plus basophil+ or SPT+; 1st V: 8; curationNote: 
CAA47357.1	ncbi	species: Carpinus betulus; common name: Hornbeam; IUIS Allergen: Car b 1.0102; Type: Aero Plant; Group: Carpinus Car b 1; Allergenicity: IgE plus basophil+ or SPT+; 1st V: 7; curationNote: 
CAA47366.1	ncbi	species: Carpinus betulus; common name: Hornbeam; IUIS Allergen: Car b 1.0101; Type: Aero Plant; Group: Carpinus Car b 1; Allergenicity: IgE plus basophil+ or SPT+; 1st V: 15; curationNote: 
CAA47367.1	ncbi	species: Carpinus betulus; common name: Hornbeam; IUIS Allergen: Car b 1.0201; Type: Aero Plant; Group: Carpinus Car b 1; Allergenicity: IgE plus basophil+ or SPT+; 1st V: 15; curationNote: 
CAA49555.1	ncbi	species: Hordeum vulgare subsp. vulgare; common name: Barley; IUIS Allergen: Unassigned; Type: Aero Plant; Group: Hordeum Alpha-amylase inhibitor component Cma; Allergenicity: IgE plus basophil+ or SPT+; 1st V: 7; curationNote: 
CAA49760.1	ncbi	species: Myrmecia pilosula; common name: Jumper ant; IUIS Allergen: Myr p 1.0101; Type: Venom or Salivary; Group: Myrmecia Myr p 1; Allergenicity: IgE but no biological test; 1st V: 15; curationNote: 
CAA50281.1	ncbi	species: Phleum pratense; common name: Common timothy; IUIS Allergen: Phl p 5.0102; Type: Aero Plant; Group: Phleum Phl p 5; Allergenicity: IgE plus basophil+ or SPT+; 1st V: 7; curationNote: 
CAA50325.1	ncbi	species: Corylus avellana; common name: European hazelnut; IUIS Allergen: Cor a 1.0103; Type: Aero Plant; Group: Corylus Cor a 1; Allergenicity: IgE plus basophil+ or SPT+; 1st V: 7; curationNote: 
CAA50326.1	ncbi	species: Corylus avellana; common name: European hazelnut; IUIS Allergen: Cor a 1.0104; Type: Aero Plant; Group: Corylus Cor a 1; Allergenicity: IgE plus basophil+ or SPT+; 1st V: 7; curationNote: 
CAA50328.1	ncbi	species: Corylus avellana; common name: European hazelnut; IUIS Allergen: Cor a 1.0102; Type: Aero Plant; Group: Corylus Cor a 1; Allergenicity: IgE plus basophil+ or SPT+; 1st V: 7; curationNote: 
CAA51204.1	ncbi	species: Hordeum vulgare; common name: Barley; IUIS Allergen: Hor v 20.0101; Type: Food Plant; Group: Hordeum Hor v 20; Allergenicity: IgE plus basophil+ or SPT+; 1st V: 15; curationNote: 
CAA51718.1	ncbi	species: Zea mays; common name: Corn; IUIS Allergen: Zea m 12.0101; Type: Aero Plant; Group: Zea Zea m 12 profilin; Allergenicity: IgE but no biological test; 1st V: 15; curationNote: 
CAA51719.1	ncbi	species: Zea mays; common name: Corn; IUIS Allergen: Zea m 12.0102; Type: Aero Plant; Group: Zea Zea m 12 profilin; Allergenicity: IgE but no biological test; 1st V: 15; curationNote: 
CAA51720.1	ncbi	species: Zea mays; common name: Corn; IUIS Allergen: Zea m 12.0103; Type: Aero Plant; Group: Zea Zea m 12 profilin; Allergenicity: IgE but no biological test; 1st V: 15; curationNote: 
CAA51775.1	ncbi	species: Lolium perenne; common name: Perennial ryegrass; IUIS Allergen: ; Type: Aero Plant; Group: Lolium Lol p 2; Allergenicity: IgE plus basophil+ or SPT+; 1st V: 7; curationNote: 
CAA52194.1	ncbi	species: Equus caballus; common name: Horse; IUIS Allergen: Equ c 3.0101; Type: Aero Animal; Group: Equus Equ c 3; Allergenicity: IgE plus basophil+ or SPT+; 1st V: 7; curationNote: 
CAA52753.1	ncbi	species: Phleum pratense; common name: Common timothy; IUIS Allergen: Phl p 5.0101; Type: Aero Plant; Group: Phleum Phl p 5; Allergenicity: IgE plus basophil+ or SPT+; 1st V: 7; curationNote: 
CAA53529.1	ncbi	species: Phleum pratense; common name: Common timothy; IUIS Allergen: Phl p 2.0101; Type: Aero Plant; Group: Phleum Phl p 2; Allergenicity: IgE but no biological test; 1st V: 7; curationNote: 
CAA54421.1	ncbi	species: Betula pendula; common name: European white birch; IUIS Allergen: Bet v 1.0201; Type: Aero Plant; Group: Betula Bet v 1; Allergenicity: IgE plus basophil+ or SPT+; 1st V: 15; curationNote: 
CAA54481.1	ncbi	species: Betula pendula; common name: European white birch; IUIS Allergen: Bet v 1.0202; Type: Aero Plant; Group: Betula Bet v 1; Allergenicity: IgE plus basophil+ or SPT+; 1st V: 15; curationNote: 
CAA54482.1	ncbi	species: Betula pendula; common name: European white birch; IUIS Allergen: Bet v 1.0102; Type: Aero Plant; Group: Betula Bet v 1; Allergenicity: IgE plus basophil+ or SPT+; 1st V: 15; curationNote: 
CAA54483.1	ncbi	species: Betula pendula; common name: European white birch; IUIS Allergen: Bet v 1.0103; Type: Aero Plant; Group: Betula Bet v 1; Allergenicity: IgE plus basophil+ or SPT+; 1st V: 15; curationNote: 
CAA54484.1	ncbi	species: Betula pendula; common name: European white birch; IUIS Allergen: Bet v 1.0104; Type: Aero Plant; Group: Betula Bet v 1; Allergenicity: IgE plus basophil+ or SPT+; 1st V: 15; curationNote: 
CAA54487.1	ncbi	species: Betula pendula; common name: European white birch; IUIS Allergen: Bet v 1.0106; Type: Aero Plant; Group: Betula Bet v 1; Allergenicity: IgE plus basophil+ or SPT+; 1st V: 15; curationNote: 
CAA54488.1	ncbi	species: Betula pendula; common name: European white birch; IUIS Allergen: Bet v 1.0203; Type: Aero Plant; Group: Betula Bet v 1; Allergenicity: IgE plus basophil+ or SPT+; 1st V: 8; curationNote: 
CAA54489.1	ncbi	species: Betula pendula; common name: European white birch; IUIS Allergen: Bet v 1.0107; Type: Aero Plant; Group: Betula Bet v 1; Allergenicity: IgE plus basophil+ or SPT+; 1st V: 15; curationNote: 
CAA54587.1	ncbi	species: Parietaria judaica; common name: Weed; IUIS Allergen: Par j 1.0101; Type: Aero Plant; Group: Parietaria Par j 1; Allergenicity: IgE plus basophil+ or SPT+; 1st V: 15; curationNote: 
CAA54686.1	ncbi	species: Phleum pratense; common name: Common timothy; IUIS Allergen: Phl p 12.0101; Type: Aero Plant; Group: Phleum Phl p 12; Allergenicity: IgE but no biological test; 1st V: 15; curationNote: 
CAA54694.1	ncbi	species: Betula pendula; common name: European white birch; IUIS Allergen: ; Type: Aero Plant; Group: Betula Bet v 1; Allergenicity: IgE plus basophil+ or SPT+; 1st V: 7; curationNote: 
CAA54695.1	ncbi	species: Betula pendula; common name: European white birch; IUIS Allergen: ; Type: Aero Plant; Group: Betula Bet v 1; Allergenicity: IgE plus basophil+ or SPT+; 1st V: 7; curationNote: 
CAA54696.1	ncbi	species: Betula pendula; common name: European white birch; IUIS Allergen: Bet v 1.0301; Type: Aero Plant; Group: Betula Bet v 1; Allergenicity: IgE plus basophil+ or SPT+; 1st V: 7; curationNote: 
CAA54818.1	ncbi	species: Ligustrum vulgare; common name: Privet; IUIS Allergen: Lig v 1.0101; Type: Aero Plant; Group: Ligustrum Lig v 1; Allergenicity: IgE but no biological test; 1st V: 7; curationNote: 
CAA54819.1	ncbi	species: Ligustrum vulgare; common name: Privet; IUIS Allergen: Lig v 1.0102; Type: Aero Plant; Group: Ligustrum Lig v 1; Allergenicity: IgE but no biological test; 1st V: 7; curationNote: 
CAA55067.2	ncbi	species: Davidiella tassiana; common name: Fungus; IUIS Allergen: Cla h 5.0101; Type: Aero Fungi; Group: Cladosporium / Davidiella Cla h 5; Allergenicity: IgE but no biological test; 1st V: 10; curationNote: 
CAA55068.1	ncbi	species: Davidiella tassiana; common name: Fungus; IUIS Allergen: Cla h 7.0101; Type: Aero Fungi; Group: Cladosporium / Davidiella Cla h 7; Allergenicity: IgE but no biological test; 1st V: 10; curationNote: 
CAA55070.1	ncbi	species: Davidiella tassiana; common name: Fungus; IUIS Allergen: Cla h 6.0101; Type: Aero Fungi; Group: Cladosporium / Davidiella Cla h 6; Allergenicity: IgE but no biological test; 1st V: 7; curationNote: 
CAA55071.2	ncbi	species: Alternaria alternata; common name: Fungus; IUIS Allergen: Alt a 10.01; Type: Aero Fungi; Group: Alternaria Alt a 10 ADH; Allergenicity: IgE but no biological test; 1st V: 7; curationNote: 
CAA55072.2	ncbi	species: Davidiella tassiana; common name: Fungus; IUIS Allergen: Cla h 10.0101; Type: Aero Fungi; Group: Cladosporium / Davidiella Cla h 10; Allergenicity: IgE but no biological test; 1st V: 7; curationNote: 
CAA55390.1	ncbi	species: Phleum pratense; common name: Common timothy; IUIS Allergen: Phl p 1.0102; Type: Aero Plant; Group: Phleum Phl p 1; Allergenicity: IgE plus basophil+ or SPT+; 1st V: 7; curationNote: 
CAA55854.1	ncbi	species: Betula pendula; common name: European white birch; IUIS Allergen: Bet v 3.0101; Type: Aero Plant; Group: Betula Bet v 3; Allergenicity: IgE but no biological test; 1st V: 15; curationNote: 
CAA56343.1	ncbi	species: Glycine max; common name: Soybean; IUIS Allergen: Unassigned; Type: Food Plant; Group: Glycine Trypsin inhibitor; Allergenicity: IgE but no biological test; 1st V: 7; curationNote: 
CAA57160.1	ncbi	species: Lepidoglyphus destructor; common name: Storage mite; IUIS Allergen: Lep d 2.0101; Type: Aero Mite; Group: Lepidoglyphus Lep d 2; Allergenicity: IgE but no biological test; 1st V: 15; curationNote: 
CAA57342.1	ncbi	species: Candida albicans; common name: Yeast; IUIS Allergen: Cand a 1.0101; Type: Contact; Group: Candida Cand a 1 Alcohol dehydrogenase; Allergenicity: IgE but no biological test; 1st V: 15; curationNote: 
CAA58646.1	ncbi	species: Malus x domestica; common name: Apple; IUIS Allergen: Mal d 1.0101; Type: Food Plant; Group: Malus Mal d 1; Allergenicity: IgE plus basophil+ or SPT+; 1st V: 15; curationNote: 
CAA58755.1	ncbi	species: Lepidoglyphus destructor; common name: Storage mite; IUIS Allergen: Lep d 2.0201; Type: Aero Mite; Group: Lepidoglyphus Lep d 2; Allergenicity: IgE but no biological test; 1st V: 15; curationNote: 
CAA59279.1	ncbi	species: Felis catus; common name: Cat; IUIS Allergen: Fel d 2.0101; Type: Aero Animal; Group: Felis Fel d 2; Allergenicity: IgE but no biological test; 1st V: 7; curationNote: 
CAA59338.1	ncbi	species: Triticum aestivum; common name: Wheat; IUIS Allergen: Unassigned; Type: Food Plant; Group: Triticum Tri a 36; Allergenicity: IgE but no biological test; 1st V: 7; curationNote: 
CAA59339.1	ncbi	species: Triticum aestivum; common name: Wheat; IUIS Allergen: Unassigned; Type: Food Plant; Group: Triticum Tri a 36; Allergenicity: IgE but no biological test; 1st V: 7; curationNote: 
CAA59340.1	ncbi	species: Triticum aestivum; common name: Wheat; IUIS Allergen: Unassigned; Type: Food Plant; Group: Triticum Tri a 36; Allergenicity: IgE but no biological test; 1st V: 7; curationNote: 
CAA59370.1	ncbi	species: Parietaria judaica; common name: Weed; IUIS Allergen: ; Type: Aero Plant; Group: Parietaria Par j 1; Allergenicity: IgE plus basophil+ or SPT+; 1st V: 15; curationNote: 
CAA59419.1	ncbi	species: Aspergillus fumigatus; common name: Fungus; IUIS Allergen: Asp f 10.0101; Type: Aero Fungi; Group: Aspergillus Asp f 10; Allergenicity: IgE but no biological test; 1st V: 7; curationNote: 
CAA59468.1	ncbi	species: Catharanthus roseus; common name: Madagascar periwinkle; IUIS Allergen: Cat r 1.0101; Type: Aero Plant; Group: Catharanthus cyclophilin; Allergenicity: IgE plus basophil+ or SPT+; 1st V: 13; curationNote: 
CAA60533.1	ncbi	species: Glycine soja; common name: Soybean; IUIS Allergen: Unassigned; Type: Food Plant; Group: Glycine Gly m 6.0401; Allergenicity: IgE but no biological test; 1st V: 7; curationNote: 
CAA60628.1	ncbi	species: Betula pendula; common name: European white birch; IUIS Allergen: Bet v 4.0101; Type: Aero Plant; Group: Betula Bet v 4; Allergenicity: IgE but no biological test; 1st V: 15; curationNote: 
CAA61943.2	ncbi	species: Triticum aestivum; common name: Wheat; IUIS Allergen: Tri a 12.0101; Type: Food Plant; Group: Triticum Tri a 12; Allergenicity: IgE but no biological test; 1st V: 15; curationNote: 
CAA61944.2	ncbi	species: Triticum aestivum; common name: Wheat; IUIS Allergen: Tri a 12.0102; Type: Food Plant; Group: Triticum Tri a 12; Allergenicity: IgE but no biological test; 1st V: 15; curationNote: 
CAA61945.2	ncbi	species: Triticum aestivum; common name: Wheat; IUIS Allergen: Tri a 12.0103; Type: Food Plant; Group: Triticum Tri a 12; Allergenicity: IgE but no biological test; 1st V: 14; curationNote: 
CAA62634.1	ncbi	species: Cynodon dactylon; common name: Bermuda grass; IUIS Allergen: Cyn d 7.0101; Type: Aero Plant; Group: Cynodon Cyn d 7; Allergenicity: IgE but no biological test; 1st V: 7; curationNote: 
CAA62908.1	ncbi	species: Sinapis alba; common name: White mustard; IUIS Allergen: ; Type: Food Plant; Group: Sinapis Sin a 1.01; Allergenicity: IgE plus basophil+ or SPT+; 1st V: 7; curationNote: 
CAA62909.1	ncbi	species: Sinapis alba; common name: White mustard; IUIS Allergen: ; Type: Food Plant; Group: Sinapis Sin a 1.01; Allergenicity: IgE plus basophil+ or SPT+; 1st V: 7; curationNote: 
CAA62910.1	ncbi	species: Sinapis alba; common name: White mustard; IUIS Allergen: ; Type: Food Plant; Group: Sinapis Sin a 1.01; Allergenicity: IgE plus basophil+ or SPT+; 1st V: 7; curationNote: 
CAA62911.1	ncbi	species: Sinapis alba; common name: White mustard; IUIS Allergen: ; Type: Food Plant; Group: Sinapis Sin a 1.01; Allergenicity: IgE plus basophil+ or SPT+; 1st V: 7; curationNote: 
CAA62912.1	ncbi	species: Sinapis alba; common name: White mustard; IUIS Allergen: ; Type: Food Plant; Group: Sinapis Sin a 1.01; Allergenicity: IgE plus basophil+ or SPT+; 1st V: 7; curationNote: 
CAA64868.1	ncbi	species: Castanea sativa; common name: European chestnut; IUIS Allergen: Cas s 5.0101; Type: Food Plant; Group: Castanea Cas s 5; Allergenicity: IgE plus basophil+ or SPT+; 1st V: 7; curationNote: 
CAA65122.1	ncbi	species: Parietaria judaica; common name: Weed; IUIS Allergen: Par j 2.0102; Type: Aero Plant; Group: Parietaria Par j 2; Allergenicity: IgE plus basophil+ or SPT+; 1st V: 7; curationNote: 
CAA65123.1	ncbi	species: Parietaria judaica; common name: Weed; IUIS Allergen: Par j 1.0102; Type: Aero Plant; Group: Parietaria Par j 1; Allergenicity: IgE plus basophil+ or SPT+; 1st V: 7; curationNote: 
CAA65313.1	ncbi	species: Triticum aestivum; common name: Wheat; IUIS Allergen: Tri a 37.0101; Type: Food Plant; Group: Triticum Tri a 37 alpha purothionin; Allergenicity: IgE but no biological test; 1st V: 14; curationNote: 
CAA65341.1	ncbi	species: Malassezia sympodialis; common name: Yeast; IUIS Allergen: Mala s 1.0101; Type: Contact; Group: Malassezia Mala s 1; Allergenicity: IgE plus basophil+ or SPT+; 1st V: 7; curationNote: 
CAA66378.1	ncbi	species: Carica papaya; common name: Papaya; IUIS Allergen: Unassigned; Type: Unassigned; Group: Cari p 2 Cathepsin chymopapain; Allergenicity: IgE plus basophil+ or SPT+; 1st V: 22; curationNote: 
CAA66403.1	ncbi	species: Salmo salar; common name: Salmon; IUIS Allergen: Sal s 1.0101; Type: Food Animal; Group: Salmo Sal s 1; Allergenicity: IgE plus basophil+ or SPT+; 1st V: 15; curationNote: 
CAA68720.1	ncbi	species: Canis familiaris; common name: Dog; IUIS Allergen: Can f 5.0101; Type: Aero Animal; Group: Canis Can f 5; Allergenicity: IgE but no biological test; 1st V: 15; curationNote: 
CAA69670.1	ncbi	species: Cynodon dactylon; common name: Bermuda grass; IUIS Allergen: Cyn d 12.0101; Type: Aero Plant; Group: Cynodon Cyn d 12; Allergenicity: IgE but no biological test; 1st V: 7; curationNote: 
CAA70608.1	ncbi	species: Phleum pratense; common name: Common timothy; IUIS Allergen: Phl p 12.0102; Type: Aero Plant; Group: Phleum Phl p 12; Allergenicity: IgE but no biological test; 1st V: 10; curationNote: 
CAA70609.1	ncbi	species: Phleum pratense; common name: Common timothy; IUIS Allergen: Phl p 12.0103; Type: Aero Plant; Group: Phleum Phl p 12; Allergenicity: IgE but no biological test; 1st V: 7; curationNote: 
CAA72273.1	ncbi	species: Triticum aestivum; common name: Wheat; IUIS Allergen: Unassigned; Type: Aero Plant; Group: Triticum Tri a 33 Serine protease inhibitor; Allergenicity: IgE but no biological test; 1st V: 7; curationNote: 
CAA73035.1	ncbi	species: Olea europaea; common name: Olive tree; IUIS Allergen: Ole e 2.0101; Type: Aero Plant; Group: Olea Ole e 2; Allergenicity: IgE but no biological test; 1st V: 15; curationNote: 
CAA73036.1	ncbi	species: Olea europaea; common name: Olive tree; IUIS Allergen: Ole e 1.0107; Type: Aero Plant; Group: Olea Ole e 1; Allergenicity: IgE plus basophil+ or SPT+; 1st V: 7; curationNote: 
CAA73037.1	ncbi	species: Olea europaea; common name: Olive tree; IUIS Allergen: Ole e 1.0106; Type: Aero Plant; Group: Olea Ole e 1; Allergenicity: IgE plus basophil+ or SPT+; 1st V: 7; curationNote: 
CAA73038.1	ncbi	species: Olea europaea; common name: Olive tree; IUIS Allergen: Ole e 1.0105; Type: Aero Plant; Group: Olea Ole e 1; Allergenicity: IgE plus basophil+ or SPT+; 1st V: 7; curationNote: 
CAA73221.1	ncbi	species: Tyrophagus putrescentiae; common name: Dust mite; IUIS Allergen: Tyr p 2.0101; Type: Aero Mite; Group: Tyrophagus Tyr p 2; Allergenicity: IgE but no biological test; 1st V: 7; curationNote: 
CAA73720.1	ncbi	species: Mercurialis annua; common name: Annual mercury grass; IUIS Allergen: Mer a 1.0101; Type: Aero Plant; Group: Mercurialis Mer a 1; Allergenicity: IgE but no biological test; 1st V: 7; curationNote: 
CAA73782.1	ncbi	species: Aspergillus fumigatus; common name: Fungus; IUIS Allergen: Asp f 18.0101; Type: Aero Fungi; Group: Aspergillus Asp f 18 and Asp n 18; Allergenicity: IgE but no biological test; 1st V: 7; curationNote: 
CAA75141.1	ncbi	species: Dermatophagoides pteronyssinus; common name: House dust mite; IUIS Allergen: Der p 10.0101; Type: Aero Mite; Group: Dermatophagoides Der p 10 / Der f 10; Allergenicity: IgE plus basophil+ or SPT+; 1st V: 7; curationNote: 
CAA75312.1	ncbi	species: Hevea brasiliensis; common name: Para rubber tree; IUIS Allergen: Hev b 8.0101; Type: Contact; Group: Hevea Hev b 8; Allergenicity: IgE plus basophil+ or SPT+; 1st V: 7; curationNote: 
CAA75506.1	ncbi	species: Helianthus annuus; common name: Sunflower; IUIS Allergen: Hel a 2.0101; Type: Aero Plant; Group: Hel a 2; Allergenicity: IgE but no biological test; 1st V: 7; curationNote: 
CAA75803.1	ncbi	species: Solanum lycopersicum (Lycopersicon esculentum); common name: Tomato; IUIS Allergen: Sola l 4.0101; Type: Food Plant; Group: Solanum Sola l 4 PR-10 (Lyc e 4); Allergenicity: IgE but no biological test; 1st V: 14; curationNote: 
CAA75805.1	ncbi	species: Aspergillus fumigatus; common name: Fungus; IUIS Allergen: Unassigned; Type: Aero Fungi; Group: Aspergillus fumigatus Asp f 13; Allergenicity: IgE but no biological test; 1st V: 16; curationNote: 
CAA76556.1	ncbi	species: Phleum pratense; common name: Common timothy; IUIS Allergen: Phl p 6.0102; Type: Aero Plant; Group: Phleum Phl p 6; Allergenicity: IgE plus basophil+ or SPT+; 1st V: 7; curationNote: 
CAA76557.1	ncbi	species: Phleum pratense; common name: Common timothy; IUIS Allergen: Phl p 6.0101; Type: Aero Plant; Group: Phleum Phl p 6; Allergenicity: IgE plus basophil+ or SPT+; 1st V: 7; curationNote: 
CAA76558.1	ncbi	species: Phleum pratense; common name: Common timothy; IUIS Allergen: Unassigned; Type: Aero Plant; Group: Phleum Phl p 6; Allergenicity: IgE plus basophil+ or SPT+; 1st V: 7; curationNote: 
CAA76831.1	ncbi	species: Alnus glutinosa; common name: Alder; IUIS Allergen: Aln g 4.0101; Type: Aero Plant; Group: Alnus Aln g 4; Allergenicity: IgE plus basophil+ or SPT+; 1st V: 7; curationNote: 
CAA76841.1	ncbi	species: Canis familiaris; common name: Dog; IUIS Allergen: Can f 3; Type: Aero Animal; Group: Canis Can f 3 Serum albumin; Allergenicity: IgE plus basophil+ or SPT+; 1st V: 7; curationNote: 
CAA76847.1	ncbi	species: Bos taurus; common name: Bovine; IUIS Allergen: Unassigned; Type: Food Animal; Group: Bos Bos d 6; Allergenicity: IgE plus basophil+ or SPT+; 1st V: 7; curationNote: 
CAA76887.1	ncbi	species: Phleum pratense; common name: Common timothy; IUIS Allergen: Phl p 7.0101; Type: Aero Plant; Group: Phleum Polcalin (Phl p 7); Allergenicity: IgE plus basophil+ or SPT+; 1st V: 10; curationNote: 
CAA77666.1	ncbi	species: Aspergillus fumigatus; common name: Fungus; IUIS Allergen: Unassigned; Type: Aero Fungi; Group: Aspergillus fumigatus Asp f 13; Allergenicity: IgE but no biological test; 1st V: 15; curationNote: 
CAA81609.1	ncbi	species: Phleum pratense; common name: Common timothy; IUIS Allergen: Phl p 5.0201; Type: Aero Plant; Group: Phleum Phl p 5; Allergenicity: IgE plus basophil+ or SPT+; 1st V: 10; curationNote: 
CAA81610.1	ncbi	species: Holcus lanatus; common name: Velvet grass; IUIS Allergen: Hol l 1.0101; Type: Aero Plant; Group: Holcus Hol l 1; Allergenicity: IgE but no biological test; 1st V: 7; curationNote: 
CAA81613.1	ncbi	species: Phleum pratense; common name: Common timothy; IUIS Allergen: Phl p 1.0101; Type: Aero Plant; Group: Phleum Phl p 1; Allergenicity: IgE plus basophil+ or SPT+; 1st V: 7; curationNote: 
CAA83015.1	ncbi	species: Aspergillus fumigatus; common name: Fungus; IUIS Allergen: Asp f 5.0101; Type: Aero Fungi; Group: Aspergillus Asp f 5; Allergenicity: IgE but no biological test; 1st V: 7; curationNote: 
CAA88833.1	ncbi	species: Malus x domestica; common name: Apple; IUIS Allergen: Mal d 1.0102; Type: Food Plant; Group: Malus Mal d 1; Allergenicity: IgE plus basophil+ or SPT+; 1st V: 11; curationNote: 
CAA93121.1	ncbi	species: Holcus lanatus; common name: Velvet grass; IUIS Allergen: Hol l 1.0102; Type: Aero Plant; Group: Holcus Hol l 1; Allergenicity: IgE but no biological test; 1st V: 7; curationNote: 
CAA96534.1	ncbi	species: Malus x domestica; common name: Apple; IUIS Allergen: Mal d 1.0301; Type: Food Plant; Group: Malus Mal d 1; Allergenicity: IgE plus basophil+ or SPT+; 1st V: 7; curationNote: 
CAA96535.1	ncbi	species: Malus x domestica; common name: Apple; IUIS Allergen: Mal d 1.0401; Type: Food Plant; Group: Malus Mal d 1; Allergenicity: IgE plus basophil+ or SPT+; 1st V: 7; curationNote: 
CAA96536.1	ncbi	species: Malus x domestica; common name: Apple; IUIS Allergen: Mal d 1.0402; Type: Food Plant; Group: Malus Mal d 1; Allergenicity: IgE plus basophil+ or SPT+; 1st V: 7; curationNote: 
CAA96537.1	ncbi	species: Malus x domestica; common name: Apple; IUIS Allergen: Mal d 1.0403; Type: Food Plant; Group: Malus Mal d 1; Allergenicity: IgE plus basophil+ or SPT+; 1st V: 7; curationNote: 
CAA96539.1	ncbi	species: Betula pendula; common name: European white birch; IUIS Allergen: ; Type: Aero Plant; Group: Betula Bet v 1; Allergenicity: IgE plus basophil+ or SPT+; 1st V: 7; curationNote: 
CAA96540.1	ncbi	species: Betula pendula; common name: European white birch; IUIS Allergen: ; Type: Aero Plant; Group: Betula Bet v 1; Allergenicity: IgE plus basophil+ or SPT+; 1st V: 7; curationNote: 
CAA96541.1	ncbi	species: Betula pendula; common name: European white birch; IUIS Allergen: Bet v 1.0205; Type: Aero Plant; Group: Betula Bet v 1; Allergenicity: IgE plus basophil+ or SPT+; 1st V: 7; curationNote: 
CAA96542.1	ncbi	species: Betula pendula; common name: European white birch; IUIS Allergen: ; Type: Aero Plant; Group: Betula Bet v 1; Allergenicity: IgE plus basophil+ or SPT+; 1st V: 7; curationNote: 
CAA96543.1	ncbi	species: Betula pendula; common name: European white birch; IUIS Allergen: ; Type: Aero Plant; Group: Betula Bet v 1; Allergenicity: IgE plus basophil+ or SPT+; 1st V: 7; curationNote: 
CAA96544.1	ncbi	species: Betula pendula; common name: European white birch; IUIS Allergen: ; Type: Aero Plant; Group: Betula Bet v 1; Allergenicity: IgE plus basophil+ or SPT+; 1st V: 7; curationNote: 
CAA96545.1	ncbi	species: Betula pendula; common name: European white birch; IUIS Allergen: ; Type: Aero Plant; Group: Betula Bet v 1; Allergenicity: IgE plus basophil+ or SPT+; 1st V: 7; curationNote: 
CAA96546.1	ncbi	species: Betula pendula; common name: European white birch; IUIS Allergen: ; Type: Aero Plant; Group: Betula Bet v 1; Allergenicity: IgE plus basophil+ or SPT+; 1st V: 7; curationNote: 
CAA96547.1	ncbi	species: Betula pendula; common name: European white birch; IUIS Allergen: Bet v 1.0115; Type: Aero Plant; Group: Betula Bet v 1; Allergenicity: IgE plus basophil+ or SPT+; 1st V: 7; curationNote: 
CAA96548.1	ncbi	species: Corylus avellana; common name: European hazelnut; IUIS Allergen: Cor a 1.0201; Type: Aero Plant; Group: Corylus Cor a 1; Allergenicity: IgE plus basophil+ or SPT+; 1st V: 7; curationNote: 
CAA96549.1	ncbi	species: Corylus avellana; common name: European hazelnut; IUIS Allergen: Cor a 1.0301; Type: Aero Plant; Group: Corylus Cor a 1; Allergenicity: IgE plus basophil+ or SPT+; 1st V: 7; curationNote: 
CAB01591.1	ncbi	species: Persea americana; common name: Avocado; IUIS Allergen: Pers a 1.0101; Type: Food Plant; Group: Persea Pers a 1; Allergenicity: IgE but no biological test; 1st V: 7; curationNote: 
CAB02155.1	ncbi	species: Betula pendula; common name: European white birch; IUIS Allergen: Bet v 1.0108; Type: Aero Plant; Group: Betula Bet v 1; Allergenicity: IgE plus basophil+ or SPT+; 1st V: 7; curationNote: 
CAB02156.1	ncbi	species: Betula pendula; common name: European white birch; IUIS Allergen: Bet v 1.0109; Type: Aero Plant; Group: Betula Bet v 1; Allergenicity: IgE plus basophil+ or SPT+; 1st V: 7; curationNote: 
CAB02157.1	ncbi	species: Betula pendula; common name: European white birch; IUIS Allergen: Bet v 1.0110; Type: Aero Plant; Group: Betula Bet v 1; Allergenicity: IgE plus basophil+ or SPT+; 1st V: 7; curationNote: 
CAB02158.1	ncbi	species: Betula pendula; common name: European white birch; IUIS Allergen: Bet v 1.0111; Type: Aero Plant; Group: Betula Bet v 1; Allergenicity: IgE plus basophil+ or SPT+; 1st V: 7; curationNote: 
CAB02159.1	ncbi	species: Betula pendula; common name: European white birch; IUIS Allergen: Bet v 1.0117; Type: Aero Plant; Group: Betula Bet v 1; Allergenicity: IgE plus basophil+ or SPT+; 1st V: 7; curationNote: 
CAB02160.1	ncbi	species: Betula pendula; common name: European white birch; IUIS Allergen: Bet v 1.0113; Type: Aero Plant; Group: Betula Bet v 1; Allergenicity: IgE plus basophil+ or SPT+; 1st V: 7; curationNote: 
CAB02161.1	ncbi	species: Betula pendula; common name: European white birch; IUIS Allergen: Bet v 1.0114; Type: Aero Plant; Group: Betula Bet v 1; Allergenicity: IgE plus basophil+ or SPT+; 1st V: 7; curationNote: 
CAB02206.1	ncbi	species: Carpinus betulus; common name: Hornbeam; IUIS Allergen: Car b 1.0103; Type: Aero Plant; Group: Carpinus Car b 1; Allergenicity: IgE plus basophil+ or SPT+; 1st V: 7; curationNote: 
CAB02207.1	ncbi	species: Carpinus betulus; common name: Hornbeam; IUIS Allergen: Car b 1.0104; Type: Aero Plant; Group: Carpinus Car b 1; Allergenicity: IgE plus basophil+ or SPT+; 1st V: 7; curationNote: 
CAB02208.1	ncbi	species: Carpinus betulus; common name: Hornbeam; IUIS Allergen: Car b 1.0105; Type: Aero Plant; Group: Carpinus Car b 1; Allergenicity: IgE plus basophil+ or SPT+; 1st V: 7; curationNote: 
CAB02209.1	ncbi	species: Carpinus betulus; common name: Hornbeam; IUIS Allergen: Car b 1.0106; Type: Aero Plant; Group: Carpinus Car b 1; Allergenicity: IgE plus basophil+ or SPT+; 1st V: 15; curationNote: 
CAB02213.1	ncbi	species: Carpinus betulus; common name: Hornbeam; IUIS Allergen: Car b 1.0107; Type: Aero Plant; Group: Carpinus Car b 1; Allergenicity: IgE plus basophil+ or SPT+; 1st V: 15; curationNote: 
CAB02215.1	ncbi	species: Carpinus betulus; common name: Hornbeam; IUIS Allergen: Car b 1.0108; Type: Aero Plant; Group: Carpinus Car b 1; Allergenicity: IgE plus basophil+ or SPT+; 1st V: 7; curationNote: 
CAB02216.1	ncbi	species: Carpinus betulus; common name: Hornbeam; IUIS Allergen: Car b 1.0301; Type: Aero Plant; Group: Carpinus Car b 1; Allergenicity: IgE plus basophil+ or SPT+; 1st V: 7; curationNote: 
CAB02217.1	ncbi	species: Carpinus betulus; common name: Hornbeam; IUIS Allergen: Car b 1.0302; Type: Aero Plant; Group: Carpinus Car b 1; Allergenicity: IgE plus basophil+ or SPT+; 1st V: 7; curationNote: 
CAB03715.1	ncbi	species: Daucus carota; common name: Carrot; IUIS Allergen: Dau c 1.0103; Type: Food Plant; Group: Daucus Dau c 1; Allergenicity: IgE plus basophil+ or SPT+; 1st V: 7; curationNote: 
CAB03716.1	ncbi	species: Daucus carota; common name: Carrot; IUIS Allergen: Dau c 1.0104; Type: Food Plant; Group: Daucus Dau c 1; Allergenicity: IgE plus basophil+ or SPT+; 1st V: 7; curationNote: 
CAB05371.1	ncbi	species: Phleum pratense; common name: Common timothy; IUIS Allergen: Phl p 5.0202; Type: Aero Plant; Group: Phleum Phl p 5; Allergenicity: IgE plus basophil+ or SPT+; 1st V: 7; curationNote: 
CAB05372.1	ncbi	species: Phleum pratense; common name: Common timothy; IUIS Allergen: Phl p 5.0104; Type: Aero Plant; Group: Phleum Phl p 5; Allergenicity: IgE plus basophil+ or SPT+; 1st V: 7; curationNote: 
CAB06416.1	ncbi	species: Daucus carota; common name: Carrot; IUIS Allergen: Dau c 1.0105; Type: Food Plant; Group: Daucus Dau c 1; Allergenicity: IgE plus basophil+ or SPT+; 1st V: 7; curationNote: 
CAB06417.1	ncbi	species: Aspergillus niger; common name: Fungus; IUIS Allergen: Asp n 14; Type: Aero Fungi; Group: Aspergillus Asp n 14; Allergenicity: IgE but no biological test; 1st V: 7; curationNote: 
CAB10765.1	ncbi	species: Holcus lanatus; common name: Velvet grass; IUIS Allergen: Hol l 5.0101; Type: Aero Plant; Group: Holcus Hol l 5; Allergenicity: IgE plus basophil+ or SPT+; 1st V: 7; curationNote: 
CAB10766.1	ncbi	species: Holcus lanatus; common name: Velvet grass; IUIS Allergen: Hol l 5.0201; Type: Aero Plant; Group: Holcus Hol l 5; Allergenicity: IgE plus basophil+ or SPT+; 1st V: 7; curationNote: 
CAB38044.1	ncbi	species: Helix aspersa; common name: Brown garden snail; IUIS Allergen: Hel as 1.0101; Type: Food Animal; Group: Helix Hel as 1 tropomyosin; Allergenicity: IgE but no biological test; 1st V: 7; curationNote: 
CAB38086.1	ncbi	species: Periplaneta americana; common name: American cockroach; IUIS Allergen: Per a 7.0101; Type: Aero Insect; Group: Periplaneta Per a 7; Allergenicity: IgE plus basophil+ or SPT+; 1st V: 7; curationNote: 
CAB39376.1	ncbi	species: Coprinus comatus; common name: Shaggy mane; IUIS Allergen: Cop c 1.0101; Type: Food Fungi; Group: Coprinus Cop c 1; Allergenicity: IgE but no biological test; 1st V: 7; curationNote: 
CAB42886.1	ncbi	species: Phleum pratense; common name: Common timothy; IUIS Allergen: Phl p 13.0101; Type: Aero Plant; Group: Phleum Phl p 13; Allergenicity: IgE plus basophil+ or SPT+; 1st V: 7; curationNote: 
CAB42887.1	ncbi	species: Vespula vulgaris; common name: Wasp; IUIS Allergen: Ves v 5; Type: Venom or Salivary; Group: Vespula antigen 5 Ves f, v, s  5; Allergenicity: IgE plus basophil+ or SPT+; 1st V: 7; curationNote: 
CAB44442.1	ncbi	species: Aspergillus fumigatus; common name: Fungus; IUIS Allergen: Asp f 11.0101; Type: Aero Fungi; Group: Aspergillus Asp f 11; Allergenicity: IgE plus basophil+ or SPT+; 1st V: 7; curationNote: 
CAB51914.1	ncbi	species: Hevea brasiliensis; common name: Para rubber tree; IUIS Allergen: Hev b 8.0102; Type: Contact; Group: Hevea Hev b 8; Allergenicity: IgE plus basophil+ or SPT+; 1st V: 15; curationNote: 
CAB52710.1	ncbi	species: Triticum aestivum; common name: Wheat; IUIS Allergen: Tri a 33.0101; Type: Aero Plant; Group: Triticum Tri a 33 Serine protease inhibitor; Allergenicity: IgE but no biological test; 1st V: 15; curationNote: 
CAB53458.1	ncbi	species: Hevea brasiliensis; common name: Para rubber tree; IUIS Allergen: Hev b 10.0102; Type: Contact; Group: Hevea Hev b 10; Allergenicity: IgE but no biological test; 1st V: 7; curationNote: 
CAB58171.1	ncbi	species: Anisakis simplex; common name: Parasitic fish worm; IUIS Allergen: Unassigned; Type: Food Animal; Group: Anisakis simplex troponin-like; Allergenicity: IgE but no biological test; 1st V: 7; curationNote: 
CAB59976.1	ncbi	species: Glycyphagus domesticus; common name: Storage mite; IUIS Allergen: Gly d 2.0101; Type: Aero Mite; Group: Glycyphagus Gly d 2; Allergenicity: IgE but no biological test; 1st V: 7; curationNote: 
CAB62212.1	ncbi	species: Lepidoglyphus destructor; common name: Storage mite; IUIS Allergen: Lep d 5.0101; Type: Aero Mite; Group: Lepidoglyphus Lep d 5; Allergenicity: IgE but no biological test; 1st V: 15; curationNote: 
CAB62213.1	ncbi	species: Lepidoglyphus destructor; common name: Storage mite; IUIS Allergen: Lep d 13.0101; Type: Aero Mite; Group: Lepidoglyphus Lep d 13; Allergenicity: IgE but no biological test; 1st V: 15; curationNote: 
CAB62551.1	ncbi	species: Cupressus arizonica; common name: Arizona Cypress; IUIS Allergen: Cup a 1.0101; Type: Aero Plant; Group: Cupressus Cup a 1/Cup s 1; Allergenicity: IgE plus basophil+ or SPT+; 1st V: 7; curationNote: 
CAB63699.1	ncbi	species: Lolium perenne; common name: Perennial ryegrass; IUIS Allergen: Lol p 1.0103; Type: Aero Plant; Group: Lolium Lol p 1; Allergenicity: IgE plus basophil+ or SPT+; 1st V: 10; curationNote: 
CAB64344.1	ncbi	species: Lolium perenne; common name: Perennial ryegrass; IUIS Allergen: ; Type: Aero Plant; Group: Lolium Lol p 5; Allergenicity: IgE plus basophil+ or SPT+; 1st V: 7; curationNote: 
CAB64688.1	ncbi	species: Aspergillus fumigatus; common name: Fungus; IUIS Allergen: Asp f 8.0101; Type: Aero Fungi; Group: Aspergillus Asp f 8; Allergenicity: IgE plus basophil+ or SPT+; 1st V: 7; curationNote: 
CAB65963.1	ncbi	species: Lepidoglyphus destructor; common name: Storage mite; IUIS Allergen: Lep d 7.0101; Type: Aero Mite; Group: Lepidoglyphus Lep d 7; Allergenicity: IgE but no biological test; 1st V: 15; curationNote: 
CAB71342.1	ncbi	species: Lepidoglyphus destructor; common name: Storage mite; IUIS Allergen: Lep d 10.0101; Type: Aero Mite; Group: Lepidoglyphus Lep d 10; Allergenicity: IgE but no biological test; 1st V: 15; curationNote: 
CAB76459.1	ncbi	species: Glycyphagus domesticus; common name: Storage mite; IUIS Allergen: Gly d 2.0201; Type: Aero Mite; Group: Glycyphagus Gly d 2; Allergenicity: IgE but no biological test; 1st V: 7; curationNote: 
CAB82855.1	ncbi	species: Pisum sativum; common name: Pea; IUIS Allergen: Pis s 2.0101; Type: Food Plant; Group: Pisum Pis s 2; Allergenicity: IgE but no biological test; 1st V: 15; curationNote: 
CAB96215.1	ncbi	species: Hevea brasiliensis; common name: Para rubber tree; IUIS Allergen: Hev b 8.0204; Type: Contact; Group: Hevea Hev b 8; Allergenicity: IgE plus basophil+ or SPT+; 1st V: 15; curationNote: 
CAB96931.1	ncbi	species: Triticum aestivum; common name: Wheat; IUIS Allergen: Tri a 25.0101; Type: Aero Plant; Group: Triticum Tri a 25; Allergenicity: IgE but no biological test; 1st V: 15; curationNote: 
CAC00532.1	ncbi	species: Hevea brasiliensis; common name: Para rubber tree; IUIS Allergen: Hev a 9.0101; Type: Contact; Group: Hevea Hev b 9; Allergenicity: IgE but no biological test; 1st V: 7; curationNote: 
CAC05258.1	ncbi	species: Cupressus arizonica; common name: Arizona Cypress; IUIS Allergen: Unassigned; Type: Aero Plant; Group: Cupressus Cup s 3; Allergenicity: IgE but no biological test; 1st V: 7; curationNote: 
CAC05582.1	ncbi	species: Juniperus ashei; common name: Mountain cedar; IUIS Allergen: Jun a 2.0101; Type: Aero Plant; Group: Juniperus Jun a 2; Allergenicity: IgE but no biological test; 1st V: 7; curationNote: 
CAC09234.1	ncbi	species: Dermatophagoides pteronyssinus; common name: House dust mite; IUIS Allergen: ; Type: Aero Mite; Group: Dermatophagoides Der p 7 /  Der f 7; Allergenicity: IgE plus basophil+ or SPT+; 1st V: 7; curationNote: 
CAC13961.1	ncbi	species: Hevea brasiliensis; common name: Para rubber tree; IUIS Allergen: Hev b 10.0103; Type: Contact; Group: Hevea Hev b 10; Allergenicity: IgE but no biological test; 1st V: 7; curationNote: 
CAC14917.1	ncbi	species: Triticum aestivum; common name: Wheat; IUIS Allergen: Tri a 31.0101; Type: Aero Plant; Group: Triticum Tri a 31; Allergenicity: IgE but no biological test; 1st V: 7; curationNote: 
CAC34055.2	ncbi	species: Capsicum annuum; common name: Bell pepper; IUIS Allergen: Cap a 1.0101; Type: Food Plant; Group: Capsicum Cap a 1; Allergenicity: IgE but no biological test; 1st V: 7; curationNote: 
CAC37790.2	ncbi	species: Cupressus arizonica; common name: Arizona Cypress; IUIS Allergen: ; Type: Aero Plant; Group: Cupressus Cup a 1/Cup s 1; Allergenicity: IgE plus basophil+ or SPT+; 1st V: 7; curationNote: 
CAC41633.1	ncbi	species: Plantago lanceolata; common name: Narrow-leaved plantain; IUIS Allergen: Pla l 1.0101; Type: Aero Plant; Group: Plantago Pla l 1; Allergenicity: IgE but no biological test; 1st V: 7; curationNote: 
CAC41634.1	ncbi	species: Plantago lanceolata; common name: Narrow-leaved plantain; IUIS Allergen: Pla l 1.0102; Type: Aero Plant; Group: Plantago Pla l 1; Allergenicity: IgE but no biological test; 1st V: 7; curationNote: 
CAC41635.1	ncbi	species: Plantago lanceolata; common name: Narrow-leaved plantain; IUIS Allergen: Pla l 1.0103; Type: Aero Plant; Group: Plantago Pla l 1; Allergenicity: IgE but no biological test; 1st V: 7; curationNote: 
CAC42881.1	ncbi	species: Hevea brasiliensis; common name: Para rubber tree; IUIS Allergen: Hev b 11.0101; Type: Contact; Group: Hevea Hev b 11; Allergenicity: IgE but no biological test; 1st V: 7; curationNote: 
CAC48400.1	ncbi	species: Juniperus oxycedrus; common name: Juniper; IUIS Allergen: Unassigned; Type: Aero Plant; Group: Juniperus Jun a/v 1; Allergenicity: IgE but no biological test; 1st V: 7; curationNote: 
CAC81811.1	ncbi	species: Musa acuminata; common name: Banana; IUIS Allergen: Mus a 2.0101; Type: Food Plant; Group: Musa Mus s 2; Allergenicity: IgE but no biological test; 1st V: 15; curationNote: 
CAC83046.1	ncbi	species: Rana esculenta; common name: Frog; IUIS Allergen: Ran e 1.0101; Type: Food Animal; Group: Rana Ran e 1; Allergenicity: IgE but no biological test; 1st V: 7; curationNote: 
CAC83047.1	ncbi	species: Rana sp. CH-2001; common name: Frog; IUIS Allergen: Unassigned; Type: Food Animal; Group: Rana Ran e 1; Allergenicity: IgE but no biological test; 1st V: 7; curationNote: 
CAC83658.1	ncbi	species: Cyprinus carpio; common name: Carp; IUIS Allergen: Cyp c 1.0101; Type: Food Animal; Group: Cyprinus Cyp c 1 Parvalbumin; Allergenicity: IgE plus basophil+ or SPT+; 1st V: 7; curationNote: 
CAC83659.1	ncbi	species: Cyprinus carpio; common name: Carp; IUIS Allergen: Cyp c 1.0201; Type: Food Animal; Group: Cyprinus Cyp c 1 Parvalbumin; Allergenicity: IgE plus basophil+ or SPT+; 1st V: 7; curationNote: 
CAC84116.1	ncbi	species: Betula pendula; common name: European white birch; IUIS Allergen: Bet v 7.0101; Type: Aero Plant; Group: Betula Bet v 7; Allergenicity: IgE but no biological test; 1st V: 7; curationNote: 
CAC84590.2	ncbi	species: Lepisma saccharina; common name: Silverfish; IUIS Allergen: Lep s 1.0101; Type: Aero Insect; Group: Lepisma Tropomyosin; Allergenicity: IgE plus basophil+ or SPT+; 1st V: 7; curationNote: 
CAC84593.2	ncbi	species: Lepisma saccharina; common name: Silverfish; IUIS Allergen: Unassigned; Type: Aero Insect; Group: Lepisma Tropomyosin; Allergenicity: IgE plus basophil+ or SPT+; 1st V: 7; curationNote: 
CAC85911.1	ncbi	species: Plodia interpunctella; common name: Indian meal moth; IUIS Allergen: Plo i 1.0101; Type: Aero Insect; Group: Plodia Plo i 1 Arginine kinase; Allergenicity: IgE plus basophil+ or SPT+; 1st V: 7; curationNote: 
CAC86258.1	ncbi	species: Fragaria x ananassa; common name: Strawberry; IUIS Allergen: Fra a 3.0101; Type: Food Plant; Group: Fragaria Fra a 3; Allergenicity: IgE plus basophil+ or SPT+; 1st V: 15; curationNote: 
CAC94011.1	ncbi	species: Linum usitatissimum; common name: ; IUIS Allergen: Unassigned; Type: Unassigned; Group: Lin u 1 conlinin; Allergenicity: IgE but no biological test; 1st V: 22; curationNote: 
CAC95152.1	ncbi	species: Rana esculenta; common name: Frog; IUIS Allergen: Ran e 2.0101; Type: Food Animal; Group: Rana Ran e 2; Allergenicity: IgE but no biological test; 1st V: 7; curationNote: 
CAC95153.1	ncbi	species: Rana sp. CH-2001; common name: Frog; IUIS Allergen: Unassigned; Type: Food Animal; Group: Rana Ran e 2; Allergenicity: IgE but no biological test; 1st V: 7; curationNote: 
CAD10374.1	ncbi	species: Castanea sativa; common name: European chestnut; IUIS Allergen: ; Type: Aero Plant; Group: Castanea Cas s 1; Allergenicity: IgE but no biological test; 1st V: 7; curationNote: 
CAD10376.1	ncbi	species: Capsicum annuum; common name: Bell pepper; IUIS Allergen: Cap a 2.0101; Type: Food Plant; Group: Capsicum Cap a 2; Allergenicity: IgE but no biological test; 1st V: 7; curationNote: 
CAD10377.1	ncbi	species: Solanum lycopersicum (Lycopersicon esculentum); common name: Tomato; IUIS Allergen: Sola l 1.0101; Type: Food Plant; Group: Solanum Sola l 1 profilin (Lyc e 1); Allergenicity: IgE plus basophil+ or SPT+; 1st V: 7; curationNote: 
CAD10390.1	ncbi	species: Phoenix dactylifera; common name: Date palm; IUIS Allergen: Phl p 2.0101; Type: Aero Plant; Group: Phoenix Pho d 2; Allergenicity: IgE but no biological test; 1st V: 7; curationNote: 
CAD12861.1	ncbi	species: Artemisia vulgaris; common name: Mugwort; IUIS Allergen: Art v 4.0101; Type: Aero Plant; Group: Artemisia Art v 4; Allergenicity: IgE but no biological test; 1st V: 15; curationNote: 
CAD12862.1	ncbi	species: Artemisia vulgaris; common name: Mugwort; IUIS Allergen: Art v 4.0201; Type: Aero Plant; Group: Artemisia Art v 4; Allergenicity: IgE but no biological test; 1st V: 15; curationNote: 
CAD20405.1	ncbi	species: Dactylis glomerata; common name: Orchard grass; IUIS Allergen: ; Type: Aero Plant; Group: Dactylis Dac g 5; Allergenicity: IgE but no biological test; 1st V: 7; curationNote: 
CAD20406.1	ncbi	species: Dactylis glomerata; common name: Orchard grass; IUIS Allergen: ; Type: Aero Plant; Group: Dactylis Dac g 1; Allergenicity: IgE plus basophil+ or SPT+; 1st V: 7; curationNote: 
CAD20556.1	ncbi	species: Platanus x acerifolia; common name: London plane tree; IUIS Allergen: Pla a 1.0101; Type: Aero Plant; Group: Platanus Pla a 1; Allergenicity: IgE plus basophil+ or SPT+; 1st V: 7; curationNote: 
CAD20981.3	ncbi	species: Malassezia sympodialis; common name: Yeast; IUIS Allergen: Mala s 10.0101; Type: Contact; Group: Malassezia Mala s 10 heat shock protein; Allergenicity: IgE but no biological test; 1st V: 14; curationNote: 
CAD21706.2	ncbi	species: Olea europaea; common name: Olive tree; IUIS Allergen: ; Type: Aero Plant; Group: Olea Ole e 5; Allergenicity: IgE but no biological test; 1st V: 7; curationNote: 
CAD23374.1	ncbi	species: Trichophyton schoenleinii; common name: Fungus; IUIS Allergen: Unassigned; Type: Contact; Group: Trichophyton tri 4 allergen (Arthroderma); Allergenicity: IgE plus basophil+ or SPT+; 1st V: 7; curationNote: 
CAD23611.1	ncbi	species: Arthroderma benhamiae; common name: Fungus; IUIS Allergen: Unassigned; Type: Contact; Group: Trichophyton (Arthroderma) Tri m 4; Allergenicity: IgE plus basophil+ or SPT+; 1st V: 7; curationNote: 
CAD23613.1	ncbi	species: Arthroderma benhamiae; common name: Fungus; IUIS Allergen: Unassigned; Type: Contact; Group: Trichophyton (Arthroderma) Tri r 2; Allergenicity: IgE plus basophil+ or SPT+; 1st V: 7; curationNote: 
CAD23614.1	ncbi	species: Arthroderma benhamiae; common name: Fungus; IUIS Allergen: Unassigned; Type: Contact; Group: Trichophyton (Arthroderma) Tri r 2; Allergenicity: IgE plus basophil+ or SPT+; 1st V: 7; curationNote: 
CAD24068.1	ncbi	species: Hevea brasiliensis subsp. brasiliensis; common name: Para rubber tree; IUIS Allergen: Hev b 11.0102; Type: Contact; Group: Hevea Hev b 11; Allergenicity: IgE but no biological test; 1st V: 7; curationNote: 
CAD32313.1	ncbi	species: Lepidoglyphus destructor; common name: Storage mite; IUIS Allergen: Lep d 2.0102; Type: Aero Mite; Group: Lepidoglyphus Lep d 2; Allergenicity: IgE but no biological test; 1st V: 7; curationNote: 
CAD32314.1	ncbi	species: Lepidoglyphus destructor; common name: Storage mite; IUIS Allergen: Lep d 2.0202; Type: Aero Mite; Group: Lepidoglyphus Lep d 2; Allergenicity: IgE but no biological test; 1st V: 7; curationNote: 
CAD32318.1	ncbi	species: Malus x domestica; common name: Apple; IUIS Allergen: Mal d 1.0208; Type: Food Plant; Group: Malus Mal d 1; Allergenicity: IgE plus basophil+ or SPT+; 1st V: 7; curationNote: 
CAD37201.1	ncbi	species: Prunus persica; common name: Peach; IUIS Allergen: Pru p 4.0101; Type: Food Plant; Group: Prunus Pru 4 Profilin peach cherry almond; Allergenicity: IgE plus basophil+ or SPT+; 1st V: 7; curationNote: 
CAD37202.1	ncbi	species: Prunus persica; common name: Peach; IUIS Allergen: Pru p 4.0201; Type: Food Plant; Group: Prunus Pru 4 Profilin peach cherry almond; Allergenicity: IgE plus basophil+ or SPT+; 1st V: 7; curationNote: 
CAD38166.1	ncbi	species: Davidiella tassiana; common name: Fungus; IUIS Allergen: Unassigned; Type: Aero Fungi; Group: Cladosporium / Davidiella Putative nuclear transpo; Allergenicity: IgE plus basophil+ or SPT+; 1st V: 7; curationNote: 
CAD38167.1	ncbi	species: Alternaria alternata; common name: Fungus; IUIS Allergen: Unassigned; Type: Aero Fungi; Group: Alternaria Nuc Transport 2; Allergenicity: IgE plus basophil+ or SPT+; 1st V: 7; curationNote: 
CAD38361.1	ncbi	species: Dermatophagoides pteronyssinus; common name: House dust mite; IUIS Allergen: ; Type: Aero Mite; Group: Dermatophagoides Der p 1 Der f 1 Der m 1; Allergenicity: IgE plus basophil+ or SPT+; 1st V: 7; curationNote: 
CAD38362.1	ncbi	species: Dermatophagoides pteronyssinus; common name: House dust mite; IUIS Allergen: ; Type: Aero Mite; Group: Dermatophagoides Der p 1 Der f 1 Der m 1; Allergenicity: IgE plus basophil+ or SPT+; 1st V: 7; curationNote: 
CAD38363.1	ncbi	species: Dermatophagoides pteronyssinus; common name: House dust mite; IUIS Allergen: ; Type: Aero Mite; Group: Dermatophagoides Der p 1 Der f 1 Der m 1; Allergenicity: IgE plus basophil+ or SPT+; 1st V: 7; curationNote: 
CAD38364.1	ncbi	species: Dermatophagoides pteronyssinus; common name: House dust mite; IUIS Allergen: ; Type: Aero Mite; Group: Dermatophagoides Der p 1 Der f 1 Der m 1; Allergenicity: IgE plus basophil+ or SPT+; 1st V: 7; curationNote: 
CAD38365.1	ncbi	species: Dermatophagoides pteronyssinus; common name: House dust mite; IUIS Allergen: ; Type: Aero Mite; Group: Dermatophagoides Der p 1 Der f 1 Der m 1; Allergenicity: IgE plus basophil+ or SPT+; 1st V: 7; curationNote: 
CAD38366.1	ncbi	species: Dermatophagoides pteronyssinus; common name: House dust mite; IUIS Allergen: ; Type: Aero Mite; Group: Dermatophagoides Der p 1 Der f 1 Der m 1; Allergenicity: IgE plus basophil+ or SPT+; 1st V: 7; curationNote: 
CAD38367.1	ncbi	species: Dermatophagoides pteronyssinus; common name: House dust mite; IUIS Allergen: ; Type: Aero Mite; Group: Dermatophagoides Der p 1 Der f 1 Der m 1; Allergenicity: IgE plus basophil+ or SPT+; 1st V: 7; curationNote: 
CAD38368.1	ncbi	species: Dermatophagoides pteronyssinus; common name: House dust mite; IUIS Allergen: ; Type: Aero Mite; Group: Dermatophagoides Der p 1 Der f 1 Der m 1; Allergenicity: IgE plus basophil+ or SPT+; 1st V: 7; curationNote: 
CAD38369.1	ncbi	species: Dermatophagoides pteronyssinus; common name: House dust mite; IUIS Allergen: ; Type: Aero Mite; Group: Dermatophagoides Der p 1 Der f 1 Der m 1; Allergenicity: IgE plus basophil+ or SPT+; 1st V: 7; curationNote: 
CAD38370.1	ncbi	species: Dermatophagoides pteronyssinus; common name: House dust mite; IUIS Allergen: ; Type: Aero Mite; Group: Dermatophagoides Der p 1 Der f 1 Der m 1; Allergenicity: IgE plus basophil+ or SPT+; 1st V: 7; curationNote: 
CAD38371.1	ncbi	species: Dermatophagoides pteronyssinus; common name: House dust mite; IUIS Allergen: ; Type: Aero Mite; Group: Dermatophagoides Der p 1 Der f 1 Der m 1; Allergenicity: IgE plus basophil+ or SPT+; 1st V: 7; curationNote: 
CAD38372.1	ncbi	species: Dermatophagoides pteronyssinus; common name: House dust mite; IUIS Allergen: ; Type: Aero Mite; Group: Dermatophagoides Der p 2 / Der f 2; Allergenicity: IgE plus basophil+ or SPT+; 1st V: 7; curationNote: 
CAD38373.1	ncbi	species: Dermatophagoides pteronyssinus; common name: House dust mite; IUIS Allergen: ; Type: Aero Mite; Group: Dermatophagoides Der p 2 / Der f 2; Allergenicity: IgE plus basophil+ or SPT+; 1st V: 7; curationNote: 
CAD38374.1	ncbi	species: Dermatophagoides pteronyssinus; common name: House dust mite; IUIS Allergen: ; Type: Aero Mite; Group: Dermatophagoides Der p 2 / Der f 2; Allergenicity: IgE plus basophil+ or SPT+; 1st V: 7; curationNote: 
CAD38375.1	ncbi	species: Dermatophagoides pteronyssinus; common name: House dust mite; IUIS Allergen: ; Type: Aero Mite; Group: Dermatophagoides Der p 2 / Der f 2; Allergenicity: IgE plus basophil+ or SPT+; 1st V: 7; curationNote: 
CAD38376.1	ncbi	species: Dermatophagoides pteronyssinus; common name: House dust mite; IUIS Allergen: ; Type: Aero Mite; Group: Dermatophagoides Der p 2 / Der f 2; Allergenicity: IgE plus basophil+ or SPT+; 1st V: 7; curationNote: 
CAD38377.1	ncbi	species: Dermatophagoides pteronyssinus; common name: House dust mite; IUIS Allergen: ; Type: Aero Mite; Group: Dermatophagoides Der p 2 / Der f 2; Allergenicity: IgE plus basophil+ or SPT+; 1st V: 7; curationNote: 
CAD38378.1	ncbi	species: Dermatophagoides pteronyssinus; common name: House dust mite; IUIS Allergen: ; Type: Aero Mite; Group: Dermatophagoides Der p 2 / Der f 2; Allergenicity: IgE plus basophil+ or SPT+; 1st V: 7; curationNote: 
CAD38379.1	ncbi	species: Dermatophagoides pteronyssinus; common name: House dust mite; IUIS Allergen: ; Type: Aero Mite; Group: Dermatophagoides Der p 2 / Der f 2; Allergenicity: IgE plus basophil+ or SPT+; 1st V: 7; curationNote: 
CAD38381.1	ncbi	species: Dermatophagoides pteronyssinus; common name: House dust mite; IUIS Allergen: ; Type: Aero Mite; Group: Dermatophagoides Der p 2 / Der f 2; Allergenicity: IgE plus basophil+ or SPT+; 1st V: 7; curationNote: 
CAD38382.1	ncbi	species: Dermatophagoides pteronyssinus; common name: House dust mite; IUIS Allergen: ; Type: Aero Mite; Group: Dermatophagoides Der p 2 / Der f 2; Allergenicity: IgE plus basophil+ or SPT+; 1st V: 7; curationNote: 
CAD38383.1	ncbi	species: Dermatophagoides pteronyssinus; common name: House dust mite; IUIS Allergen: ; Type: Aero Mite; Group: Dermatophagoides Der p 2 / Der f 2; Allergenicity: IgE plus basophil+ or SPT+; 1st V: 7; curationNote: 
CAD38384.1	ncbi	species: Phleum pratense; common name: Common timothy; IUIS Allergen: Unassigned; Type: Aero Plant; Group: Phleum Phl p 5; Allergenicity: IgE plus basophil+ or SPT+; 1st V: 7; curationNote: 
CAD38385.1	ncbi	species: Phleum pratense; common name: Common timothy; IUIS Allergen: Unassigned; Type: Aero Plant; Group: Phleum Phl p 5; Allergenicity: IgE plus basophil+ or SPT+; 1st V: 7; curationNote: 
CAD38386.1	ncbi	species: Phleum pratense; common name: Common timothy; IUIS Allergen: Unassigned; Type: Aero Plant; Group: Phleum Phl p 5; Allergenicity: IgE plus basophil+ or SPT+; 1st V: 7; curationNote: 
CAD38387.1	ncbi	species: Phleum pratense; common name: Common timothy; IUIS Allergen: Unassigned; Type: Aero Plant; Group: Phleum Phl p 5; Allergenicity: IgE plus basophil+ or SPT+; 1st V: 7; curationNote: 
CAD38388.1	ncbi	species: Phleum pratense; common name: Common timothy; IUIS Allergen: Unassigned; Type: Aero Plant; Group: Phleum Phl p 5; Allergenicity: IgE plus basophil+ or SPT+; 1st V: 7; curationNote: 
CAD38389.1	ncbi	species: Phleum pratense; common name: Common timothy; IUIS Allergen: Unassigned; Type: Aero Plant; Group: Phleum Phl p 5; Allergenicity: IgE plus basophil+ or SPT+; 1st V: 7; curationNote: 
CAD38390.1	ncbi	species: Phleum pratense; common name: Common timothy; IUIS Allergen: Unassigned; Type: Aero Plant; Group: Phleum Phl p 5; Allergenicity: IgE plus basophil+ or SPT+; 1st V: 7; curationNote: 
CAD38391.1	ncbi	species: Phleum pratense; common name: Common timothy; IUIS Allergen: Unassigned; Type: Aero Plant; Group: Phleum Phl p 5; Allergenicity: IgE plus basophil+ or SPT+; 1st V: 7; curationNote: 
CAD38392.1	ncbi	species: Phleum pratense; common name: Common timothy; IUIS Allergen: Unassigned; Type: Aero Plant; Group: Phleum Phl p 5; Allergenicity: IgE plus basophil+ or SPT+; 1st V: 7; curationNote: 
CAD38393.1	ncbi	species: Phleum pratense; common name: Common timothy; IUIS Allergen: Unassigned; Type: Aero Plant; Group: Phleum Phl p 5; Allergenicity: IgE plus basophil+ or SPT+; 1st V: 7; curationNote: 
CAD38394.1	ncbi	species: Phleum pratense; common name: Common timothy; IUIS Allergen: Unassigned; Type: Aero Plant; Group: Phleum Phl p 5; Allergenicity: IgE plus basophil+ or SPT+; 1st V: 7; curationNote: 
CAD38395.1	ncbi	species: Phleum pratense; common name: Common timothy; IUIS Allergen: Unassigned; Type: Aero Plant; Group: Phleum Phl p 5; Allergenicity: IgE plus basophil+ or SPT+; 1st V: 7; curationNote: 
CAD38396.1	ncbi	species: Phleum pratense; common name: Common timothy; IUIS Allergen: ; Type: Aero Plant; Group: Phleum Phl p 5; Allergenicity: IgE plus basophil+ or SPT+; 1st V: 7; curationNote: 
CAD38397.1	ncbi	species: Phleum pratense; common name: Common timothy; IUIS Allergen: Unassigned; Type: Aero Plant; Group: Phleum Phl p 5; Allergenicity: IgE plus basophil+ or SPT+; 1st V: 7; curationNote: 
CAD42710.1	ncbi	species: Davidiella tassiana; common name: Fungus; IUIS Allergen: Unassigned; Type: Aero Fungi; Group: Cladosporium / Davidiella Hydrophobin; Allergenicity: IgE plus basophil+ or SPT+; 1st V: 7; curationNote: 
CAD46559.1	ncbi	species: Malus x domestica; common name: Apple; IUIS Allergen: Mal d 4.0302; Type: Food Plant; Group: Malus Mal d 4; Allergenicity: IgE plus basophil+ or SPT+; 1st V: 7; curationNote: 
CAD46560.1	ncbi	species: Malus x domestica; common name: Apple; IUIS Allergen: Mal d 4.0202; Type: Food Plant; Group: Malus Mal d 4; Allergenicity: IgE plus basophil+ or SPT+; 1st V: 7; curationNote: 
CAD46561.1	ncbi	species: Malus x domestica; common name: Apple; IUIS Allergen: Mal d 4.0102; Type: Food Plant; Group: Malus Mal d 4; Allergenicity: IgE plus basophil+ or SPT+; 1st V: 7; curationNote: 
CAD54670.2	ncbi	species: Phleum pratense; common name: Common timothy; IUIS Allergen: Phl p 4.0101; Type: Aero Plant; Group: Phleum Phl p 4; Allergenicity: IgE plus basophil+ or SPT+; 1st V: 7; curationNote: 
CAD54671.2	ncbi	species: Phleum pratense; common name: Common timothy; IUIS Allergen: Phl p 4.0201; Type: Aero Plant; Group: Phleum Phl p 4; Allergenicity: IgE plus basophil+ or SPT+; 1st V: 15; curationNote: 
CAD56944.1	ncbi	species: Apis mellifera; common name: Honeybee; IUIS Allergen: Api m 12.0101; Type: Venom or Salivary; Group: Apis mellifera Api m 12; Allergenicity: IgE but no biological test; 1st V: 15; curationNote: 
CAD68071.1	ncbi	species: Malassezia sympodialis; common name: Yeast; IUIS Allergen: Mala s 11.0101; Type: Contact; Group: Malassezia Mala s 11 first 38 aa signal; Allergenicity: IgE but no biological test; 1st V: 7; curationNote: 
CAD69036.1	ncbi	species: Dermatophagoides pteronyssinus; common name: House dust mite; IUIS Allergen: ; Type: Aero Mite; Group: Dermatophagoides Der p 5; Allergenicity: IgE plus basophil+ or SPT+; 1st V: 7; curationNote: 
CAD80019.1	ncbi	species: Plantago lanceolata; common name: Narrow-leaved plantain; IUIS Allergen: Unassigned; Type: Aero Plant; Group: Plantago Pla l 1; Allergenicity: IgE but no biological test; 1st V: 7; curationNote: 
CAD82911.1	ncbi	species: Canis familiaris; common name: Dog; IUIS Allergen: Can f 2; Type: Aero Animal; Group: Canis Can f 2 Lipocalin; Allergenicity: IgE plus basophil+ or SPT+; 1st V: 7; curationNote: 
CAD82912.1	ncbi	species: Canis familiaris; common name: Dog; IUIS Allergen: Can f 2; Type: Aero Animal; Group: Canis Can f 2 Lipocalin; Allergenicity: IgE plus basophil+ or SPT+; 1st V: 7; curationNote: 
CAD87529.1	ncbi	species: Phleum pratense; common name: Common timothy; IUIS Allergen: Phl p 5.0109; Type: Aero Plant; Group: Phleum Phl p 5; Allergenicity: IgE plus basophil+ or SPT+; 1st V: 7; curationNote: 
CAD87730.1	ncbi	species: Lens culinaris; common name: Lentil; IUIS Allergen: Len c 1.0101; Type: Food Plant; Group: Lens Len c 1; Allergenicity: IgE but no biological test; 1st V: 7; curationNote: 
CAD87731.1	ncbi	species: Lens culinaris; common name: Lentil; IUIS Allergen: Len c 1.0102; Type: Food Plant; Group: Lens Len c 1; Allergenicity: IgE but no biological test; 1st V: 7; curationNote: 
CAD92666.1	ncbi	species: Cucumis melo; common name: Muskmelon; IUIS Allergen: Unassigned; Type: Food Plant; Group: Cucumis Cuc m 2; Allergenicity: IgE plus basophil+ or SPT+; 1st V: 7; curationNote: 
CAE17316.1	ncbi	species: Nicotiana tabacum; common name: Tobacco; IUIS Allergen: Unassigned; Type: Aero Plant; Group: Nicotiana villin; Allergenicity: IgE but no biological test; 1st V: 7; curationNote: 
CAE17317.1	ncbi	species: Nicotiana tabacum; common name: Tobacco; IUIS Allergen: Unassigned; Type: Aero Plant; Group: Nicotiana villin; Allergenicity: IgE but no biological test; 1st V: 7; curationNote: 
CAE52833.1	ncbi	species: Platanus x acerifolia; common name: London plane tree; IUIS Allergen: Pla a 2.0101; Type: Aero Plant; Group: Platanus Pla a 2; Allergenicity: IgE plus basophil+ or SPT+; 1st V: 7; curationNote: 
CAE85467.1	ncbi	species: Hevea brasiliensis; common name: Para rubber tree; IUIS Allergen: Unassigned; Type: Contact; Group: Hevea Hev b 7; Allergenicity: IgE plus basophil+ or SPT+; 1st V: 7; curationNote: 
CAF25232.1	ncbi	species: Pisum sativum; common name: Pea; IUIS Allergen: Pis s 1.0101; Type: Food Plant; Group: Pisum Pis s 1; Allergenicity: IgE but no biological test; 1st V: 7; curationNote: 
CAF25233.1	ncbi	species: Pisum sativum; common name: Pea; IUIS Allergen: Pis s 1.0102; Type: Food Plant; Group: Pisum Pis s 1; Allergenicity: IgE but no biological test; 1st V: 7; curationNote: 
CAF32566.2	ncbi	species: Phleum pratense; common name: Common timothy; IUIS Allergen: Unassigned; Type: Aero Plant; Group: Phleum Phl p 4; Allergenicity: IgE plus basophil+ or SPT+; 1st V: 7; curationNote: 
CAF32567.2	ncbi	species: Phleum pratense; common name: Common timothy; IUIS Allergen: Unassigned; Type: Aero Plant; Group: Phleum Phl p 4; Allergenicity: IgE plus basophil+ or SPT+; 1st V: 7; curationNote: 
CAG24374.1	ncbi	species: Phleum pratense; common name: Common timothy; IUIS Allergen: ; Type: Aero Plant; Group: Phleum Phl p 1; Allergenicity: IgE plus basophil+ or SPT+; 1st V: 7; curationNote: 
CAG26895.1	ncbi	species: Argas reflexus; common name: European pigeon tick; IUIS Allergen: Arg r 1.0101; Type: Venom or Salivary; Group: Argas Arg r 1; Allergenicity: IgE plus basophil+ or SPT+; 1st V: 7; curationNote: 
CAH03799.1	ncbi	species: Citrus sinensis; common name: Navel orange; IUIS Allergen: Cit s 3.0102; Type: Food Plant; Group: Citrus LTP Cit s 3/Cit l 3; Allergenicity: IgE plus basophil+ or SPT+; 1st V: 7; curationNote: 
CAH69206.1	ncbi	species: Triticum aestivum; common name: Wheat; IUIS Allergen: Tri tu 14; Type: Food Plant; Group: Triticum Tri tu 14; Allergenicity: IgE plus basophil+ or SPT+; 1st V: 19; curationNote: 
CAH92627.1	ncbi	species: Secale cereale; common name: Rye; IUIS Allergen: Unassigned; Type: Aero Plant; Group: Secale Sec c 4; Allergenicity: IgE but no biological test; 1st V: 7; curationNote: 
CAH92630.1	ncbi	species: Secale cereale; common name: Rye; IUIS Allergen: Unassigned; Type: Aero Plant; Group: Secale Sec c 4; Allergenicity: IgE but no biological test; 1st V: 7; curationNote: 
CAH92637.1	ncbi	species: Lolium perenne; common name: Perennial ryegrass; IUIS Allergen: Lol p 4.0101; Type: Aero Plant; Group: Lolium Lol p 4; Allergenicity: IgE plus basophil+ or SPT+; 1st V: 7; curationNote: 
CAI05848.1	ncbi	species: Dermatophagoides farinae; common name: House dust mite; IUIS Allergen: Der f 2.0106; Type: Aero Mite; Group: Dermatophagoides Der p 2 / Der f 2; Allergenicity: IgE plus basophil+ or SPT+; 1st V: 7; curationNote: 
CAI05849.1	ncbi	species: Dermatophagoides farinae; common name: House dust mite; IUIS Allergen: Der f 2.0107; Type: Aero Mite; Group: Dermatophagoides Der p 2 / Der f 2; Allergenicity: IgE plus basophil+ or SPT+; 1st V: 7; curationNote: 
CAI05850.1	ncbi	species: Dermatophagoides farinae; common name: House dust mite; IUIS Allergen: Der f 2.0108; Type: Aero Mite; Group: Dermatophagoides Der p 2 / Der f 2; Allergenicity: IgE plus basophil+ or SPT+; 1st V: 7; curationNote: 
CAI23765.1	ncbi	species: Citrus sinensis; common name: Navel orange; IUIS Allergen: Cit s 2.0101; Type: Food Plant; Group: Citrus Cit s 2; Allergenicity: IgE plus basophil+ or SPT+; 1st V: 7; curationNote: 
CAI38795.2	ncbi	species: Actinidia deliciosa; common name: Kiwi; IUIS Allergen: Act d 2.0101; Type: Food Plant; Group: Actinidia Act d 2 thaumatin like protein; Allergenicity: IgE plus basophil+ or SPT+; 1st V: 7; curationNote: 
CAI43283.4	ncbi	species: Malassezia sympodialis; common name: Yeast; IUIS Allergen: Mala s 12.0101; Type: Contact; Group: Malassezia Mala s 12; Allergenicity: IgE but no biological test; 1st V: 7; curationNote: 
CAI64396.1	ncbi	species: Triticum aestivum; common name: Wheat; IUIS Allergen: Unassigned; Type: Food Plant; Group: Triticum serine carboxypeptidase II; Allergenicity: IgE but no biological test; 1st V: 7; curationNote: 
CAI64398.1	ncbi	species: Triticum aestivum; common name: Wheat; IUIS Allergen: Unassigned; Type: Food Plant; Group: Triticum aestivum Tri a 44; Allergenicity: IgE but no biological test; 1st V: 7; curationNote: 
CAI77218.1	ncbi	species: Vespula vulgaris; common name: Wasp; IUIS Allergen: Ves v 2.0101; Type: Venom or Salivary; Group: Vespula Ves v 2; Allergenicity: IgE plus basophil+ or SPT+; 1st V: 7; curationNote: 
CAI78448.1	ncbi	species: Aspergillus fumigatus; common name: Fungus; IUIS Allergen: Asp f 27.0101; Type: Aero Fungi; Group: Aspergillus Asp f 27; Allergenicity: IgE but no biological test; 1st V: 7; curationNote: 
CAI78449.1	ncbi	species: Aspergillus fumigatus; common name: Fungus; IUIS Allergen: Asp f 28.0101; Type: Aero Fungi; Group: Aspergillus Asp f 28; Allergenicity: IgE but no biological test; 1st V: 7; curationNote: 
CAI78450.1	ncbi	species: Aspergillus fumigatus; common name: Fungus; IUIS Allergen: Asp f 29.0101; Type: Aero Fungi; Group: Aspergillus Asp f 29; Allergenicity: IgE but no biological test; 1st V: 7; curationNote: 
CAI78902.1	ncbi	species: Triticum aestivum; common name: Wheat; IUIS Allergen: Unassigned; Type: Gliadin; Group: Triticum Tri a 20; Allergenicity: IgE plus basophil+ or SPT+; 1st V: 7; curationNote: 
CAI79052.1	ncbi	species: Triticum aestivum; common name: Wheat; IUIS Allergen: Unassigned; Type: Food Plant; Group: Triticum Tri a 36; Allergenicity: IgE but no biological test; 1st V: 7; curationNote: 
CAI84642.1	ncbi	species: Triticum aestivum; common name: Wheat; IUIS Allergen: Tri a 28.0101; Type: Food Plant; Group: Triticum Tri a 28; Allergenicity: IgE but no biological test; 1st V: 7; curationNote: 
CAI84850.2	ncbi	species: Lupinus albus; common name: white lupine; IUIS Allergen: Unassigned; Type: Food Plant; Group: Lupinus albus congluten beta; Allergenicity: IgE but no biological test; 1st V: 14; curationNote: 
CAI94601.1	ncbi	species: Parietaria judaica; common name: Weed; IUIS Allergen: Par j 1.0103; Type: Aero Plant; Group: Parietaria Par j 1; Allergenicity: IgE plus basophil+ or SPT+; 1st V: 15; curationNote: 
CAJ19705.1	ncbi	species: Solanum lycopersicum (Lycopersicon esculentum); common name: Tomato; IUIS Allergen: Unassigned; Type: Food Plant; Group: Solanum Sola l 3 LTP (Lyc e 3); Allergenicity: IgE plus basophil+ or SPT+; 1st V: 7; curationNote: 
CAJ28930.1	ncbi	species: Vespula germanica; common name: Wasp; IUIS Allergen: Unassigned; Type: Venom or Salivary; Group: Vespula antigen 5 Ves f, v, s  5; Allergenicity: IgE plus basophil+ or SPT+; 1st V: 7; curationNote: 
CAJ28931.1	ncbi	species: Vespula germanica; common name: Wasp; IUIS Allergen: Unassigned; Type: Venom or Salivary; Group: Vespula Phospholipase A1- Ves m/v 1; Allergenicity: IgE plus basophil+ or SPT+; 1st V: 7; curationNote: 
CAJ43561.1	ncbi	species: Staphylococcus aureus; common name: Bacteria; IUIS Allergen: Unassigned; Type: Bacteria skin; Group: Staphylococcus enterotoxin SEB; Allergenicity: IgE plus basophil+ or SPT+; 1st V: 9; curationNote: 
CAJ85641.1	ncbi	species: Fragaria x ananassa; common name: Strawberry; IUIS Allergen: ; Type: Food Plant; Group: Fragaria  Fra a 1; Allergenicity: IgE plus basophil+ or SPT+; 1st V: 7; curationNote: 
CAJ85642.1	ncbi	species: Fragaria x ananassa; common name: Strawberry; IUIS Allergen: Fra a 1; Type: Food Plant; Group: Fragaria  Fra a 1; Allergenicity: IgE plus basophil+ or SPT+; 1st V: 7; curationNote: 
CAJ85644.1	ncbi	species: Fragaria x ananassa; common name: Strawberry; IUIS Allergen: ; Type: Food Plant; Group: Fragaria  Fra a 1; Allergenicity: IgE plus basophil+ or SPT+; 1st V: 7; curationNote: 
CAJ85646.1	ncbi	species: Fragaria x ananassa; common name: Strawberry; IUIS Allergen: ; Type: Food Plant; Group: Fragaria  Fra a 1; Allergenicity: IgE plus basophil+ or SPT+; 1st V: 7; curationNote: 
CAK22338.1	ncbi	species: Dermatophagoides pteronyssinus; common name: House dust mite; IUIS Allergen: Der p 2.0114; Type: Aero Mite; Group: Dermatophagoides Der p 2 / Der f 2; Allergenicity: IgE plus basophil+ or SPT+; 1st V: 7; curationNote: 
CAK50389.1	ncbi	species: Anisakis simplex; common name: Parasitic fish worm; IUIS Allergen: Unassigned; Type: Food Animal; Group: Anisakis Ani s 4; Allergenicity: IgE plus basophil+ or SPT+; 1st V: 8; curationNote: 
CAK50834.1	ncbi	species: Artemisia vulgaris; common name: Mugwort; IUIS Allergen: Art v 2.0101; Type: Aero Plant; Group: Artemisia Art v 2; Allergenicity: IgE but no biological test; 1st V: 9; curationNote: 
CAK93713.1	ncbi	species: Malus x domestica; common name: Apple; IUIS Allergen: Unassigned; Type: Food Plant; Group: Malus Mal d 4; Allergenicity: IgE plus basophil+ or SPT+; 1st V: 9; curationNote: 
CAK93753.1	ncbi	species: Malus x domestica; common name: Apple; IUIS Allergen: Unassigned; Type: Food Plant; Group: Malus Mal d 4; Allergenicity: IgE plus basophil+ or SPT+; 1st V: 9; curationNote: 
CAK93757.1	ncbi	species: Malus x domestica; common name: Apple; IUIS Allergen: Unassigned; Type: Food Plant; Group: Malus Mal d 4; Allergenicity: IgE plus basophil+ or SPT+; 1st V: 9; curationNote: 
CAL59818.1	ncbi	species: Vespula germanica; common name: Wasp; IUIS Allergen: Unassigned; Type: Venom or Salivary; Group: Vespula Ves v 2; Allergenicity: IgE plus basophil+ or SPT+; 1st V: 8; curationNote: 
CAL59819.1	ncbi	species: Vespula germanica; common name: Wasp; IUIS Allergen: Unassigned; Type: Venom or Salivary; Group: Vespula Ves v 2; Allergenicity: IgE plus basophil+ or SPT+; 1st V: 8; curationNote: 
CAM31908.1	ncbi	species: Actinidia chinensis; common name: Kiwi; IUIS Allergen: Act c 8.0101; Type: Food Plant; Group: Actinidia Act c 8 Act d 8 PR-10; Allergenicity: IgE but no biological test; 1st V: 11; curationNote: 
CAM31909.1	ncbi	species: Actinidia deliciosa; common name: Kiwi; IUIS Allergen: Act d 8.0101; Type: Food Plant; Group: Actinidia Act c 8 Act d 8 PR-10; Allergenicity: IgE but no biological test; 1st V: 11; curationNote: 
CAM54066.1	ncbi	species: Aspergillus fumigatus; common name: Fungus; IUIS Allergen: Asp f 34.0101; Type: Aero Fungi; Group: Aspergillus Asp f 34; Allergenicity: IgE plus basophil+ or SPT+; 1st V: 8; curationNote: 
CAM56785.1	ncbi	species: Gadus morhua; common name: Atlantic cod; IUIS Allergen: Gad m 1.0102; Type: Food Animal; Group: Gadus Gad c 1 Gad m 1; Allergenicity: IgE plus basophil+ or SPT+; 1st V: 9; curationNote: 
CAM56786.1	ncbi	species: Gadus morhua; common name: Atlantic cod; IUIS Allergen: Gad m 1.0202; Type: Food Animal; Group: Gadus Gad c 1 Gad m 1; Allergenicity: IgE plus basophil+ or SPT+; 1st V: 9; curationNote: 
CAP05019.1	ncbi	species: Parietaria judaica; common name: Weed; IUIS Allergen: Par j 4.0101; Type: Aero Plant; Group: Parietaria Par j 4; Allergenicity: IgE plus basophil+ or SPT+; 1st V: 15; curationNote: 
CAP17694.1	ncbi	species: Lepidorhombus whiffiagonis; common name: Flat fish; IUIS Allergen: Lep w 1.0101; Type: Food Animal; Group: Lepidorhombus Lep w 1 parvalbumin; Allergenicity: IgE but no biological test; 1st V: 10; curationNote: 
CAQ55938.1	ncbi	species: Phleum pratense; common name: Common timothy; IUIS Allergen: Unassigned; Type: Aero Plant; Group: Phleum Phl p 4; Allergenicity: IgE plus basophil+ or SPT+; 1st V: 10; curationNote: 
CAQ55939.1	ncbi	species: Phleum pratense; common name: Common timothy; IUIS Allergen: Unassigned; Type: Aero Plant; Group: Phleum Phl p 4; Allergenicity: IgE plus basophil+ or SPT+; 1st V: 10; curationNote: 
CAQ55940.1	ncbi	species: Phleum pratense; common name: Common timothy; IUIS Allergen: Unassigned; Type: Aero Plant; Group: Phleum Phl p 4; Allergenicity: IgE plus basophil+ or SPT+; 1st V: 10; curationNote: 
CAQ55941.1	ncbi	species: Phleum pratense; common name: Common timothy; IUIS Allergen: Unassigned; Type: Aero Plant; Group: Phleum Phl p 4; Allergenicity: IgE plus basophil+ or SPT+; 1st V: 10; curationNote: 
CAQ57979.1	ncbi	species: Triticum aestivum; common name: Wheat; IUIS Allergen: Tri a 12.0104; Type: Food Plant; Group: Triticum Tri a 12; Allergenicity: IgE but no biological test; 1st V: 15; curationNote: 
CAQ68249.1	ncbi	species: Dermatophagoides pteronyssinus; common name: House dust mite; IUIS Allergen: Der p 2.0110; Type: Aero Mite; Group: Dermatophagoides Der p 2 / Der f 2; Allergenicity: IgE plus basophil+ or SPT+; 1st V: 11; curationNote: 
CAQ68250.1	ncbi	species: Dermatophagoides pteronyssinus; common name: House dust mite; IUIS Allergen: Der p 1.0124; Type: Aero Mite; Group: Dermatophagoides Der p 1 Der f 1 Der m 1; Allergenicity: IgE plus basophil+ or SPT+; 1st V: 11; curationNote: 
CAQ68366.1	ncbi	species: Sardinops sagax; common name: South American pilchard; IUIS Allergen: Sar sa 1.0101; Type: Food Animal; Group: Sardinops Sar sa 1 parvalbumin; Allergenicity: IgE but no biological test; 1st V: 10; curationNote: 
CAQ72968.1	ncbi	species: Sebastes marinus; common name: ocean perch (red fish); IUIS Allergen: Seb m 1.0101; Type: Food Animal; Group: Sebastes Seb m 1; Allergenicity: IgE but no biological test; 1st V: 11; curationNote: 
CAQ72969.1	ncbi	species: Sebastes marinus; common name: ocean perch (red fish); IUIS Allergen: Seb m 1.0201; Type: Food Animal; Group: Sebastes Seb m 1; Allergenicity: IgE but no biological test; 1st V: 11; curationNote: 
CAQ72970.1	ncbi	species: Clupea harengus; common name: Atlantic herring; IUIS Allergen: Clu h 1.0101; Type: Food Animal; Group: Clupea Clu h 1; Allergenicity: IgE but no biological test; 1st V: 11; curationNote: 
CAQ72971.1	ncbi	species: Clupea harengus; common name: Atlantic herring; IUIS Allergen: Clu h 1.0201; Type: Food Animal; Group: Clupea Clu h 1; Allergenicity: IgE but no biological test; 1st V: 11; curationNote: 
CAQ72972.1	ncbi	species: Clupea harengus; common name: Atlantic herring; IUIS Allergen: Clu h 1.0301; Type: Food Animal; Group: Clupea Clu h 1; Allergenicity: IgE but no biological test; 1st V: 11; curationNote: 
CAR48256.1	ncbi	species: Xiphias gladius; common name: Swordfish; IUIS Allergen: Xip g 1.0101; Type: Food Animal; Group: Xiphias Xip g 1 beta-parvalbumin; Allergenicity: IgE but no biological test; 1st V: 10; curationNote: 
CAR82265.1	ncbi	species: Triticum aestivum; common name: Wheat; IUIS Allergen: Unassigned; Type: Food Plant; Group: Triticum omega-5 gliadin Tri a 19; Allergenicity: IgE plus basophil+ or SPT+; 1st V: 10; curationNote: 
CAR82266.1	ncbi	species: Triticum aestivum; common name: Wheat; IUIS Allergen: Unassigned; Type: Food Plant; Group: Triticum omega-5 gliadin Tri a 19; Allergenicity: IgE plus basophil+ or SPT+; 1st V: 10; curationNote: 
CAR82267.1	ncbi	species: Triticum aestivum; common name: Wheat; IUIS Allergen: Unassigned; Type: Food Plant; Group: Triticum omega-5 gliadin Tri a 19; Allergenicity: IgE plus basophil+ or SPT+; 1st V: 10; curationNote: 
CAT99611.1	ncbi	species: Malus x domestica; common name: Apple; IUIS Allergen: Unassigned; Type: Food Plant; Group: Malus Mal d 2; Allergenicity: IgE but no biological test; 1st V: 10; curationNote: 
CAT99612.1	ncbi	species: Malus x domestica; common name: Apple; IUIS Allergen: Unassigned; Type: Food Plant; Group: Malus Mal d 2; Allergenicity: IgE but no biological test; 1st V: 10; curationNote: 
CAT99617.1	ncbi	species: Malus x domestica; common name: Apple; IUIS Allergen: Unassigned; Type: Food Plant; Group: Malus Mal d 4; Allergenicity: IgE plus basophil+ or SPT+; 1st V: 10; curationNote: 
CAT99618.1	ncbi	species: Malus x domestica; common name: Apple; IUIS Allergen: Unassigned; Type: Food Plant; Group: Malus Mal d 4; Allergenicity: IgE plus basophil+ or SPT+; 1st V: 10; curationNote: 
CAT99619.1	ncbi	species: Malus x domestica; common name: Apple; IUIS Allergen: Unassigned; Type: Food Plant; Group: Malus Mal d 4; Allergenicity: IgE plus basophil+ or SPT+; 1st V: 10; curationNote: 
CAX32963.1	ncbi	species: Gallus gallus; common name: chicken; IUIS Allergen: Gal d 8.0101; Type: Food Animal; Group: Gallus parvalbumin Gal d 8; Allergenicity: IgE plus basophil+ or SPT+; 1st V: 10; curationNote: 
CAX32965.1	ncbi	species: Scomber scombrus; common name: Atlantic mackerel; IUIS Allergen: Sco s 1.0101; Type: Food Animal; Group: Scomber Parvalbumin Sco s 1; Allergenicity: IgE but no biological test; 1st V: 11; curationNote: 
CAX32966.1	ncbi	species: Salvelinus fontinalis; common name: Brook trout; IUIS Allergen: Unassigned; Type: Food Animal; Group: Salvelinus parvalbumin; Allergenicity: IgE but no biological test; 1st V: 11; curationNote: 
CAX32967.1	ncbi	species: Salvelinus fontinalis; common name: Brook trout; IUIS Allergen: Unassigned; Type: Food Animal; Group: Salvelinus parvalbumin; Allergenicity: IgE but no biological test; 1st V: 11; curationNote: 
CAX62129.1	ncbi	species: Cavia porcellus; common name: Domestic guinea pig; IUIS Allergen: Cav p 2.0101; Type: Aero Animal; Group: Cavia Cav p 2; Allergenicity: IgE plus basophil+ or SPT+; 1st V: 12; curationNote: 
CAX62130.1	ncbi	species: Cavia porcellus; common name: Domestic guinea pig; IUIS Allergen: Cav p 3.0101; Type: Aero Animal; Group: Cavia Cav p 3 lipocalin; Allergenicity: IgE plus basophil+ or SPT+; 1st V: 12; curationNote: 
CAX62602.1	ncbi	species: Thunnus albacares; common name: Yellowfin tuna; IUIS Allergen: Unassigned; Type: Food Animal; Group: Thunnus Thu a 3 aldolase; Allergenicity: IgE plus basophil+ or SPT+; 1st V: 12; curationNote: 
CAY54134.1	ncbi	species: Triticum aestivum; common name: Wheat; IUIS Allergen: Tri a 21.0101; Type: Food Plant; Group: Triticum Tri a 21  alpha, beta-gliadin; Allergenicity: IgE but no biological test; 1st V: 11; curationNote: 
CAZ76052.1	ncbi	species: Triticum aestivum; common name: Wheat; IUIS Allergen: Tri a 29.0101; Type: Aero Plant; Group: Triticum Tri a 29; Allergenicity: IgE plus basophil+ or SPT+; 1st V: 11; curationNote: 
CAZ76054.1	ncbi	species: Triticum aestivum; common name: Wheat; IUIS Allergen: Tri a 34.0101; Type: Aero Plant; Group: Triticum Tri a 34 GAPDH; Allergenicity: IgE but no biological test; 1st V: 11; curationNote: 
CBA13559.1	ncbi	species: Triticum aestivum; common name: Wheat; IUIS Allergen: Tri a 29.0201; Type: Aero Plant; Group: Triticum Tri a 29; Allergenicity: IgE plus basophil+ or SPT+; 1st V: 11; curationNote: 
CBA13560.1	ncbi	species: Triticum aestivum; common name: Wheat; IUIS Allergen: Tri a 15.0101; Type: Aero Plant; Group: Triticum Tri a 15; Allergenicity: IgE but no biological test; 1st V: 11; curationNote: 
CBG76811.1	ncbi	species: Secale cereale; common name: Rye; IUIS Allergen: Sec c 5.0101; Type: Food Plant; Group: Secale Sec c 5; Allergenicity: IgE but no biological test; 1st V: 12; curationNote: 
CBJ24286.1	ncbi	species: Ambrosia artemisiifolia; common name: Short ragweed; IUIS Allergen: Unassigned; Type: Aero Plant; Group: Ambrosia Amb a 4; Allergenicity: IgE but no biological test; 1st V: 11; curationNote: 
CBK52317.1	ncbi	species: Ambrosia artemisiifolia; common name: Short ragweed; IUIS Allergen: Amb a 4.0101; Type: Aero Plant; Group: Ambrosia Amb a 4; Allergenicity: IgE but no biological test; 1st V: 12; curationNote: 
CBK62693.1	ncbi	species: Ambrosia artemisiifolia; common name: Short ragweed; IUIS Allergen: Unassigned; Type: Aero Plant; Group: Ambrosia Amb a 4; Allergenicity: IgE but no biological test; 1st V: 12; curationNote: 
CBK62694.1	ncbi	species: Ambrosia artemisiifolia; common name: Short ragweed; IUIS Allergen: Unassigned; Type: Aero Plant; Group: Ambrosia Amb a 4; Allergenicity: IgE but no biological test; 1st V: 12; curationNote: 
CBK62695.1	ncbi	species: Ambrosia artemisiifolia; common name: Short ragweed; IUIS Allergen: Unassigned; Type: Aero Plant; Group: Ambrosia Amb a 4; Allergenicity: IgE but no biological test; 1st V: 12; curationNote: 
CBK62697.1	ncbi	species: Ambrosia artemisiifolia; common name: Short ragweed; IUIS Allergen: Unassigned; Type: Aero Plant; Group: Ambrosia Amb a 4; Allergenicity: IgE but no biological test; 1st V: 12; curationNote: 
CBK62698.1	ncbi	species: Ambrosia artemisiifolia; common name: Short ragweed; IUIS Allergen: Unassigned; Type: Aero Plant; Group: Ambrosia Amb a 4; Allergenicity: IgE but no biological test; 1st V: 12; curationNote: 
CBK62699.1	ncbi	species: Ambrosia artemisiifolia; common name: Short ragweed; IUIS Allergen: Unassigned; Type: Aero Plant; Group: Ambrosia Amb a 4; Allergenicity: IgE but no biological test; 1st V: 12; curationNote: 
CBL79146.1	ncbi	species: Salmo salar; common name: Salmon; IUIS Allergen: Unassigned; Type: Food Animal; Group: Salmo Sal s 2 enolase; Allergenicity: IgE plus basophil+ or SPT+; 1st V: 13; curationNote: 
CBL79147.1	ncbi	species: Salmo salar; common name: Salmon; IUIS Allergen: Unassigned; Type: Food Animal; Group: Salmo Sal s 3 aldolase; Allergenicity: IgE plus basophil+ or SPT+; 1st V: 13; curationNote: 
CBM42660.1	ncbi	species: Paspalum notatum; common name: Bahia grass; IUIS Allergen: Unassigned; Type: Aero Plant; Group: Paspalum group 13 pollen allergen; Allergenicity: IgE plus basophil+ or SPT+; 1st V: 12; curationNote: 
CBM42661.1	ncbi	species: Paspalum notatum; common name: Bahia grass; IUIS Allergen: Unassigned; Type: Aero Plant; Group: Paspalum group 13 pollen allergen; Allergenicity: IgE plus basophil+ or SPT+; 1st V: 12; curationNote: 
CBM42662.1	ncbi	species: Paspalum notatum; common name: Bahia grass; IUIS Allergen: Unassigned; Type: Aero Plant; Group: Paspalum group 13 pollen allergen; Allergenicity: IgE plus basophil+ or SPT+; 1st V: 12; curationNote: 
CBM42663.1	ncbi	species: Paspalum notatum; common name: Bahia grass; IUIS Allergen: Unassigned; Type: Aero Plant; Group: Paspalum group 13 pollen allergen; Allergenicity: IgE plus basophil+ or SPT+; 1st V: 12; curationNote: 
CBM42664.1	ncbi	species: Paspalum notatum; common name: Bahia grass; IUIS Allergen: Unassigned; Type: Aero Plant; Group: Paspalum group 13 pollen allergen; Allergenicity: IgE plus basophil+ or SPT+; 1st V: 12; curationNote: 
CBM42665.1	ncbi	species: Paspalum notatum; common name: Bahia grass; IUIS Allergen: Unassigned; Type: Aero Plant; Group: Paspalum group 13 pollen allergen; Allergenicity: IgE plus basophil+ or SPT+; 1st V: 12; curationNote: 
CBM42666.1	ncbi	species: Paspalum notatum; common name: Bahia grass; IUIS Allergen: Unassigned; Type: Aero Plant; Group: Paspalum group 13 pollen allergen; Allergenicity: IgE plus basophil+ or SPT+; 1st V: 12; curationNote: 
CBM42667.1	ncbi	species: Paspalum notatum; common name: Bahia grass; IUIS Allergen: Unassigned; Type: Aero Plant; Group: Paspalum group 13 pollen allergen; Allergenicity: IgE plus basophil+ or SPT+; 1st V: 12; curationNote: 
CBW30986.1	ncbi	species: Ambrosia artemisiifolia; common name: Short ragweed; IUIS Allergen: Unassigned; Type: Aero Plant; Group: Ambrosia Amb a 1; Allergenicity: IgE plus basophil+ or SPT+; 1st V: 12; curationNote: 
CBW30987.1	ncbi	species: Ambrosia artemisiifolia; common name: Short ragweed; IUIS Allergen: Amb a 1.0202; Type: Aero Plant; Group: Ambrosia Amb a 1; Allergenicity: IgE plus basophil+ or SPT+; 1st V: 12; curationNote: 
CBW30988.1	ncbi	species: Ambrosia artemisiifolia; common name: Short ragweed; IUIS Allergen: Amb a 1.0304; Type: Aero Plant; Group: Ambrosia Amb a 1; Allergenicity: IgE plus basophil+ or SPT+; 1st V: 12; curationNote: 
CBW30989.1	ncbi	species: Ambrosia artemisiifolia; common name: Short ragweed; IUIS Allergen: Amb a 1.0305; Type: Aero Plant; Group: Ambrosia Amb a 1; Allergenicity: IgE plus basophil+ or SPT+; 1st V: 12; curationNote: 
CBW30990.1	ncbi	species: Ambrosia artemisiifolia; common name: Short ragweed; IUIS Allergen: Unassigned; Type: Aero Plant; Group: Ambrosia Amb a 1; Allergenicity: IgE plus basophil+ or SPT+; 1st V: 12; curationNote: 
CBW30991.1	ncbi	species: Ambrosia artemisiifolia; common name: Short ragweed; IUIS Allergen: Unassigned; Type: Aero Plant; Group: Ambrosia Amb a 1; Allergenicity: IgE plus basophil+ or SPT+; 1st V: 12; curationNote: 
CBW30992.1	ncbi	species: Ambrosia artemisiifolia; common name: Short ragweed; IUIS Allergen: Unassigned; Type: Aero Plant; Group: Ambrosia Amb a 1; Allergenicity: IgE plus basophil+ or SPT+; 1st V: 12; curationNote: 
CBW30993.1	ncbi	species: Ambrosia artemisiifolia; common name: Short ragweed; IUIS Allergen: Amb a 1.0402; Type: Aero Plant; Group: Ambrosia Amb a 1; Allergenicity: IgE plus basophil+ or SPT+; 1st V: 12; curationNote: 
CBW30994.1	ncbi	species: Ambrosia artemisiifolia; common name: Short ragweed; IUIS Allergen: Unassigned; Type: Aero Plant; Group: Ambrosia Amb a 1; Allergenicity: IgE plus basophil+ or SPT+; 1st V: 12; curationNote: 
CBW30995.1	ncbi	species: Ambrosia artemisiifolia; common name: Short ragweed; IUIS Allergen: Amb a 1.0502; Type: Aero Plant; Group: Ambrosia Amb a 1; Allergenicity: IgE plus basophil+ or SPT+; 1st V: 12; curationNote: 
CBW45298.1	ncbi	species: Plodia interpunctella; common name: Indian meal moth; IUIS Allergen: Plo i 2.0101; Type: Aero Insect; Group: Plodia Plo i 2 thioredoxin; Allergenicity: IgE but no biological test; 1st V: 12; curationNote: 
CBY17558.1	ncbi	species: Pandalus borealis; common name: caribean shrimp; IUIS Allergen: Pan b 1.0101; Type: Food Animal; Group: Pandalus Pan b 1; Allergenicity: IgE but no biological test; 1st V: 12; curationNote: 
CBY83816.1	ncbi	species: Vespa magnifica; common name: Hornet; IUIS Allergen: Unassigned; Type: Venom or Salivary; Group: Vespa magnifica Vesp ma 2 hyaluronidase; Allergenicity: IgE plus basophil+ or SPT+; 1st V: 12; curationNote: 
CBY93636.1	ncbi	species: Vespa magnifica; common name: Hornet; IUIS Allergen: Unassigned; Type: Venom or Salivary; Group: Vespa magnifica Vesp ma 5; Allergenicity: IgE plus basophil+ or SPT+; 1st V: 12; curationNote: 
CCC15303.1	ncbi	species: Oryctolagus cuniculus; common name: European rabbit; IUIS Allergen: Ory c 4.0101; Type: Aero Animal; Group: Oryctolagus Ory c 4; Allergenicity: IgE but no biological test; 1st V: 15; curationNote: 
CCD28287.1	ncbi	species: Phleum pratense; common name: Common timothy; IUIS Allergen: Unassigned; Type: Aero Plant; Group: Phleum Phl p 5; Allergenicity: IgE plus basophil+ or SPT+; 1st V: 13; curationNote: 
CCF72371.1	ncbi	species: Canis familiaris; common name: Dog; IUIS Allergen: Can f 6.0101; Type: Aero Animal; Group: Canis Can f 6 Lipocalin; Allergenicity: IgE but no biological test; 1st V: 13; curationNote: 
CCK33471.1	ncbi	species: Triticum aestivum; common name: Wheat; IUIS Allergen: Tri a 39.0101; Type: Aero Plant; Group: Triticum Tri a 39  serine proteinase inhibitor-lik; Allergenicity: IgE but no biological test; 1st V: 14; curationNote: 
CCK33472.1	ncbi	species: Cannabis sativa; common name: Hemp; IUIS Allergen: Can s 3.0101; Type: Aero Plant; Group: Cannabis LTP Can s 3; Allergenicity: IgE plus basophil+ or SPT+; 1st V: 15; curationNote: 
CCP19647.1	ncbi	species: Parietaria judaica; common name: Weed; IUIS Allergen: Par j 3.0201; Type: Aero Plant; Group: Parietaria Par j 3 profilin; Allergenicity: IgE plus basophil+ or SPT+; 1st V: 14; curationNote: 
CCU97864.1	ncbi	species: Malassezia sympodialis ATCC 42132; common name: Yeast; IUIS Allergen: Unassigned; Type: Contact; Group: Malassezia Mala s 10 heat shock protein; Allergenicity: IgE but no biological test; 1st V: 14; curationNote: 
CCU98198.1	ncbi	species: Malassezia sympodialis ATCC 42132; common name: Yeast; IUIS Allergen: Mala s 13; Type: Contact; Group: Malassezia Mala s 13 Thioredoxin Rev; Allergenicity: IgE plus basophil+ or SPT+; 1st V: 14; curationNote: 
CCU99206.1	ncbi	species: Malassezia sympodialis ATCC 42132; common name: Yeast; IUIS Allergen: Unassigned; Type: Contact; Group: Malassezia Mala s 9; Allergenicity: IgE but no biological test; 1st V: 14; curationNote: 
CCU99457.1	ncbi	species: Malassezia sympodialis ATCC 42132; common name: Yeast; IUIS Allergen: Unassigned; Type: Contact; Group: Malassezia Mala s 5; Allergenicity: IgE but no biological test; 1st V: 14; curationNote: 
CCV00099.1	ncbi	species: Malassezia sympodialis ATCC 42132; common name: Yeast; IUIS Allergen: Unassigned; Type: Contact; Group: Malassezia Mala s 11 first 38 aa signal; Allergenicity: IgE but no biological test; 1st V: 14; curationNote: 
CCW27997.1	ncbi	species: Hevea brasiliensis; common name: Para rubber tree; IUIS Allergen: Hev b 15.0101; Type: Contact; Group: Hevea Hev b 15; Allergenicity: IgE but no biological test; 1st V: 15; curationNote: 
CEE03318.1	ncbi	species: Thaumetopoea solitaria; common name: ; IUIS Allergen: Unassigned; Type: Contact; Group: Thaumetopoea Tha p 2; Allergenicity: IgE but no biological test; 1st V: 18; curationNote: 
CEE03319.1	ncbi	species: Thaumetopoea pityocampa; common name: Pine moth; IUIS Allergen: Unassigned; Type: Contact; Group: Thaumetopoea Tha p 2; Allergenicity: IgE but no biological test; 1st V: 18; curationNote: 
CEJ95862.1	ncbi	species: Pinus pinea; common name: Pine; IUIS Allergen: Unassigned; Type: Food Plant; Group: Pinus pinea albumin AAI; Allergenicity: IgE but no biological test; 1st V: 16; curationNote: 
CTQ87571.1	ncbi	species: Pinus pinea; common name: Pine; IUIS Allergen: Pin p 1.0101; Type: Food Plant; Group: Pinus pinea Pin p 1 2S; Allergenicity: IgE plus basophil+ or SPT+; 1st V: 16; curationNote: 
D37396	ncbi	species: Schedonorus arundinaceus; common name: Tall fescue; IUIS Allergen: Unassigned; Type: Aero Plant; Group: Festuca group 1 allergen; Allergenicity: IgE but no biological test; 1st V: 7; curationNote: 
E1U332.1	uniprot	species: Olea europaea; common name: Olive tree; IUIS Allergen: Ole e 12.0101; Type: Aero Plant; Group: olea Ole e 12 in WHO IUIS; Allergenicity: IgE but no biological test; 1st V: 14; curationNote: 
E37396	ncbi	species: Agrostis alba; common name: Bent grass; IUIS Allergen: Unassigned; Type: Aero Plant; Group: Agrostis Agr a 1; Allergenicity: IgE but no biological test; 1st V: 7; curationNote: 
E3SU11.1	uniprot	species: Olea europaea; common name: Olive tree; IUIS Allergen: Ole e 13.0101; Type: Aero Plant; Group: Olea e 13 in WHO IUIS; Allergenicity: IgE but no biological test; 1st V: 14; curationNote: 
E53806	ncbi	species: Olea europaea; common name: Olive tree; IUIS Allergen: Unassigned; Type: Aero Plant; Group: Olea Ole e 1; Allergenicity: IgE plus basophil+ or SPT+; 1st V: 7; curationNote: 
EAL89830.1	ncbi	species: Aspergillus fumigatus Af293; common name: Fungus; IUIS Allergen: Unassigned; Type: Aero Fungi; Group: Aspergillus Asp f 2; Allergenicity: IgE but no biological test; 1st V: 7; curationNote: 
F37396	ncbi	species: Poa pratensis; common name: Kentucky bluegrass; IUIS Allergen: ; Type: Aero Plant; Group: Poa Poa p 1; Allergenicity: IgE but no biological test; 1st V: 7; curationNote: 
F53806	ncbi	species: Olea europaea; common name: Olive tree; IUIS Allergen: Unassigned; Type: Aero Plant; Group: Olea Ole e 1; Allergenicity: IgE plus basophil+ or SPT+; 1st V: 7; curationNote: 
F5B8V9.1	uniprot	species: Lupinus angustifolius; common name: blue lupin; IUIS Allergen: Unassigned; Type: Food Plant; Group: Lupinus Lup an 1 conglutin beta; Allergenicity: IgE but no biological test; 1st V: 17; curationNote: 
F5B8W0.1	uniprot	species: Lupinus angustifolius; common name: blue lupin; IUIS Allergen: Unassigned; Type: Food Plant; Group: Lupinus Lup an 1 conglutin beta; Allergenicity: IgE but no biological test; 1st V: 17; curationNote: 
F5B8W1.1	uniprot	species: Lupinus angustifolius; common name: blue lupin; IUIS Allergen: Unassigned; Type: Food Plant; Group: Lupinus Lup an 1 conglutin beta; Allergenicity: IgE but no biological test; 1st V: 17; curationNote: 
F5B8W2.1	uniprot	species: Lupinus angustifolius; common name: blue lupin; IUIS Allergen: Unassigned; Type: Food Plant; Group: Lupinus Lup an 1 conglutin beta; Allergenicity: IgE but no biological test; 1st V: 17; curationNote: 
F5B8W3.1	uniprot	species: Lupinus angustifolius; common name: blue lupin; IUIS Allergen: Unassigned; Type: Food Plant; Group: Lupinus Lup an 1 conglutin beta; Allergenicity: IgE but no biological test; 1st V: 17; curationNote: 
F5B8W4.1	uniprot	species: Lupinus angustifolius; common name: blue lupin; IUIS Allergen: Unassigned; Type: Food Plant; Group: Lupinus Lup an 1 conglutin beta; Allergenicity: IgE but no biological test; 1st V: 17; curationNote: 
F5B8W5.1	uniprot	species: Lupinus angustifolius; common name: blue lupin; IUIS Allergen: Unassigned; Type: Food Plant; Group: Lupinus Lup an 1 conglutin beta; Allergenicity: IgE but no biological test; 1st V: 17; curationNote: 
F7J077.1	uniprot	species: Glycine max; common name: Soybean; IUIS Allergen: Unassigned; Type: Food Plant; Group: Glycine Gly m 5.0301 beta sub unit beta congl; Allergenicity: IgE but no biological test; 1st V: 20; curationNote: 
G1UH28.1	uniprot	species: Punica granatum; common name: Pomegranate; IUIS Allergen: Unassigned; Type: Food Plant; Group: Punica chitinase putative Put g 14; Allergenicity: IgE but no biological test; 1st V: 20; curationNote: 
G37396	ncbi	species: Anthoxanthum odoratum; common name: Sweet vernal grass; IUIS Allergen: Unassigned; Type: Aero Plant; Group: Anthoxanthum Ant o 1; Allergenicity: IgE but no biological test; 1st V: 7; curationNote: 
G53806	ncbi	species: Olea europaea; common name: Olive tree; IUIS Allergen: Unassigned; Type: Aero Plant; Group: Olea Ole e 1; Allergenicity: IgE plus basophil+ or SPT+; 1st V: 7; curationNote: 
G5DC91.2	uniprot	species: Manilkara zapota; common name: Sapodilla plum; IUIS Allergen: Unassigned; Type: Food Plant; Group: Manilkara Thaumatin like protein 1; Allergenicity: IgE but no biological test; 1st V: 15; curationNote: 
H53806	ncbi	species: Olea europaea; common name: Olive tree; IUIS Allergen: Unassigned; Type: Aero Plant; Group: Olea Ole e 1; Allergenicity: IgE plus basophil+ or SPT+; 1st V: 7; curationNote: 
I0J1J1.1	uniprot	species: Thunnus albacares; common name: Yellowfin tuna; IUIS Allergen: Thu a 2.0101; Type: Food Animal; Group: Thunnus Thu a 2 enolase; Allergenicity: IgE plus basophil+ or SPT+; 1st V: 15; curationNote: 
I53806	ncbi	species: Olea europaea; common name: Olive tree; IUIS Allergen: Unassigned; Type: Aero Plant; Group: Olea Ole e 1; Allergenicity: IgE plus basophil+ or SPT+; 1st V: 7; curationNote: 
KEY78748.1	ncbi	species: Aspergillus fumigatus var. RP-2014; common name: Fungus; IUIS Allergen: Unassigned; Type: Aero Fungi; Group: Aspergillus Asp f 7; Allergenicity: IgE but no biological test; 1st V: 16; curationNote: 
KEY81716.1	ncbi	species: Aspergillus fumigatus var. RP-2014; common name: Fungus; IUIS Allergen: Unassigned; Type: Aero Fungi; Group: Aspergillus Asp f 4; Allergenicity: IgE plus basophil+ or SPT+; 1st V: 16; curationNote: 
L7UZ85.1	uniprot	species: Dermatophagoides farinae; common name: House dust mite; IUIS Allergen: Unassigned; Type: Aero Mite; Group: Der f alpha actinin; Allergenicity: IgE plus basophil+ or SPT+; 1st V: 18; curationNote: 
M9RZ95.1	uniprot	species: Dermatophagoides farinae; common name: House dust mite; IUIS Allergen: Unassigned; Type: Unassigned; Group: Dermatophagoides Der f 24 and Der p 24 Ubiquinol; Allergenicity: IgE but no biological test; 1st V: 22; curationNote: 
MEHB2	ncbi	species: Apis mellifera; common name: Honeybee; IUIS Allergen: Unassigned; Type: Venom or Salivary; Group: Apis Api m 4 Melittin; Allergenicity: IgE but no biological test; 1st V: 7; curationNote: 
NP_001005208.1	ncbi	species: Sus scrofa; common name: Pig; IUIS Allergen: Unassigned; Type: Aero Animal; Group: Sus s serum albumin; Allergenicity: IgE but no biological test; 1st V: 17; curationNote: 
NP_001011564.1	ncbi	species: Apis mellifera; common name: Honeybee; IUIS Allergen: Api M 11; Type: Venom or Salivary; Group: Apis mellifera Api m 11; Allergenicity: IgE but no biological test; 1st V: 15; curationNote: 
NP_001035360.1	ncbi	species: Apis mellifera; common name: Honeybee; IUIS Allergen: Api m 6.01; Type: Venom or Salivary; Group: Apis Api m 6; Allergenicity: IgE but no biological test; 1st V: 7; curationNote: 
NP_001037486.1	ncbi	species: Bombyx mori; common name: Silkworm; IUIS Allergen: Unassigned; Type: Unassigned; Group: Bomb m 4.01; Allergenicity: IgE but no biological test; 1st V: 22; curationNote: 
NP_001041618.1	ncbi	species: Felis catus; common name: Cat; IUIS Allergen: Unassigned; Type: Aero Animal; Group: Felis Fel d 1 Chain 1; Allergenicity: IgE plus basophil+ or SPT+; 1st V: 8; curationNote: 
NP_001069969.2	ncbi	species: Bos taurus; common name: Bovine; IUIS Allergen: Unassigned; Type: Unassigned; Group: Bos d 13 / Bos t 13 Bos Taurus Myosin light chain; Allergenicity: IgE but no biological test; 1st V: 22; curationNote: 
NP_001073046.1	ncbi	species: Bos taurus; common name: Bovine; IUIS Allergen: Unassigned; Type: Unassigned; Group: Bos d 13 / Bos t 13 Bos Taurus Myosin light chain; Allergenicity: IgE but no biological test; 1st V: 22; curationNote: 
NP_001103782.1	ncbi	species: Bombyx mori; common name: Silkworm; IUIS Allergen: Unassigned; Type: Unassigned; Group: Bomb m 2 Silk Worm tropomyosin; Allergenicity: IgE but no biological test; 1st V: 22; curationNote: 
NP_001117128.1	ncbi	species: Salmo salar; common name: Salmon; IUIS Allergen: Unassigned; Type: Food Animal; Group: Sal s 4; Allergenicity: IgE but no biological test; 1st V: 20; curationNote: 
NP_001119715.1	ncbi	species: Apis mellifera; common name: Honeybee; IUIS Allergen: Api m 5.0101; Type: Venom or Salivary; Group: Apis Api m 5 dipeptidylpeptidase; Allergenicity: IgE plus basophil+ or SPT+; 1st V: 15; curationNote: 
NP_001238443.1	ncbi	species: Glycine max; common name: Soybean; IUIS Allergen: Gly m 8.0101; Type: Food Plant; Group: Glycine Gly m 8 2s albumin; Allergenicity: IgE but no biological test; 1st V: 15; curationNote: 
NP_001306883.1	ncbi	species: Solanum lycopersicum (Lycopersicon esculentum); common name: Tomato; IUIS Allergen: Sola l 6.0101; Type: Food Plant; Group: Solanum lycopersicum Sola l 6; Allergenicity: IgE plus basophil+ or SPT+; 1st V: 17; curationNote: 
NP_001412437.1	ncbi	species: Sesamum indicum; common name: Sesame; IUIS Allergen: Unassigned; Type: Unassigned; Group: Sesamum Ses i 2; Allergenicity: IgE but no biological test; 1st V: 23; curationNote: 
NP_001413183.1	ncbi	species: Hevea brasiliensis; common name: Para rubber tree; IUIS Allergen: Unassigned; Type: Unassigned; Group: Hevea Hev b 8; Allergenicity: IgE plus basophil+ or SPT+; 1st V: 23; curationNote: 
NP_776719.1	ncbi	species: Bos taurus; common name: Bovine; IUIS Allergen: Bos d 12.0101; Type: Food Animal; Group: Bos Bos d 12; Allergenicity: IgE plus basophil+ or SPT+; 1st V: 15; curationNote: 
NP_776945.1	ncbi	species: Bos taurus; common name: Bovine; IUIS Allergen: Unassigned; Type: Vaccine; Group: Bos collagen alpha2; Allergenicity: IgE plus basophil+ or SPT+; 1st V: 11; curationNote: 
NP_776953.1	ncbi	species: Bos taurus; common name: Bovine; IUIS Allergen: Bos d 10.0101; Type: Food Animal; Group: Bos Bos d 10; Allergenicity: IgE plus basophil+ or SPT+; 1st V: 15; curationNote: 
NP_851341.1	ncbi	species: Bos taurus; common name: Bovine; IUIS Allergen: Unassigned; Type: Food Animal; Group: Bos lactotransferrin; Allergenicity: IgE but no biological test; 1st V: 8; curationNote: 
NP_851372.1	ncbi	species: Bos taurus; common name: Bovine; IUIS Allergen: Bos d 9.0101; Type: Food Animal; Group: Bos Alpha-s1 casein; Allergenicity: IgE plus basophil+ or SPT+; 1st V: 8; curationNote: 
NP_990450.1	ncbi	species: Gallus gallus; common name: chicken; IUIS Allergen: Gal d 9.0101; Type: Food Animal; Group: Gallus enolase Gal d 9; Allergenicity: IgE plus basophil+ or SPT+; 1st V: 18; curationNote: 
O04004.1	uniprot	species: Ambrosia artemisiifolia; common name: Short ragweed; IUIS Allergen: Amb a 6.0101; Type: Aero Plant; Group: Ambrosia Amb a 6; Allergenicity: IgE but no biological test; 1st V: 7; curationNote: 
O22108	uniprot	species: Triticum aestivum; common name: Wheat; IUIS Allergen: Unassigned; Type: Food Plant; Group: Triticum Tri a 36; Allergenicity: IgE but no biological test; 1st V: 7; curationNote: 
O22116	uniprot	species: Triticum aestivum; common name: Wheat; IUIS Allergen: Unassigned; Type: Food Plant; Group: Triticum Tri a 36; Allergenicity: IgE but no biological test; 1st V: 7; curationNote: 
O23791.1	uniprot	species: Ananas comosus; common name: Pineapple; IUIS Allergen: Ana c 2.0101; Type: Aero Plant; Group: Ananas Ana c 2 Bromelain precursor; Allergenicity: IgE plus basophil+ or SPT+; 1st V: 7; curationNote: 
O23878.1	uniprot	species: Fagopyrum esculentum; common name: Buckwheat; IUIS Allergen: Unassigned; Type: Food Plant; Group: Fagopyrum Legumin-like protein; Allergenicity: IgE but no biological test; 1st V: 9; curationNote: 
O23880.1	uniprot	species: Fagopyrum esculentum; common name: Buckwheat; IUIS Allergen: Unassigned; Type: Food Plant; Group: Fagopyrum Legumin-like protein; Allergenicity: IgE but no biological test; 1st V: 9; curationNote: 
O24170.1	uniprot	species: Olea europaea; common name: Olive tree; IUIS Allergen: ; Type: Aero Plant; Group: Olea Ole e 2; Allergenicity: IgE but no biological test; 1st V: 7; curationNote: 
O24171.1	uniprot	species: Olea europaea; common name: Olive tree; IUIS Allergen: ; Type: Aero Plant; Group: Olea Ole e 2; Allergenicity: IgE but no biological test; 1st V: 7; curationNote: 
O42799.2	uniprot	species: Aspergillus fumigatus; common name: Fungus; IUIS Allergen: Asp f 7.0101; Type: Aero Fungi; Group: Aspergillus Asp f 7; Allergenicity: IgE but no biological test; 1st V: 7; curationNote: 
O60024.2	uniprot	species: Aspergillus fumigatus; common name: Fungus; IUIS Allergen: Unassigned; Type: Aero Fungi; Group: Aspergillus Asp f 4; Allergenicity: IgE plus basophil+ or SPT+; 1st V: 7; curationNote: 
O65200.1	uniprot	species: Pyrus communis; common name: Pear; IUIS Allergen: Pyr c 1.0101; Type: Food Plant; Group: Pyrus Pyr c 1; Allergenicity: IgE plus basophil+ or SPT+; 1st V: 9; curationNote: 
OTF85892.1	ncbi	species: Helianthus annuus; common name: Sunflower; IUIS Allergen: Hel a 6; Type: Aero Plant; Group: Hel a 6; Allergenicity: IgE plus basophil+ or SPT+; 1st V: 18; curationNote: 
OWY50380.1	ncbi	species: Alternaria alternata; common name: Fungus; IUIS Allergen: Unassigned; Type: Aero Fungi; Group: Alternaria Alt a 7 flavodoxin; Allergenicity: IgE but no biological test; 1st V: 18; curationNote: 
P00304.2	uniprot	species: Ambrosia artemisiifolia (elatior); common name: Short ragweed; IUIS Allergen: Amb a 3.0101; Type: Aero Plant; Group: Ambrosia Amb a 3; Allergenicity: IgE plus basophil+ or SPT+; 1st V: 7; curationNote: 
P00630.3	uniprot	species: Apis mellifera; common name: Honeybee; IUIS Allergen: Api m 1.0101; Type: Venom or Salivary; Group: Apis Api m 1 Api d 1 Api c 1; Allergenicity: IgE plus basophil+ or SPT+; 1st V: 7; curationNote: 
P00698.1	uniprot	species: Gallus gallus; common name: chicken; IUIS Allergen: ; Type: Food Animal; Group: Gallus Gal d 4; Allergenicity: IgE plus basophil+ or SPT+; 1st V: 7; curationNote: 
P00780.1	uniprot	species: Bacillus licheniformis; common name: Bacteria; IUIS Allergen: Unassigned; Type: Bacteria airway; Group: Bacillus licheniformis subtlilisin; Allergenicity: IgE plus basophil+ or SPT+; 1st V: 9; curationNote: 
P00785.4	uniprot	species: Actinidia chinensis; common name: Kiwi; IUIS Allergen: Unassigned; Type: Food Plant; Group: Actinidia Act c 1 Act d 1 Actinidin; Allergenicity: IgE plus basophil+ or SPT+; 1st V: 9; curationNote: 
P00791.3	uniprot	species: Sus scrofa; common name: Pig; IUIS Allergen: Unassigned; Type: Aero Animal; Group: Sus Porcine Pepsin; Allergenicity: IgE but no biological test; 1st V: 11; curationNote: 
P01005.1	uniprot	species: Gallus gallus; common name: chicken; IUIS Allergen: Gal d 1.0101; Type: Food Animal; Group: Gallus Gal d 1; Allergenicity: IgE plus basophil+ or SPT+; 1st V: 7; curationNote: 
P01012.2	uniprot	species: Gallus gallus; common name: chicken; IUIS Allergen: Gal d 2.0101; Type: Food Animal; Group: Gallus Gal d 2; Allergenicity: IgE plus basophil+ or SPT+; 1st V: 7; curationNote: 
P01502.1	uniprot	species: Apis dorsata; common name: Giant honeybee; IUIS Allergen: Unassigned; Type: Venom or Salivary; Group: Apis Api m 4 Melittin; Allergenicity: IgE but no biological test; 1st V: 7; curationNote: 
P02221.2	uniprot	species: Chironomus thummi thummi; common name: Midge; IUIS Allergen: Chi t 2.0101; Type: Aero Insect; Group: Chironomus Chi t 2; Allergenicity: IgE but no biological test; 1st V: 7; curationNote: 
P02222.2	uniprot	species: Chironomus thummi thummi; common name: Midge; IUIS Allergen: Chi t 3.0101; Type: Aero Insect; Group: Chironomus Chi t 3; Allergenicity: IgE but no biological test; 1st V: 7; curationNote: 
P02223.2	uniprot	species: Chironomus thummi thummi; common name: Midge; IUIS Allergen: Chi t 3.0401; Type: Aero Insect; Group: Chironomus Chi t 3; Allergenicity: IgE but no biological test; 1st V: 7; curationNote: 
P02224.2	uniprot	species: Chironomus thummi thummi; common name: Midge; IUIS Allergen: Chi t 3.0201; Type: Aero Insect; Group: Chironomus Chi t 3; Allergenicity: IgE but no biological test; 1st V: 7; curationNote: 
P02226.2	uniprot	species: Chironomus thummi thummi; common name: Midge; IUIS Allergen: Chi t 3.0301; Type: Aero Insect; Group: Chironomus Chi t 3; Allergenicity: IgE but no biological test; 1st V: 7; curationNote: 
P02227.1	uniprot	species: Chironomus thummi thummi; common name: Midge; IUIS Allergen: Chi t 3.0901; Type: Aero Insect; Group: Chironomus Chi t 3; Allergenicity: IgE but no biological test; 1st V: 7; curationNote: 
P02228.1	uniprot	species: Chironomus thummi thummi; common name: Midge; IUIS Allergen: Chi t 9.0101; Type: Aero Insect; Group: Chironomus Chi t 9; Allergenicity: IgE but no biological test; 1st V: 7; curationNote: 
P02229.2	uniprot	species: Chironomus thummi thummi; common name: Midge; IUIS Allergen: Chi t 1.0101; Type: Aero Insect; Group: Chironomus Chi t 1; Allergenicity: IgE but no biological test; 1st V: 7; curationNote: 
P02230.1	uniprot	species: Chironomus thummi thummi; common name: Midge; IUIS Allergen: Chi t 1.0201; Type: Aero Insect; Group: Chironomus Chi t 1; Allergenicity: IgE but no biological test; 1st V: 7; curationNote: 
P02231.1	uniprot	species: Chironomus thummi thummi; common name: Midge; IUIS Allergen: Chi t 4.0101; Type: Aero Insect; Group: Chironomus Chi t 4; Allergenicity: IgE but no biological test; 1st V: 7; curationNote: 
P02604.3	uniprot	species: Gallus gallus; common name: chicken; IUIS Allergen: ; Type: Food Animal; Group: Gallus gallus Gal d 7; Allergenicity: IgE but no biological test; 1st V: 16; curationNote: 
P02620.1	uniprot	species: Merluccius merluccius; common name: European hake; IUIS Allergen: Unassigned; Type: Food Animal; Group: Merluccius sp. Macruronus sp. Parvalbumin Hake; Allergenicity: IgE but no biological test; 1st V: 12; curationNote: 
P02622.1	uniprot	species: Gadus callarias; common name: Baltic cod; IUIS Allergen: Gad c 1.0101; Type: Food Animal; Group: Gadus Gad c 1 Gad m 1; Allergenicity: IgE plus basophil+ or SPT+; 1st V: 7; curationNote: 
P02754.3	uniprot	species: Bos taurus; common name: Bovine; IUIS Allergen: Unassigned; Type: Food Animal; Group: Bos Bos d 5; Allergenicity: IgE plus basophil+ or SPT+; 1st V: 9; curationNote: 
P02761.1	uniprot	species: Rattus norvegicus; common name: Rat; IUIS Allergen: ; Type: Aero Animal; Group: Rattus Rat n 1; Allergenicity: IgE but no biological test; 1st V: 7; curationNote: 
P02762.2	uniprot	species: Mus musculus; common name: Mouse; IUIS Allergen: ; Type: Aero Animal; Group: Mus Mus m 1; Allergenicity: IgE plus basophil+ or SPT+; 1st V: 7; curationNote: 
P02789.2	uniprot	species: Gallus gallus; common name: chicken; IUIS Allergen: ; Type: Food Animal; Group: Gallus Gal d 3; Allergenicity: IgE plus basophil+ or SPT+; 1st V: 7; curationNote: 
P02878.1	uniprot	species: Ambrosia artemisiifolia (elatior); common name: Short ragweed; IUIS Allergen: Amb a 5.0101; Type: Aero Plant; Group: Ambrosia Amb a 5 Ra5 Amb p 5; Allergenicity: IgE plus basophil+ or SPT+; 1st V: 7; curationNote: 
P04403.2	uniprot	species: Bertholletia excelsa; common name: Brazil nut; IUIS Allergen: Ber e 1.0101; Type: Food Plant; Group: Bertholletia Ber e 1; Allergenicity: IgE plus basophil+ or SPT+; 1st V: 7; curationNote: 
P05946.1	uniprot	species: Pontastacus leptodactylus; common name: Danube crayfish; IUIS Allergen: Pon l 4.0101; Type: Food Animal; Group: Pontastacus Pon l 4; Allergenicity: IgE but no biological test; 1st V: 15; curationNote: 
P06886.1	uniprot	species: Staphylococcus aureus; common name: Bacteria; IUIS Allergen: Unassigned; Type: Bacteria skin; Group: Staphylococcus enterotoxin TSST 1; Allergenicity: IgE plus basophil+ or SPT+; 1st V: 9; curationNote: 
P08819.2	uniprot	species: Triticum aestivum; common name: Wheat; IUIS Allergen: Unassigned; Type: Food Plant; Group: Triticum serine carboxypeptidase II; Allergenicity: IgE but no biological test; 1st V: 10; curationNote: 
P0C088.1	uniprot	species: Artemisia vulgaris; common name: Mugwort; IUIS Allergen: Art v 3.0101; Type: Aero Plant; Group: Artemisia Art v 3; Allergenicity: IgE plus basophil+ or SPT+; 1st V: 7; curationNote: 
P0C0Y4.2	uniprot	species: Alternaria alternata; common name: Fungus; IUIS Allergen: Unassigned; Type: Aero Fungi; Group: Alternaria Alt a 8 (mannitol dehydrogenase); Allergenicity: IgE plus basophil+ or SPT+; 1st V: 8; curationNote: 
P0C1B3.1	uniprot	species: Aspergillus oryzae; common name: Fungus; IUIS Allergen: Asp o 21; Type: Aero Fungi; Group: Aspergillus Asp o 21; Allergenicity: IgE plus basophil+ or SPT+; 1st V: 7; curationNote: 
P0C1Y5.1	uniprot	species: Zea mays; common name: Corn; IUIS Allergen: Unassigned; Type: Aero Plant; Group: Zea Zea m 1 isoform; Allergenicity: IgE but no biological test; 1st V: 9; curationNote: 
P0CH86.1	uniprot	species: Vespula squamosa; common name: Wasp; IUIS Allergen: Ves s 1.0101; Type: Venom or Salivary; Group: Vespula Ves s 1 phospholipase; Allergenicity: IgE but no biological test; 1st V: 12; curationNote: 
P0CH87.1	uniprot	species: Vespa crabro; common name: European hornet; IUIS Allergen: Vesp c 1.0101; Type: Venom or Salivary; Group: Vespa Vesp c 1 phospholipase; Allergenicity: IgE but no biological test; 1st V: 12; curationNote: 
P0CH88.1	uniprot	species: Bombus terrestris; common name: Bumblebee; IUIS Allergen: Bom t 4.0101; Type: Venom or Salivary; Group: Bombus Bom t 4 protease; Allergenicity: IgE but no biological test; 1st V: 12; curationNote: 
P0CH89.1	uniprot	species: Vespula maculifrons; common name: Wasp; IUIS Allergen: Ves m 2.0101; Type: Venom or Salivary; Group: Vespula Ves m 2 Hyaluronidase; Allergenicity: IgE but no biological test; 1st V: 12; curationNote: 
P0DMB4.1	uniprot	species: Vespa affinis; common name: Lesser banded hornet; IUIS Allergen: Unassigned; Type: Venom or Salivary; Group: Vespa affinis Phospholipase A1; Allergenicity: IgE plus basophil+ or SPT+; 1st V: 15; curationNote: 
P0DMB5.1	uniprot	species: Vespa affinis; common name: Lesser banded hornet; IUIS Allergen: Unassigned; Type: Venom or Salivary; Group: Vespa affinis Phospholipase A1; Allergenicity: IgE plus basophil+ or SPT+; 1st V: 15; curationNote: 
P0DMB9.2	uniprot	species: Vespa velutina; common name: ; IUIS Allergen: Unassigned; Type: Venom or Salivary; Group: Vesp v 5; Allergenicity: IgE but no biological test; 1st V: 21; curationNote: 
P0DSM7.1	uniprot	species: Periplaneta americana; common name: American cockroach; IUIS Allergen: Unassigned; Type: Aero Insect; Group: Periplaneta Per a 7; Allergenicity: IgE plus basophil+ or SPT+; 1st V: 20; curationNote: 
P10414.2	uniprot	species: Ambrosia trifida; common name: Giant ragweed; IUIS Allergen: Amb t 5.0101; Type: Aero Plant; Group: Ambrosia Amb t 5 Ra5G; Allergenicity: IgE but no biological test; 1st V: 7; curationNote: 
P11376.1	uniprot	species: Equus caballus; common name: Horse; IUIS Allergen: Equ c 6; Type: Food Animal; Group: Equus asinus / caballas  Equ a 6 Equ c 6 lysozyme; Allergenicity: IgE plus basophil+ or SPT+; 1st V: 18; curationNote: 
P12547.2	uniprot	species: Aspergillus oryzae; common name: Fungus; IUIS Allergen: Asp f o 13.0101; Type: Aero Fungi; Group: Aspergillus Oryzin Asp o 13, fl 13; Allergenicity: IgE but no biological test; 1st V: 7; curationNote: 
P12548.1	uniprot	species: Chironomus thummi thummi; common name: Midge; IUIS Allergen: Chi t 3.0501; Type: Aero Insect; Group: Chironomus Chi t 3; Allergenicity: IgE but no biological test; 1st V: 7; curationNote: 
P12549.1	uniprot	species: Chironomus thummi thummi; common name: Midge; IUIS Allergen: Chi t 3.0702; Type: Aero Insect; Group: Chironomus Chi t 3; Allergenicity: IgE but no biological test; 1st V: 7; curationNote: 
P12550.1	uniprot	species: Chironomus thummi thummi; common name: Midge; IUIS Allergen: Chi t 3.0801; Type: Aero Insect; Group: Chironomus Chi t 3; Allergenicity: IgE but no biological test; 1st V: 7; curationNote: 
P13080.1	uniprot	species: Aedes aegypti; common name: Yellow fever mosquito; IUIS Allergen: Aed a 4.0101; Type: Venom or Salivary; Group: Aedes aegypti Aed a 4 alpha glucosidase; Allergenicity: IgE but no biological test; 1st V: 17; curationNote: 
P13744.1	uniprot	species: Cucurbita maxima; common name: ; IUIS Allergen: Unassigned; Type: Food Plant; Group: Cuc ma 4; Allergenicity: IgE but no biological test; 1st V: 20; curationNote: 
P14946.2	uniprot	species: Lolium perenne; common name: Perennial ryegrass; IUIS Allergen: ; Type: Aero Plant; Group: Lolium Lol p 1; Allergenicity: IgE plus basophil+ or SPT+; 1st V: 7; curationNote: 
P14947.1	uniprot	species: Lolium perenne; common name: Perennial ryegrass; IUIS Allergen: Lol p 2.0101; Type: Aero Plant; Group: Lolium Lol p 2; Allergenicity: IgE plus basophil+ or SPT+; 1st V: 7; curationNote: 
P14948.1	uniprot	species: Lolium perenne; common name: Perennial ryegrass; IUIS Allergen: Lol p 3.0101; Type: Aero Plant; Group: Lolium Lol p 3; Allergenicity: IgE but no biological test; 1st V: 7; curationNote: 
P15322.2	uniprot	species: Sinapis alba; common name: White mustard; IUIS Allergen: Sin a 1.0101; Type: Food Plant; Group: Sinapis Sin a 1.01; Allergenicity: IgE plus basophil+ or SPT+; 1st V: 7; curationNote: 
P15476.2	uniprot	species: Solanum tuberosum; common name: Potato; IUIS Allergen: ; Type: Food Plant; Group: Solanum Sola t 1; Allergenicity: IgE plus basophil+ or SPT+; 1st V: 9; curationNote: 
P16311.2	uniprot	species: Dermatophagoides farinae; common name: House dust mite; IUIS Allergen: ; Type: Aero Mite; Group: Dermatophagoides Der p 1 Der f 1 Der m 1; Allergenicity: IgE plus basophil+ or SPT+; 1st V: 7; curationNote: 
P16312.1	uniprot	species: Dermatophagoides microceras; common name: House dust mite; IUIS Allergen: Der m 1.0101; Type: Aero Mite; Group: Dermatophagoides Der p 1 Der f 1 Der m 1; Allergenicity: IgE plus basophil+ or SPT+; 1st V: 7; curationNote: 
P16348.1	uniprot	species: Solanum tuberosum; common name: Potato; IUIS Allergen: Sola t 2.0101; Type: Food Plant; Group: Solanum Sola t 2; Allergenicity: IgE plus basophil+ or SPT+; 1st V: 7; curationNote: 
P18153.2	uniprot	species: Aedes aegypti; common name: Yellow fever mosquito; IUIS Allergen: Aed a 2; Type: Venom or Salivary; Group: Aedes Aed a 2; Allergenicity: IgE plus basophil+ or SPT+; 1st V: 9; curationNote: 
P19963.2	uniprot	species: Olea europaea; common name: Olive tree; IUIS Allergen: Ole e 1.0102; Type: Aero Plant; Group: Olea Ole e 1; Allergenicity: IgE plus basophil+ or SPT+; 1st V: 7; curationNote: 
P20347.3	uniprot	species: Solanum tuberosum; common name: Potato; IUIS Allergen: ; Type: Food Plant; Group: Solanum Sola t 3; Allergenicity: IgE plus basophil+ or SPT+; 1st V: 7; curationNote: 
P20723.1	uniprot	species: Staphylococcus aureus; common name: Bacteria; IUIS Allergen: Unassigned; Type: Bacteria skin; Group: Staphylococcus enterotoxin SED; Allergenicity: IgE but no biological test; 1st V: 9; curationNote: 
P22284.1	uniprot	species: Poa pratensis; common name: Kentucky bluegrass; IUIS Allergen: Unassigned; Type: Aero Plant; Group: Poa not IUIS Poa p 9 like Poa p 5; Allergenicity: IgE but no biological test; 1st V: 7; curationNote: 
P22285.1	uniprot	species: Poa pratensis; common name: Kentucky bluegrass; IUIS Allergen: Unassigned; Type: Aero Plant; Group: Poa not IUIS Poa p 9 like Poa p 5; Allergenicity: IgE but no biological test; 1st V: 7; curationNote: 
P22286.1	uniprot	species: Poa pratensis; common name: Kentucky bluegrass; IUIS Allergen: Unassigned; Type: Aero Plant; Group: Poa not IUIS Poa p 9 like Poa p 5; Allergenicity: IgE but no biological test; 1st V: 7; curationNote: 
P22895.1	uniprot	species: Glycine max; common name: Soybean; IUIS Allergen: Unassigned; Type: Food Plant; Group: Glycine Gly m Bd 30 kDa; Allergenicity: IgE but no biological test; 1st V: 7; curationNote: 
P23110.1	uniprot	species: Helianthus annuus; common name: Sunflower; IUIS Allergen: Unassigned; Type: Food Plant; Group: Hel a 6; Allergenicity: IgE but no biological test; 1st V: 9; curationNote: 
P24296.2	uniprot	species: Triticum aestivum; common name: Wheat; IUIS Allergen: Unassigned; Type: Food Plant; Group: Triticum  Tri a 14 LTP_amylase inhibitor; Allergenicity: IgE plus basophil+ or SPT+; 1st V: 11; curationNote: 
P24337.1	uniprot	species: Glycine max; common name: Soybean; IUIS Allergen: Gly m 1.0101; Type: Aero Plant; Group: Glycine Gly m 1; Allergenicity: IgE but no biological test; 1st V: 12; curationNote: 
P25974.1	uniprot	species: Glycine max; common name: Soybean; IUIS Allergen: Gly m 5.0301; Type: Food Plant; Group: Glycine Gly m 5.0301 beta sub unit beta congl; Allergenicity: IgE but no biological test; 1st V: 15; curationNote: 
P27357.1	uniprot	species: Triticum aestivum; common name: Wheat; IUIS Allergen: Unassigned; Type: Food Plant; Group: Triticum Thaumatin-like; Allergenicity: IgE but no biological test; 1st V: 12; curationNote: 
P27759.1	uniprot	species: Ambrosia artemisiifolia; common name: Short ragweed; IUIS Allergen: Amb a 1.0101; Type: Aero Plant; Group: Ambrosia Amb a 1; Allergenicity: IgE plus basophil+ or SPT+; 1st V: 7; curationNote: 
P27760.1	uniprot	species: Ambrosia artemisiifolia; common name: Short ragweed; IUIS Allergen: Amb a 1.0201; Type: Aero Plant; Group: Ambrosia Amb a 1; Allergenicity: IgE plus basophil+ or SPT+; 1st V: 7; curationNote: 
P27761.1	uniprot	species: Ambrosia artemisiifolia; common name: Short ragweed; IUIS Allergen: Amb a 1.0301; Type: Aero Plant; Group: Ambrosia Amb a 1; Allergenicity: IgE plus basophil+ or SPT+; 1st V: 7; curationNote: 
P28744.1	uniprot	species: Ambrosia artemisiifolia; common name: Short ragweed; IUIS Allergen: Amb a 1.0401; Type: Aero Plant; Group: Ambrosia Amb a 1; Allergenicity: IgE plus basophil+ or SPT+; 1st V: 7; curationNote: 
P29022.1	uniprot	species: Zea mays; common name: Corn; IUIS Allergen: Unassigned; Type: Food Plant; Group: Zea mays Zea m 8; Allergenicity: IgE but no biological test; 1st V: 17; curationNote: 
P29600.1	uniprot	species: Bacillus lentus; common name: Bacteria; IUIS Allergen: Unassigned; Type: Bacteria airway; Group: Bacillus lentus subtilisin; Allergenicity: IgE but no biological test; 1st V: 9; curationNote: 
P30438.2	uniprot	species: Felis catus; common name: Cat; IUIS Allergen: ; Type: Aero Animal; Group: Felis Fel d 1 Chain 1; Allergenicity: IgE plus basophil+ or SPT+; 1st V: 7; curationNote: 
P30575.1	uniprot	species: Candida albicans; common name: Yeast; IUIS Allergen: Unassigned; Type: Contact; Group: Candida Enolase 1; Allergenicity: IgE plus basophil+ or SPT+; 1st V: 7; curationNote: 
P32936.2	uniprot	species: Hordeum vulgare; common name: Barley; IUIS Allergen: Unassigned; Type: Aero Plant; Group: Hordeum Alpha-amylase inhibitor component CMb; Allergenicity: IgE plus basophil+ or SPT+; 1st V: 7; curationNote: 
P33556.1	uniprot	species: Vitis sp.; common name: Grape; IUIS Allergen: Unassigned; Type: Food Plant; Group: Vitis Vit v 1 LTP; Allergenicity: IgE but no biological test; 1st V: 7; curationNote: 
P34071.1	uniprot	species: Staphylococcus aureus; common name: Bacteria; IUIS Allergen: Unassigned; Type: Bacteria skin; Group: Staphylococcus enterotoxin SEC; Allergenicity: IgE but no biological test; 1st V: 9; curationNote: 
P35760.1	uniprot	species: Vespula maculifrons; common name: Wasp; IUIS Allergen: Ves m 5.0101; Type: Venom or Salivary; Group: Vespula antigen 5 Ves f, v, s  5; Allergenicity: IgE plus basophil+ or SPT+; 1st V: 7; curationNote: 
P35775.1	uniprot	species: Solenopsis invicta; common name: Red fire ant; IUIS Allergen: Sol i 2.0101; Type: Venom or Salivary; Group: Solenopsis Sol i and Sol r Venom allergen II; Allergenicity: IgE but no biological test; 1st V: 7; curationNote: 
P35776.2	uniprot	species: Solenopsis richteri; common name: Black fire ant; IUIS Allergen: Sol r 2.0101; Type: Venom or Salivary; Group: Solenopsis Sol i and Sol r Venom allergen II; Allergenicity: IgE but no biological test; 1st V: 7; curationNote: 
P35779.2	uniprot	species: Solenopsis richteri; common name: Black fire ant; IUIS Allergen: Sol r 3.0101; Type: Venom or Salivary; Group: Solenopsis Venom allergen III; Allergenicity: IgE but no biological test; 1st V: 7; curationNote: 
P35780.1	uniprot	species: Polistes fuscatus; common name: Paper wasp; IUIS Allergen: Pol f 5.0101; Type: Venom or Salivary; Group: Polistes Pol 5; Allergenicity: IgE plus basophil+ or SPT+; 1st V: 7; curationNote: 
P35781.1	uniprot	species: Vespa crabro; common name: European hornet; IUIS Allergen: Vesp c 5.0101; Type: Venom or Salivary; Group: Vespa Vesp c 5 and Vesp m 5; Allergenicity: IgE but no biological test; 1st V: 7; curationNote: 
P35782.1	uniprot	species: Vespa crabro; common name: European hornet; IUIS Allergen: Vesp c 5.0102; Type: Venom or Salivary; Group: Vespa Vesp c 5 and Vesp m 5; Allergenicity: IgE but no biological test; 1st V: 7; curationNote: 
P35783.1	uniprot	species: Vespula flavopilosa; common name: Wasp; IUIS Allergen: Ves f 5.0101; Type: Venom or Salivary; Group: Vespula antigen 5 Ves f, v, s  5; Allergenicity: IgE plus basophil+ or SPT+; 1st V: 7; curationNote: 
P35784.1	uniprot	species: Vespula germanica; common name: Wasp; IUIS Allergen: Ves g 5.0101; Type: Venom or Salivary; Group: Vespula antigen 5 Ves f, v, s  5; Allergenicity: IgE plus basophil+ or SPT+; 1st V: 7; curationNote: 
P35785.1	uniprot	species: Vespula pensylvanica; common name: Wasp; IUIS Allergen: Ves p 5.0101; Type: Venom or Salivary; Group: Vespula antigen 5 Ves f, v, s  5; Allergenicity: IgE plus basophil+ or SPT+; 1st V: 7; curationNote: 
P35786.1	uniprot	species: Vespula squamosa; common name: Wasp; IUIS Allergen: Ves s 5.0101; Type: Venom or Salivary; Group: Vespula antigen 5 Ves f, v, s  5; Allergenicity: IgE plus basophil+ or SPT+; 1st V: 7; curationNote: 
P35787.1	uniprot	species: Vespula vidua; common name: Wasp; IUIS Allergen: Ves vi 5.0101; Type: Venom or Salivary; Group: Vespula antigen 5 Ves f, v, s  5; Allergenicity: IgE plus basophil+ or SPT+; 1st V: 7; curationNote: 
P39673.1	uniprot	species: Dermatophagoides farinae; common name: House dust mite; IUIS Allergen: Unassigned; Type: Aero Mite; Group: Dermatophagoides Der p 14 / Der f 14; Allergenicity: IgE but no biological test; 1st V: 7; curationNote: 
P40918.1	uniprot	species: Davidiella tassiana; common name: Fungus; IUIS Allergen: Unassigned; Type: Aero Fungi; Group: Cladosporium / Davidiella Heat shock 70 kDa protei; Allergenicity: IgE but no biological test; 1st V: 7; curationNote: 
P42037.1	uniprot	species: Alternaria alternata; common name: Fungus; IUIS Allergen: Unassigned; Type: Aero Fungi; Group: Alternaria Alt a 5 ribosomal P2; Allergenicity: IgE but no biological test; 1st V: 10; curationNote: 
P42040.2	uniprot	species: Davidiella tassiana; common name: Fungus; IUIS Allergen: ; Type: Aero Fungi; Group: Cladosporium / Davidiella Cla h 6; Allergenicity: IgE but no biological test; 1st V: 7; curationNote: 
P42058.1	uniprot	species: Alternaria alternata; common name: Fungus; IUIS Allergen: Alt a 7.0101; Type: Aero Fungi; Group: Alternaria Alt a 7 flavodoxin; Allergenicity: IgE but no biological test; 1st V: 9; curationNote: 
P43180.2	uniprot	species: Betula pendula; common name: European white birch; IUIS Allergen: ; Type: Aero Plant; Group: Betula Bet v 1; Allergenicity: IgE plus basophil+ or SPT+; 1st V: 7; curationNote: 
P43186.2	uniprot	species: Betula pendula; common name: European white birch; IUIS Allergen: ; Type: Aero Plant; Group: Betula Bet v 1; Allergenicity: IgE plus basophil+ or SPT+; 1st V: 7; curationNote: 
P43212.1	uniprot	species: Cryptomeria japonica; common name: Japanese cedar; IUIS Allergen: ; Type: Aero Plant; Group: Cryptomeria Cry j 2; Allergenicity: IgE plus basophil+ or SPT+; 1st V: 7; curationNote: 
P43237.1	uniprot	species: Arachis hypogaea; common name: Peanut; IUIS Allergen: Ara h 1; Type: Food Plant; Group: Arachis Ara h 1; Allergenicity: IgE plus basophil+ or SPT+; 1st V: 7; curationNote: 
P43238.1	uniprot	species: Arachis hypogaea; common name: Peanut; IUIS Allergen: Ara h 1.0101; Type: Food Plant; Group: Arachis Ara h 1; Allergenicity: IgE plus basophil+ or SPT+; 1st V: 7; curationNote: 
P46075.3	uniprot	species: Aspergillus fumigatus; common name: Fungus; IUIS Allergen: Unassigned; Type: Aero Fungi; Group: Aspergillus Asp f 5; Allergenicity: IgE but no biological test; 1st V: 11; curationNote: 
P46436.3	uniprot	species: Ascaris suum; common name: Parasitic roundworm; IUIS Allergen: Asc s 13.0101; Type: Worm (parasite); Group: Ascaris lumbricoides/suum  Glutathione S-transfera; Allergenicity: IgE plus basophil+ or SPT+; 1st V: 15; curationNote: 
P49148.1	uniprot	species: Alternaria alternata; common name: Fungus; IUIS Allergen: Alt a 12.0101; Type: Aero Fungi; Group: Alternaria Alt a 12 Ribosomal BP P1; Allergenicity: IgE but no biological test; 1st V: 7; curationNote: 
P49274.1	uniprot	species: Dermatophagoides pteronyssinus; common name: House dust mite; IUIS Allergen: Unassigned; Type: Aero Mite; Group: Dermatophagoides Der p 4; Allergenicity: IgE but no biological test; 1st V: 7; curationNote: 
P49277.1	uniprot	species: Dermatophagoides pteronyssinus; common name: House dust mite; IUIS Allergen: ; Type: Aero Mite; Group: Dermatophagoides Der p 6 / Der f 6; Allergenicity: IgE but no biological test; 1st V: 7; curationNote: 
P49370.1	uniprot	species: Vespula vulgaris; common name: Wasp; IUIS Allergen: ; Type: Venom or Salivary; Group: Vespula Ves v 2; Allergenicity: IgE plus basophil+ or SPT+; 1st V: 7; curationNote: 
P49372.1	uniprot	species: Apium graveolens; common name: Celery; IUIS Allergen: Api g 1.0101; Type: Food Plant; Group: Apium Api g 1; Allergenicity: IgE plus basophil+ or SPT+; 1st V: 7; curationNote: 
P50635.2	uniprot	species: Aedes aegypti; common name: Yellow fever mosquito; IUIS Allergen: Unassigned; Type: Venom or Salivary; Group: Aedes Aed a 1 apyrase; Allergenicity: IgE plus basophil+ or SPT+; 1st V: 10; curationNote: 
P51528.1	uniprot	species: Vespula maculifrons; common name: Wasp; IUIS Allergen: Vesp m 1.0101; Type: Venom or Salivary; Group: Vespula Phospholipase A1- Ves m/v 1; Allergenicity: IgE plus basophil+ or SPT+; 1st V: 8; curationNote: 
P53357.1	uniprot	species: Dolichovespula maculata; common name: Whiteface hornet; IUIS Allergen: Dol m 1.02; Type: Venom or Salivary; Group: Dolichovespula Dol m 1 Phospholipase A1B; Allergenicity: IgE plus basophil+ or SPT+; 1st V: 7; curationNote: 
P55958.1	uniprot	species: Parietaria judaica; common name: Weed; IUIS Allergen: Par j 2.0101; Type: Aero Plant; Group: Parietaria Par j 2; Allergenicity: IgE plus basophil+ or SPT+; 1st V: 7; curationNote: 
P56164.1	uniprot	species: Phalaris aquatica; common name: Canary grass; IUIS Allergen: Pha a 5.0101; Type: Aero Plant; Group: Phalaris Pha a 5; Allergenicity: IgE but no biological test; 1st V: 7; curationNote: 
P56165.1	uniprot	species: Phalaris aquatica; common name: Canary grass; IUIS Allergen: Unassigned; Type: Aero Plant; Group: Phalaris Pha a 5; Allergenicity: IgE but no biological test; 1st V: 7; curationNote: 
P56166.1	uniprot	species: Phalaris aquatica; common name: Canary grass; IUIS Allergen: Unassigned; Type: Aero Plant; Group: Phalaris Pha a 5; Allergenicity: IgE but no biological test; 1st V: 7; curationNote: 
P56167.1	uniprot	species: Phalaris aquatica; common name: Canary grass; IUIS Allergen: Unassigned; Type: Aero Plant; Group: Phalaris Pha a 5; Allergenicity: IgE but no biological test; 1st V: 7; curationNote: 
P58171.1	uniprot	species: Syringa vulgaris; common name: Lilac; IUIS Allergen: Syr v 3.0101; Type: Aero Plant; Group: Syringa Syr v 3; Allergenicity: IgE but no biological test; 1st V: 7; curationNote: 
P67875.1	uniprot	species: Aspergillus fumigatus; common name: Fungus; IUIS Allergen: Unassigned; Type: Aero Fungi; Group: Aspergillus Asp f 1; Allergenicity: IgE plus basophil+ or SPT+; 1st V: 7; curationNote: 
P69199.1	uniprot	species: Brassica rapa subsp. rapa; common name: Turnip; IUIS Allergen: Unassigned; Type: Aero Plant; Group: Bra n Bra r 2; Allergenicity: IgE but no biological test; 1st V: 7; curationNote: 
P78983.2	uniprot	species: Alternaria alternata; common name: Fungus; IUIS Allergen: Alt a 3.0101; Type: Aero Fungi; Group: Alternaria Alt a 3 HSP; Allergenicity: IgE but no biological test; 1st V: 7; curationNote: 
P79017.2	uniprot	species: Aspergillus fumigatus; common name: Fungus; IUIS Allergen: Asp f 2.0101; Type: Aero Fungi; Group: Aspergillus Asp f 2; Allergenicity: IgE but no biological test; 1st V: 7; curationNote: 
P80198.1	uniprot	species: Hordeum vulgare; common name: Barley; IUIS Allergen: Unassigned; Type: Food Plant; Group: Hordeum Hor v 20; Allergenicity: IgE plus basophil+ or SPT+; 1st V: 15; curationNote: 
P80207.1	uniprot	species: Brassica juncea; common name: Mustard; IUIS Allergen: Bra j 1.0101; Type: Food Plant; Group: Brassica Bra j 1 2S albumin; Allergenicity: IgE but no biological test; 1st V: 9; curationNote: 
P80208.1	uniprot	species: Brassica napus; common name: Rape; IUIS Allergen: Bra n 1.0101; Type: Food Plant; Group: Bra n 1; Allergenicity: IgE but no biological test; 1st V: 9; curationNote: 
P80273.2	uniprot	species: Vitis sp.; common name: Grape; IUIS Allergen: Unassigned; Type: Food Plant; Group: Vitis Lipid transfer protein P3; Allergenicity: IgE but no biological test; 1st V: 8; curationNote: 
P80274.1	uniprot	species: Vitis sp.; common name: Grape; IUIS Allergen: ; Type: Food Plant; Group: Vitis Vit v 1 LTP; Allergenicity: IgE but no biological test; 1st V: 7; curationNote: 
P80740.2	uniprot	species: Olea europaea; common name: Olive tree; IUIS Allergen: Ole e 5.0101; Type: Aero Plant; Group: Olea Ole e 5; Allergenicity: IgE but no biological test; 1st V: 8; curationNote: 
P81216.1	uniprot	species: Equus caballus; common name: Horse; IUIS Allergen: Equ c 2.0101; Type: Aero Animal; Group: Equus Equ c 2; Allergenicity: IgE but no biological test; 1st V: 7; curationNote: 
P81217.1	uniprot	species: Equus caballus; common name: Horse; IUIS Allergen: Equ c 2.0102; Type: Aero Animal; Group: Equus Equ c 2; Allergenicity: IgE but no biological test; 1st V: 7; curationNote: 
P81295.1	uniprot	species: Juniperus ashei; common name: Mountain cedar; IUIS Allergen: Jun a 3.0101; Type: Aero Plant; Group: Juniperus Jun a 3; Allergenicity: IgE but no biological test; 1st V: 8; curationNote: 
P81402.1	uniprot	species: Prunus persica; common name: Peach; IUIS Allergen: Pru p 3.0101; Type: Food Plant; Group: Prunus Pru 3; Allergenicity: IgE plus basophil+ or SPT+; 1st V: 7; curationNote: 
P81430.2	uniprot	species: Olea europaea; common name: Olive tree; IUIS Allergen: Ole e 7.0101; Type: Aero Plant; Group: Olea Ole e 7; Allergenicity: IgE but no biological test; 1st V: 7; curationNote: 
P81496.1	uniprot	species: Triticum aestivum; common name: Wheat; IUIS Allergen: Unassigned; Type: Aero Plant; Group: Triticum Bakers asthma allergen #4; Allergenicity: IgE but no biological test; 1st V: 7; curationNote: 
P81657.1	uniprot	species: Vespa mandarinia; common name: Wasp; IUIS Allergen: Vesp m 5.0101; Type: Venom or Salivary; Group: Vespa Vesp c 5 and Vesp m 5; Allergenicity: IgE but no biological test; 1st V: 7; curationNote: 
P81729.1	uniprot	species: Brassica rapa subsp. rapa; common name: Turnip; IUIS Allergen: Bra r 2.0101; Type: Contact; Group: Brassica Bra r 2; Allergenicity: IgE but no biological test; 1st V: 9; curationNote: 
P81943.3	uniprot	species: Apium graveolens; common name: Celery; IUIS Allergen: Api g 5.0101; Type: Food Plant; Group: Apium Api g 5; Allergenicity: IgE but no biological test; 1st V: 10; curationNote: 
P82534.1	uniprot	species: Prunus domestica; common name: Plum; IUIS Allergen: Pru d 3.0101; Type: Food Plant; Group: Prunus Pru 3; Allergenicity: IgE plus basophil+ or SPT+; 1st V: 7; curationNote: 
P82946.1	uniprot	species: Dactylis glomerata; common name: Orchard grass; IUIS Allergen: Dac g 4.0101; Type: Aero Plant; Group: Dactylis Dac g 4; Allergenicity: IgE but no biological test; 1st V: 9; curationNote: 
P82947.1	uniprot	species: Glycine max; common name: Soybean; IUIS Allergen: Unassigned; Type: Food Plant; Group: Glycine Major Gly 50 kDa allergen; Allergenicity: IgE but no biological test; 1st V: 7; curationNote: 
P82952.1	uniprot	species: Prunus dulcis; common name: Almond; IUIS Allergen: Unassigned; Type: Food Plant; Group: Prunus Seed allergenic protein 2 (Conglutin gamma); Allergenicity: IgE but no biological test; 1st V: 8; curationNote: 
P82971.1	uniprot	species: Bombus terrestris; common name: Bumblebee; IUIS Allergen: Bom t 1.0101; Type: Venom or Salivary; Group: Bombus Bom t 1; Allergenicity: IgE but no biological test; 1st V: 7; curationNote: 
P82977.2	uniprot	species: Triticum aestivum; common name: Wheat; IUIS Allergen: Unassigned; Type: Aero Plant; Group: Triticum Tri a 39  serine proteinase inhibitor-lik; Allergenicity: IgE but no biological test; 1st V: 11; curationNote: 
P83181.1	uniprot	species: Salsola kali; common name: Thistle; IUIS Allergen: Sal k 1.0101; Type: Aero Plant; Group: Salsola Sal k 1; Allergenicity: IgE plus basophil+ or SPT+; 1st V: 10; curationNote: 
P83332.1	uniprot	species: Prunus persica; common name: Peach; IUIS Allergen: Unassigned; Type: Food Plant; Group: Prunus persica Pru p 2 IUIS; Allergenicity: IgE plus basophil+ or SPT+; 1st V: 12; curationNote: 
P83335.1	uniprot	species: Prunus persica; common name: Peach; IUIS Allergen: Unassigned; Type: Food Plant; Group: Prunus persica Pru p 2 IUIS; Allergenicity: IgE plus basophil+ or SPT+; 1st V: 12; curationNote: 
P83340.1	uniprot	species: Epicoccum nigrum; common name: Fungus; IUIS Allergen: Epi p 1.0101; Type: Aero Fungi; Group: Epicoccum Epi p 1; Allergenicity: IgE plus basophil+ or SPT+; 1st V: 9; curationNote: 
P83377.1	uniprot	species: Polistes gallicus; common name: Paper wasp; IUIS Allergen: Pol g 5.0101; Type: Venom or Salivary; Group: Polistes Pol 5; Allergenicity: IgE plus basophil+ or SPT+; 1st V: 7; curationNote: 
P83542.1	uniprot	species: Polistes gallicus; common name: Paper wasp; IUIS Allergen: Pol g 1.0101; Type: Venom or Salivary; Group: Polistes Pol a 1 Pol d 1; Allergenicity: IgE but no biological test; 1st V: 7; curationNote: 
P83834.1	uniprot	species: Cucumis melo; common name: Muskmelon; IUIS Allergen: Cuc m 3.0101; Type: Food Plant; Group: Cucumis Cuc m 3; Allergenicity: IgE plus basophil+ or SPT+; 1st V: 9; curationNote: 
P83885.1	uniprot	species: Anisakis simplex; common name: Parasitic fish worm; IUIS Allergen: Ani s 4.0101; Type: Food Animal; Group: Anisakis Ani s 4; Allergenicity: IgE plus basophil+ or SPT+; 1st V: 7; curationNote: 
P83958.1	uniprot	species: Actinidia chinensis; common name: Kiwi; IUIS Allergen: Unassigned; Type: Food Plant; Group: Actinidia Act d 2 thaumatin like protein; Allergenicity: IgE plus basophil+ or SPT+; 1st V: 7; curationNote: 
P84159.1	uniprot	species: Citrus sinensis; common name: Navel orange; IUIS Allergen: Cit s 1.0101; Type: Food Plant; Group: Citrus Cit s 1; Allergenicity: IgE plus basophil+ or SPT+; 1st V: 7; curationNote: 
P84160.1	uniprot	species: Citrus limon; common name: Lemon; IUIS Allergen: Cit l 3.0101; Type: Food Plant; Group: Citrus LTP Cit s 3/Cit l 3; Allergenicity: IgE plus basophil+ or SPT+; 1st V: 7; curationNote: 
P84161.1	uniprot	species: Citrus sinensis; common name: Navel orange; IUIS Allergen: Cit s 3.0101; Type: Food Plant; Group: Citrus LTP Cit s 3/Cit l 3; Allergenicity: IgE plus basophil+ or SPT+; 1st V: 7; curationNote: 
P84296.1	uniprot	species: Chironomus thummi thummi; common name: Midge; IUIS Allergen: Chi t 3.0601; Type: Aero Insect; Group: Chironomus Chi t 3; Allergenicity: IgE but no biological test; 1st V: 7; curationNote: 
P84298.1	uniprot	species: Chironomus thummi thummi; common name: Midge; IUIS Allergen: Chi t 3.0701; Type: Aero Insect; Group: Chironomus Chi t 3; Allergenicity: IgE but no biological test; 1st V: 7; curationNote: 
P84527.1	uniprot	species: Actinidia deliciosa; common name: Kiwi; IUIS Allergen: Act d 5.0101; Type: Food Plant; Group: Actinidia Act d 5 kiwellin; Allergenicity: IgE plus basophil+ or SPT+; 1st V: 7; curationNote: 
P85204.1	uniprot	species: Actinidia chinensis; common name: Kiwi; IUIS Allergen: Act c 10; Type: Food Plant; Group: Actinidia Act c 10 LTP; Allergenicity: IgE plus basophil+ or SPT+; 1st V: 13; curationNote: 
P85206.1	uniprot	species: Actinidia deliciosa; common name: Kiwi; IUIS Allergen: Act d 10.0201; Type: Food Plant; Group: Actinidia Act d 10 LTP; Allergenicity: IgE plus basophil+ or SPT+; 1st V: 13; curationNote: 
P85524.1	uniprot	species: Actinidia deliciosa; common name: Kiwi; IUIS Allergen: Act d 11.0101; Type: Food Plant; Group: Actinidia Act d 11 Kirola MLP; Allergenicity: IgE but no biological test; 1st V: 12; curationNote: 
P85894.1	uniprot	species: Morus nigra; common name: Black mulberry; IUIS Allergen: Mor n 3.0101; Type: Food Plant; Group: Morus Mor n 3 mulberry LTP; Allergenicity: IgE plus basophil+ or SPT+; 1st V: 11; curationNote: 
P86137.2	uniprot	species: Actinidia deliciosa; common name: Kiwi; IUIS Allergen: Act d 10.0101; Type: Food Plant; Group: Actinidia Act d 10 LTP; Allergenicity: IgE plus basophil+ or SPT+; 1st V: 13; curationNote: 
P86360.1	uniprot	species: Thaumetopoea pityocampa; common name: Pine moth; IUIS Allergen: Tha p 2.0101; Type: Contact; Group: Thaumetopoea Tha p 2; Allergenicity: IgE but no biological test; 1st V: 14; curationNote: 
P86431.1	uniprot	species: Oncorhynchus mykiss; common name: rainbow trout; IUIS Allergen: Onc m 1.0101; Type: Food Animal; Group: Oncorhynchus Rainbow trout parv Onc m 1; Allergenicity: IgE but no biological test; 1st V: 11; curationNote: 
P86432.1	uniprot	species: Oncorhynchus mykiss; common name: rainbow trout; IUIS Allergen: Onc m 1.0201; Type: Food Animal; Group: Oncorhynchus Rainbow trout parv Onc m 1; Allergenicity: IgE but no biological test; 1st V: 11; curationNote: 
P86686.1	uniprot	species: Polybia paulista; common name: wasp; IUIS Allergen: Poly p 5.0102; Type: Venom or Salivary; Group: Polybia Poly p 5, Poly s 5 venom allergen; Allergenicity: IgE but no biological test; 1st V: 12; curationNote: 
P86687.1	uniprot	species: Polybia paulista; common name: wasp; IUIS Allergen: Poly p 2.0101; Type: Venom or Salivary; Group: Polybia Poly p 2 hyaluronidase; Allergenicity: IgE but no biological test; 1st V: 12; curationNote: 
P86739.1	uniprot	species: Macruronus magellanicus; common name: Patagonian Grenadier; IUIS Allergen: Unassigned; Type: Food Animal; Group: Merluccius sp. Macruronus sp. Parvalbumin Hake; Allergenicity: IgE but no biological test; 1st V: 12; curationNote: 
P86740.1	uniprot	species: Macruronus magellanicus; common name: Patagonian Grenadier; IUIS Allergen: Unassigned; Type: Food Animal; Group: Merluccius sp. Macruronus sp. Parvalbumin Hake; Allergenicity: IgE but no biological test; 1st V: 12; curationNote: 
P86741.1	uniprot	species: Macruronus magellanicus; common name: Patagonian Grenadier; IUIS Allergen: Unassigned; Type: Food Animal; Group: Merluccius sp. Macruronus sp. Parvalbumin Hake; Allergenicity: IgE but no biological test; 1st V: 12; curationNote: 
P86742.1	uniprot	species: Macruronus novaezelandiae; common name: Blue hake; IUIS Allergen: Unassigned; Type: Food Animal; Group: Merluccius sp. Macruronus sp. Parvalbumin Hake; Allergenicity: IgE but no biological test; 1st V: 12; curationNote: 
P86745.1	uniprot	species: Merluccius australis australis; common name: southern hake; IUIS Allergen: Unassigned; Type: Food Animal; Group: Merluccius sp. Macruronus sp. Parvalbumin Hake; Allergenicity: IgE but no biological test; 1st V: 12; curationNote: 
P86749.1	uniprot	species: Merluccius australis polylepis; common name: Southern hake; IUIS Allergen: Unassigned; Type: Food Animal; Group: Merluccius sp. Macruronus sp. Parvalbumin Hake; Allergenicity: IgE but no biological test; 1st V: 12; curationNote: 
P86750.1	uniprot	species: Merluccius australis polylepis; common name: Southern hake; IUIS Allergen: Unassigned; Type: Food Animal; Group: Merluccius sp. Macruronus sp. Parvalbumin Hake; Allergenicity: IgE but no biological test; 1st V: 12; curationNote: 
P86752.1	uniprot	species: Merluccius bilinearis; common name: Silver hake; IUIS Allergen: Unassigned; Type: Food Animal; Group: Merluccius sp. Macruronus sp. Parvalbumin Hake; Allergenicity: IgE but no biological test; 1st V: 12; curationNote: 
P86753.1	uniprot	species: Merluccius bilinearis; common name: Silver hake; IUIS Allergen: Unassigned; Type: Food Animal; Group: Merluccius sp. Macruronus sp. Parvalbumin Hake; Allergenicity: IgE but no biological test; 1st V: 12; curationNote: 
P86754.1	uniprot	species: Merluccius bilinearis; common name: Silver hake; IUIS Allergen: Unassigned; Type: Food Animal; Group: Merluccius sp. Macruronus sp. Parvalbumin Hake; Allergenicity: IgE but no biological test; 1st V: 12; curationNote: 
P86757.1	uniprot	species: Merluccius capensis; common name: Shallow-water cape hake; IUIS Allergen: Unassigned; Type: Food Animal; Group: Merluccius sp. Macruronus sp. Parvalbumin Hake; Allergenicity: IgE but no biological test; 1st V: 12; curationNote: 
P86760.1	uniprot	species: Merluccius gayi; common name: Southern Pacific hake; IUIS Allergen: Unassigned; Type: Food Animal; Group: Merluccius sp. Macruronus sp. Parvalbumin Hake; Allergenicity: IgE but no biological test; 1st V: 12; curationNote: 
P86761.1	uniprot	species: Merluccius gayi; common name: Southern Pacific hake; IUIS Allergen: Unassigned; Type: Food Animal; Group: Merluccius sp. Macruronus sp. Parvalbumin Hake; Allergenicity: IgE but no biological test; 1st V: 12; curationNote: 
P86765.1	uniprot	species: Merluccius merluccius; common name: European hake; IUIS Allergen: Unassigned; Type: Food Animal; Group: Merluccius sp. Macruronus sp. Parvalbumin Hake; Allergenicity: IgE but no biological test; 1st V: 12; curationNote: 
P86768.1	uniprot	species: Merluccius paradoxus; common name: Deep-water cape hake; IUIS Allergen: Unassigned; Type: Food Animal; Group: Merluccius sp. Macruronus sp. Parvalbumin Hake; Allergenicity: IgE but no biological test; 1st V: 12; curationNote: 
P86769.1	uniprot	species: Merluccius paradoxus; common name: Deep-water cape hake; IUIS Allergen: Unassigned; Type: Food Animal; Group: Merluccius sp. Macruronus sp. Parvalbumin Hake; Allergenicity: IgE but no biological test; 1st V: 12; curationNote: 
P86770.1	uniprot	species: Merluccius paradoxus; common name: Deep-water cape hake; IUIS Allergen: Unassigned; Type: Food Animal; Group: Merluccius sp. Macruronus sp. Parvalbumin Hake; Allergenicity: IgE but no biological test; 1st V: 12; curationNote: 
P86771.1	uniprot	species: Merluccius polli; common name: Benguela hake; IUIS Allergen: Unassigned; Type: Food Animal; Group: Merluccius sp. Macruronus sp. Parvalbumin Hake; Allergenicity: IgE but no biological test; 1st V: 12; curationNote: 
P86772.1	uniprot	species: Merluccius polli; common name: Benguela hake; IUIS Allergen: Unassigned; Type: Food Animal; Group: Merluccius sp. Macruronus sp. Parvalbumin Hake; Allergenicity: IgE but no biological test; 1st V: 12; curationNote: 
P86774.1	uniprot	species: Merluccius productus; common name: North Pacific hake; IUIS Allergen: Unassigned; Type: Food Animal; Group: Merluccius sp. Macruronus sp. Parvalbumin Hake; Allergenicity: IgE but no biological test; 1st V: 12; curationNote: 
P86775.1	uniprot	species: Merluccius productus; common name: North Pacific hake; IUIS Allergen: Unassigned; Type: Food Animal; Group: Merluccius sp. Macruronus sp. Parvalbumin Hake; Allergenicity: IgE but no biological test; 1st V: 12; curationNote: 
P86809.1	uniprot	species: Apium graveolens Rapaceum Group; common name: Celery; IUIS Allergen: Api g 6.0101; Type: Food Plant; Group: Apium graveolens Api g 6  LTP 2; Allergenicity: IgE but no biological test; 1st V: 15; curationNote: 
P86888.1	uniprot	species: Prunus persica; common name: Peach; IUIS Allergen: Pru p 7.0101; Type: Food Plant; Group: Prunus Pru p 7 Pru m 7 Peamaclein; Allergenicity: IgE plus basophil+ or SPT+; 1st V: 14; curationNote: 
P86978.1	uniprot	species: Thunnus albacares; common name: Yellowfin tuna; IUIS Allergen: Unassigned; Type: Food Animal; Group: Thunnus Thu a 2 enolase; Allergenicity: IgE plus basophil+ or SPT+; 1st V: 15; curationNote: 
P86979.1	uniprot	species: Thunnus albacares; common name: Yellowfin tuna; IUIS Allergen: Thu a 3.0101; Type: Food Animal; Group: Thunnus Thu a 3 aldolase; Allergenicity: IgE plus basophil+ or SPT+; 1st V: 15; curationNote: 
P86980.1	uniprot	species: Gadus morhua; common name: Atlantic cod; IUIS Allergen: ; Type: Food Animal; Group: Gadus morhua Gad m 3; Allergenicity: IgE but no biological test; 1st V: 15; curationNote: 
P92918.1	uniprot	species: Apium graveolens; common name: Celery; IUIS Allergen: Api g 1.0201; Type: Food Plant; Group: Apium Api g 1; Allergenicity: IgE plus basophil+ or SPT+; 1st V: 9; curationNote: 
P93198.1	uniprot	species: Juglans regia; common name: English walnut; IUIS Allergen: Unassigned; Type: Unassigned; Group: Jug r 1 Jug n 1; Allergenicity: IgE plus basophil+ or SPT+; 1st V: 22; curationNote: 
Q00002.2	uniprot	species: Alternaria alternata; common name: Fungus; IUIS Allergen: Alt a 4.0101; Type: Aero Fungi; Group: Alternaria Alt a 4 thioredoxin; Allergenicity: IgE but no biological test; 1st V: 7; curationNote: 
Q00802.2	uniprot	species: Bombyx mori; common name: Silkworm; IUIS Allergen: Unassigned; Type: Unassigned; Group: Bomb m4 a 30 kDa protein BM30K uncertain Allergy; Allergenicity: IgE but no biological test; 1st V: 22; curationNote: 
Q01882.2	uniprot	species: Oryza sativa (japonica cultivar-group); common name: Rice; IUIS Allergen: Unassigned; Type: Food Plant; Group: Oryza Trypsin alpha-amylase inhibitor; Allergenicity: IgE but no biological test; 1st V: 8; curationNote: 
Q01883.2	uniprot	species: Oryza sativa (japonica cultivar-group); common name: Rice; IUIS Allergen: Unassigned; Type: Food Plant; Group: Oryza Trypsin alpha-amylase inhibitor; Allergenicity: IgE but no biological test; 1st V: 8; curationNote: 
Q06811.2	uniprot	species: Ascaris suum; common name: Parasitic roundworm; IUIS Allergen: Asc s 1.0101; Type: Worm (parasite); Group: Ascaris Asc s 1; Allergenicity: IgE but no biological test; 1st V: 7; curationNote: 
Q08169.1	uniprot	species: Apis mellifera; common name: Honeybee; IUIS Allergen: Api m 2.0101; Type: Venom or Salivary; Group: Apis Api m 2; Allergenicity: IgE plus basophil+ or SPT+; 1st V: 7; curationNote: 
Q1ZYQ8.2	uniprot	species: Zea mays; common name: Corn; IUIS Allergen: Unassigned; Type: Aero Plant; Group: Zea Zea m 1 isoform; Allergenicity: IgE but no biological test; 1st V: 9; curationNote: 
Q25632.1	uniprot	species: Onchocerca volvulus; common name: Parasitic nematode; IUIS Allergen: Unassigned; Type: Worm (parasite); Group: Onchocerca tropomyosin; Allergenicity: IgE plus basophil+ or SPT+; 1st V: 12; curationNote: 
Q25641.1	uniprot	species: Periplaneta americana; common name: American cockroach; IUIS Allergen: Per a 3.0101; Type: Aero Insect; Group: Periplaneta Per a 3; Allergenicity: IgE plus basophil+ or SPT+; 1st V: 9; curationNote: 
Q28050.1	uniprot	species: Bos taurus; common name: Bovine; IUIS Allergen: Bos d 3.0101; Type: Aero Animal; Group: Bos Bos d 3; Allergenicity: IgE but no biological test; 1st V: 7; curationNote: 
Q39649.1	uniprot	species: Cucurbita maxima; common name: ; IUIS Allergen: Unassigned; Type: Food Plant; Group: Cuc ma 5; Allergenicity: IgE but no biological test; 1st V: 20; curationNote: 
Q40240.2	uniprot	species: Lolium perenne; common name: Perennial ryegrass; IUIS Allergen: Lol p 5.0102; Type: Aero Plant; Group: Lolium Lol p 5; Allergenicity: IgE plus basophil+ or SPT+; 1st V: 12; curationNote: 
Q40638.2	uniprot	species: Oryza sativa (japonica cultivar-group); common name: Rice; IUIS Allergen: ; Type: Aero Plant; Group: Oryza Ory s 1; Allergenicity: IgE but no biological test; 1st V: 8; curationNote: 
Q41260.1	uniprot	species: Phalaris aquatica; common name: Canary grass; IUIS Allergen: Pha a 1.0101; Type: Aero Plant; Group: Phalaris Pha a 1; Allergenicity: IgE but no biological test; 1st V: 7; curationNote: 
Q45W86	uniprot	species: Arachis hypogaea; common name: Peanut; IUIS Allergen: Ara h 11.0102; Type: Food Plant; Group: Arachis hypogaea Ara h 11; Allergenicity: IgE but no biological test; 1st V: 16; curationNote: 
Q4WB37.1	uniprot	species: Aspergillus fumigatus Af293; common name: Fungus; IUIS Allergen: Unassigned; Type: Aero Fungi; Group: Aspergillus Endo-chitosanase; Allergenicity: IgE but no biological test; 1st V: 16; curationNote: 
Q5BLY5.1	uniprot	species: Apis mellifera; common name: Honeybee; IUIS Allergen: Api m 3.0101; Type: Venom or Salivary; Group: Apis Api m 3 acid phosphatase; Allergenicity: IgE but no biological test; 1st V: 12; curationNote: 
Q5MIU2.1	uniprot	species: Aedes albopictus; common name: Asian tiger mosquito; IUIS Allergen: Unassigned; Type: Unassigned; Group: Aed a salivary protein Aed al 14; Allergenicity: IgE but no biological test; 1st V: 24; curationNote: 
Q5WPU9.1	uniprot	species: Lutzomyia longipalpis; common name: ; IUIS Allergen: Unassigned; Type: Unassigned; Group: Yel LJM11; Allergenicity: IgE but no biological test; 1st V: 24; curationNote: 
Q63213	uniprot	species: Rattus norvegicus; common name: Rat; IUIS Allergen: ; Type: Aero Animal; Group: Rattus Rat n 1; Allergenicity: IgE but no biological test; 1st V: 7; curationNote: 
Q647G9.1	uniprot	species: Arachis hypogaea; common name: Peanut; IUIS Allergen: Unassigned; Type: Food Plant; Group: Arachis Ara h 6; Allergenicity: IgE plus basophil+ or SPT+; 1st V: 10; curationNote: 
Q66RP5.1	uniprot	species: Tyrophagus putrescentiae; common name: Dust mite; IUIS Allergen: Unassigned; Type: Unassigned; Group: Tyrophagus Tyr p 13; Allergenicity: IgE but no biological test; 1st V: 23; curationNote: 
Q6EBC1.1	uniprot	species: Lupinus albus; common name: white lupine; IUIS Allergen: Unassigned; Type: Food Plant; Group: Lupinus albus congluten beta; Allergenicity: IgE but no biological test; 1st V: 17; curationNote: 
Q6R4B4.1	uniprot	species: Alternaria alternata; common name: Fungus; IUIS Allergen: Alt a 13.0101; Type: Aero Fungi; Group: Alternaria Alt a 13; Allergenicity: IgE plus basophil+ or SPT+; 1st V: 10; curationNote: 
Q6W8Q2.1	uniprot	species: Triticum aestivum; common name: Wheat; IUIS Allergen: Tri a 32.0101; Type: Aero Plant; Group: Triticum Tri a 32 Peroxiredoxin; Allergenicity: IgE plus basophil+ or SPT+; 1st V: 14; curationNote: 
Q7M1E7.1	uniprot	species: Chamaecyparis obtusa; common name: Japanese cypress; IUIS Allergen: Cha o 2.0101; Type: Aero Plant; Group: Chamaecyparis Cha o 2; Allergenicity: IgE but no biological test; 1st V: 7; curationNote: 
Q7M1E8	uniprot	species: Parietaria officinalis; common name: Weed; IUIS Allergen: Par o 1.0101; Type: Aero Plant; Group: Parietaria Par o 1; Allergenicity: IgE but no biological test; 1st V: 7; curationNote: 
Q7M1L8	uniprot	species: Phleum pratense; common name: Common timothy; IUIS Allergen: ; Type: Aero Plant; Group: Phleum Phl p 5; Allergenicity: IgE plus basophil+ or SPT+; 1st V: 7; curationNote: 
Q7M1X5.1	uniprot	species: Lolium perenne; common name: Perennial ryegrass; IUIS Allergen: Lol p 11.0101; Type: Aero Plant; Group: Lolium Lol p 11; Allergenicity: IgE plus basophil+ or SPT+; 1st V: 7; curationNote: 
UPI00001794BD	uniparc	species: Anthoxanthum odoratum; common name: Sweet vernal grass; IUIS Allergen: Ant o 1.0101; Type: Aero Plant; Group: Anthoxanthum Ant o 1; Allergenicity: IgE but no biological test; 1st V: 7; curationNote: No longer in UniProt
UPI00001794BB	uniparc	species: Agrostis alba; common name: Bent grass; IUIS Allergen: Unassigned; Type: Aero Plant; Group: Agrostis Agr a 1; Allergenicity: IgE but no biological test; 1st V: 7; curationNote: No longer in UniProt
UPI00001794B8	uniparc	species: Agrostis alba; common name: Bent grass; IUIS Allergen: Unassigned; Type: Aero Plant; Group: Agrostis Agr a 1; Allergenicity: IgE but no biological test; 1st V: 7; curationNote: No longer in UniProt
UPI00001794B7	uniparc	species: Anthoxanthum odoratum; common name: Sweet vernal grass; IUIS Allergen: Unassigned; Type: Aero Plant; Group: Anthoxanthum Ant o 1; Allergenicity: IgE but no biological test; 1st V: 7; curationNote: No longer in UniProt
UPI00001794B5	uniparc	species: Schedonorus arundinaceus; common name: Tall fescue; IUIS Allergen: Unassigned; Type: Aero Plant; Group: Festuca group 1 allergen; Allergenicity: IgE but no biological test; 1st V: 7; curationNote: No longer in UniProt
Q7M262	uniprot	species: Holcus lanatus; common name: Velvet grass; IUIS Allergen: Unassigned; Type: Aero Plant; Group: Holcus Hol l 5; Allergenicity: IgE plus basophil+ or SPT+; 1st V: 7; curationNote: 
Q7M263	uniprot	species: Secale cereale; common name: Rye; IUIS Allergen: Unassigned; Type: Aero Plant; Group: Secale Sec c 5; Allergenicity: IgE but no biological test; 1st V: 7; curationNote: 
Q7M4I3.1	uniprot	species: Bombus pennsylvanicus; common name: Bumblebee; IUIS Allergen: Bom p 4.0101; Type: Venom or Salivary; Group: Bombus Bom p 4 protease; Allergenicity: IgE but no biological test; 1st V: 12; curationNote: 
Q7M4I5.1	uniprot	species: Apis dorsata; common name: Giant honeybee; IUIS Allergen: Api d 1.0101; Type: Venom or Salivary; Group: Apis Api m 1 Api d 1 Api c 1; Allergenicity: IgE plus basophil+ or SPT+; 1st V: 7; curationNote: 
Q7M4I6.1	uniprot	species: Bombus pennsylvanicus; common name: Bumblebee; IUIS Allergen: Bom p 1.0101; Type: Venom or Salivary; Group: Bombus Bom p 1; Allergenicity: IgE but no biological test; 1st V: 12; curationNote: 
Q7Z156.2	uniprot	species: Polybia scutellaris rioplatensis; common name: Wasp; IUIS Allergen: Unassigned; Type: Venom or Salivary; Group: Polybia Poly p 5, Poly s 5 venom allergen; Allergenicity: IgE but no biological test; 1st V: 7; curationNote: 
Q7Z1K3.1	uniprot	species: Anisakis simplex; common name: Parasitic fish worm; IUIS Allergen: Ani s 1.0101; Type: Food Animal; Group: Anisakis Ani s 1 protease inhibitor; Allergenicity: IgE plus basophil+ or SPT+; 1st V: 7; curationNote: 
Q875I9.1	uniprot	species: Aspergillus fumigatus; common name: Fungus; IUIS Allergen: Unassigned; Type: Aero Fungi; Group: Aspergillus Endo-chitosanase; Allergenicity: IgE but no biological test; 1st V: 16; curationNote: 
Q8J077.1	uniprot	species: Trichophyton schoenleinii; common name: Fungus; IUIS Allergen: Unassigned; Type: Contact; Group: Trichophyton (Arthroderma) Tri r 2; Allergenicity: IgE plus basophil+ or SPT+; 1st V: 12; curationNote: 
Q8NKF4.2	uniprot	species: Aspergillus fumigatus; common name: Fungus; IUIS Allergen: Unassigned; Type: Aero Fungi; Group: Aspergillus Asp f 23; Allergenicity: IgE but no biological test; 1st V: 7; curationNote: 
Q8S4P9.1	uniprot	species: Corylus avellana; common name: European hazelnut; IUIS Allergen: Unassigned; Type: Unassigned; Group: Corylus Cor a 11; Allergenicity: IgE plus basophil+ or SPT+; 1st V: 22; curationNote: 
Q91483.3	uniprot	species: Salmo salar; common name: Salmon; IUIS Allergen: ; Type: Food Animal; Group: Salmo Sal s 1; Allergenicity: IgE plus basophil+ or SPT+; 1st V: 7; curationNote: 
Q92260.1	uniprot	species: Penicillium citrinum; common name: Fungus; IUIS Allergen: Pen c 19.0101; Type: Aero Fungi; Group: Penicillium Pen c 19; Allergenicity: IgE but no biological test; 1st V: 7; curationNote: 
Q92450.3	uniprot	species: Aspergillus fumigatus; common name: Fungus; IUIS Allergen: Unassigned; Type: Aero Fungi; Group: Aspergillus Asp f 6; Allergenicity: IgE plus basophil+ or SPT+; 1st V: 7; curationNote: 
Q93X51	uniprot	species: Juniperus oxycedrus; common name: Juniper; IUIS Allergen: Unassigned; Type: Unassigned; Group: Juniperus Jun a/v 1; Allergenicity: IgE but no biological test; 1st V: 22; curationNote: 
Q945K2.1	uniprot	species: Prunus dulcis; common name: Almond; IUIS Allergen: Unassigned; Type: Food Plant; Group: Pru du 10; Allergenicity: IgE but no biological test; 1st V: 20; curationNote: 
Q948T6.2	uniprot	species: Oryza sativa; common name: Rice; IUIS Allergen: Unassigned; Type: Food Plant; Group: Oryza Glyoxalase I; Allergenicity: IgE but no biological test; 1st V: 7; curationNote: 
Q94JN2.1	uniprot	species: Ananas comosus; common name: Pineapple; IUIS Allergen: Ana c 1.0101; Type: Food Plant; Group: Ananas profilin Ana c 1; Allergenicity: IgE but no biological test; 1st V: 10; curationNote: 
Q96X30.3	uniprot	species: Aspergillus fumigatus; common name: Fungus; IUIS Allergen: Unassigned; Type: Aero Fungi; Group: Aspergillus Asp f 22; Allergenicity: IgE but no biological test; 1st V: 7; curationNote: 
Q99MG7.1	uniprot	species: Mesocricetus auratus; common name: Golden hamster; IUIS Allergen: Unassigned; Type: Aero Animal; Group: Mesocricetus auratus Mes a 1; Allergenicity: IgE but no biological test; 1st V: 17; curationNote: 
Q9FSG7.1	uniprot	species: Malus x domestica; common name: Apple; IUIS Allergen: Unassigned; Type: Food Plant; Group: Malus Mal d 2; Allergenicity: IgE but no biological test; 1st V: 8; curationNote: 
Q9HDT3.2	uniprot	species: Alternaria alternata; common name: Fungus; IUIS Allergen: Alt a 6.0101; Type: Aero Fungi; Group: Alternaria Alt a 6 enolase; Allergenicity: IgE but no biological test; 1st V: 7; curationNote: 
Q9LD79.2	uniprot	species: Juniperus virginiana; common name: Red cedar; IUIS Allergen: Unassigned; Type: Aero Plant; Group: Juniperus Jun a 3; Allergenicity: IgE but no biological test; 1st V: 7; curationNote: 
Q9LEI9.1	uniprot	species: Hevea brasiliensis; common name: Para rubber tree; IUIS Allergen: Unassigned; Type: Contact; Group: Hevea Hev b 9; Allergenicity: IgE but no biological test; 1st V: 9; curationNote: 
Q9NAS5.1	uniprot	species: Anisakis simplex; common name: Parasitic fish worm; IUIS Allergen: Ani s 3.0101; Type: Food Animal; Group: Anisakis Ani s 3 tropomyosin; Allergenicity: IgE plus basophil+ or SPT+; 1st V: 7; curationNote: 
Q9NJA9.1	uniprot	species: Anisakis simplex; common name: Parasitic fish worm; IUIS Allergen: Unassigned; Type: Food Animal; Group: Anisakis Ani s 2 paramyosin; Allergenicity: IgE but no biological test; 1st V: 9; curationNote: 
Q9S8H2	uniprot	species: Secale cereale; common name: Rye; IUIS Allergen: Sec c 38.0101; Type: Aero Plant; Group: Secale Sec c 38.01; Allergenicity: IgE plus basophil+ or SPT+; 1st V: 7; curationNote: Lookup accession - Q9S8H2
Q9T0M8.1	uniprot	species: Parietaria judaica; common name: Weed; IUIS Allergen: Par j 3.0102; Type: Aero Plant; Group: Parietaria Par j 3 profilin; Allergenicity: IgE plus basophil+ or SPT+; 1st V: 7; curationNote: 
Q9UB31.1	uniprot	species: Anopheles gambiae; common name: African malaria mosquito; IUIS Allergen: Unassigned; Type: Unassigned; Group: Ano g salivary proteins; Allergenicity: IgE but no biological test; 1st V: 24; curationNote: 
Q9UUZ6.2	uniprot	species: Aspergillus fumigatus; common name: Fungus; IUIS Allergen: Unassigned; Type: Aero Fungi; Group: Aspergillus Asp f 8; Allergenicity: IgE plus basophil+ or SPT+; 1st V: 7; curationNote: 
Q9UVU3	uniprot	species: Aspergillus flavus; common name: Fungus; IUIS Allergen: Unassigned; Type: Aero Fungi; Group: Aspergillus Oryzin Asp o 13, fl 13; Allergenicity: IgE but no biological test; 1st V: 7; curationNote: 
Q9XFM4.1	uniprot	species: Fagopyrum esculentum; common name: Buckwheat; IUIS Allergen: Unassigned; Type: Food Plant; Group: Fagopyrum Legumin-like protein; Allergenicity: IgE but no biological test; 1st V: 9; curationNote: 
Q9XG85.1	uniprot	species: Parietaria judaica; common name: Weed; IUIS Allergen: Par j 3.0101; Type: Aero Plant; Group: Parietaria Par j 3 profilin; Allergenicity: IgE plus basophil+ or SPT+; 1st V: 7; curationNote: 
QAT18638.1	ncbi	species: Dermatophagoides pteronyssinus; common name: House dust mite; IUIS Allergen: Unassigned; Type: Aero Mite; Group: Der p 26; Allergenicity: IgE but no biological test; 1st V: 20; curationNote: 
QAT18639.1	ncbi	species: Dermatophagoides pteronyssinus; common name: House dust mite; IUIS Allergen: Unassigned; Type: Aero Mite; Group: Der p 28; Allergenicity: IgE but no biological test; 1st V: 20; curationNote: 
QAT18640.1	ncbi	species: Dermatophagoides pteronyssinus; common name: House dust mite; IUIS Allergen: Unassigned; Type: Unassigned; Group: Der p 29; Allergenicity: IgE but no biological test; 1st V: 20; curationNote: 
QAT18643.1	ncbi	species: Dermatophagoides pteronyssinus; common name: House dust mite; IUIS Allergen: Unassigned; Type: Aero Mite; Group: Der p 32; Allergenicity: IgE but no biological test; 1st V: 20; curationNote: 
QAT18644.1	ncbi	species: Dermatophagoides pteronyssinus; common name: House dust mite; IUIS Allergen: Unassigned; Type: Aero Mite; Group: Der p 33; Allergenicity: IgE but no biological test; 1st V: 20; curationNote: 
QBM01048.1	ncbi	species: Tenebrio molitor; common name: Yellow mealworm; IUIS Allergen: Unassigned; Type: Food insect; Group: Tenebrio molitor tropomyosin mealworm; Allergenicity: IgE plus basophil+ or SPT+; 1st V: 20; curationNote: 
QCB92083.1	ncbi	species: Urochloa mutica; common name: ; IUIS Allergen: Unassigned; Type: Aero Plant; Group: Uro m 1 beta expansin; Allergenicity: IgE but no biological test; 1st V: 20; curationNote: 
QCY53440.1	ncbi	species: Ctenopharyngodon idella; common name: ; IUIS Allergen: Unassigned; Type: Food Animal; Group: Cten i 1 parvalbumin; Allergenicity: IgE but no biological test; 1st V: 20; curationNote: 
QDA95277.1	ncbi	species: Artemisia desertorum; common name: ; IUIS Allergen: Unassigned; Type: Unassigned; Group: Art v 2 homologues; Allergenicity: IgE but no biological test; 1st V: 22; curationNote: 
QDA95278.1	ncbi	species: Artemisia annua; common name: ; IUIS Allergen: Unassigned; Type: Unassigned; Group: Art v 2 homologues; Allergenicity: IgE but no biological test; 1st V: 22; curationNote: 
QDH76468.1	ncbi	species: Scylla paramamosain; common name: green mud crab; IUIS Allergen: Unassigned; Type: Unassigned; Group: Scy p 3.0101 Myosin light chain; Allergenicity: IgE plus basophil+ or SPT+; 1st V: 22; curationNote: 
QDO73345.1	ncbi	species: Prunus dulcis; common name: Almond; IUIS Allergen: Unassigned; Type: Food Plant; Group: Pru du 8 Antimicrobial protein; Allergenicity: IgE but no biological test; 1st V: 20; curationNote: 
QEA69430.1	ncbi	species: Scolopendra subspinipes; common name: ; IUIS Allergen: Unassigned; Type: Venom or Salivary; Group: Scolopendra venom Sco m 5; Allergenicity: IgE plus basophil+ or SPT+; 1st V: 20; curationNote: 
QEM21451.1	ncbi	species: Corylus avellana; common name: European hazelnut; IUIS Allergen: Unassigned; Type: Unassigned; Group: Cor a 15 Oleosin 15; Allergenicity: IgE but no biological test; 1st V: 22; curationNote: 
QEM21452.1	ncbi	species: Corylus avellana; common name: European hazelnut; IUIS Allergen: Unassigned; Type: Unassigned; Group: Cor a oleosin like protein; Allergenicity: IgE but no biological test; 1st V: 24; curationNote: 
QEQ43417.1	ncbi	species: Solanum melongena; common name: Eggplant; IUIS Allergen: Unassigned; Type: Food Plant; Group: Solanum melalongena Sola m 1; Allergenicity: IgE plus basophil+ or SPT+; 1st V: 20; curationNote: 
QFG58557.1	ncbi	species: Prunus dulcis; common name: Almond; IUIS Allergen: Unassigned; Type: Food Plant; Group: Pru du x Prunus dulcis vicilin; Allergenicity: IgE but no biological test; 1st V: 20; curationNote: 
QFI57017.1	ncbi	species: Scylla paramamosain; common name: green mud crab; IUIS Allergen: Unassigned; Type: Food Animal; Group: Scylla paramamosain filamin C; Allergenicity: IgE plus basophil+ or SPT+; 1st V: 20; curationNote: 
QGS84240.1	ncbi	species: Quercus ilex; common name: holly oak; IUIS Allergen: Unassigned; Type: Aero Plant; Group: Que i 1; Allergenicity: IgE but no biological test; 1st V: 21; curationNote: 
QHW05434.1	ncbi	species: Cicer arietinum; common name: ; IUIS Allergen: Unassigned; Type: Unassigned; Group: Cic a 1.0101 Late embryogenesis chick pea; Allergenicity: IgE but no biological test; 1st V: 22; curationNote: 
QID21357.1	ncbi	species: Populus nigra; common name: black poplar; IUIS Allergen: Unassigned; Type: Aero Plant; Group: Pop n 2 profilin; Allergenicity: IgE but no biological test; 1st V: 21; curationNote: 
QIJ32297.1	ncbi	species: Crassostrea angulata; common name: ; IUIS Allergen: Unassigned; Type: Unassigned; Group: Cra a 4.0101 Oyster Crasstorea angulata; Allergenicity: IgE plus basophil+ or SPT+; 1st V: 22; curationNote: 
QOI58528.1	ncbi	species: Tyrophagus putrescentiae; common name: Dust mite; IUIS Allergen: Unassigned; Type: Aero Mite; Group: Tyr p 20; Allergenicity: IgE but no biological test; 1st V: 21; curationNote: 
QOL10866.1	ncbi	species: Quercus acutissima; common name: ; IUIS Allergen: Unassigned; Type: Unassigned; Group: Quercus acutissima Que ac 1 PR10; Allergenicity: IgE but no biological test; 1st V: 22; curationNote: 
QOS47419.1	ncbi	species: Morus alba; common name: ; IUIS Allergen: Unassigned; Type: Unassigned; Group: Mor a 2.0101 Cobalamine; Allergenicity: IgE but no biological test; 1st V: 22; curationNote: 
QPB41107.1	ncbi	species: Rapana venosa; common name: ; IUIS Allergen: Unassigned; Type: Unassigned; Group: Rapana venousa Rap v 2; Allergenicity: IgE but no biological test; 1st V: 22; curationNote: 
QUJ17885.1	ncbi	species: Apium graveolens; common name: Celery; IUIS Allergen: Unassigned; Type: Unassigned; Group: Apium Api g 7 defensin; Allergenicity: IgE plus basophil+ or SPT+; 1st V: 22; curationNote: 
QVG59423.1	ncbi	species: Ambrosia trifida; common name: Giant ragweed; IUIS Allergen: Unassigned; Type: Unassigned; Group: Amb t 8 Profilin Giant ragweed; Allergenicity: IgE but no biological test; 1st V: 22; curationNote: 
QVU02258.1	ncbi	species: Quercus acutissima; common name: ; IUIS Allergen: Unassigned; Type: Unassigned; Group: Quercus acutissima Que ac 2 profilin; Allergenicity: IgE but no biological test; 1st V: 22; curationNote: 
QXO82627.1	ncbi	species: Macrobrachium lanchesteri; common name: ; IUIS Allergen: Unassigned; Type: Unassigned; Group: Macrobrachium lanchesteri tropomyosin 2021; Allergenicity: IgE but no biological test; 1st V: 22; curationNote: 
QXO82628.1	ncbi	species: Cherax quadricarinatus; common name: ; IUIS Allergen: Unassigned; Type: Unassigned; Group: Cherax quadricarinatus tropomyosin 2021; Allergenicity: IgE plus basophil+ or SPT+; 1st V: 22; curationNote: 
QXY82447.1	ncbi	species: Dermatophagoides pteronyssinus; common name: House dust mite; IUIS Allergen: Unassigned; Type: Unassigned; Group: Der p 39 Troponin C; Allergenicity: IgE but no biological test; 1st V: 22; curationNote: 
QZM06934.1	ncbi	species: Fagopyrum tataricum; common name: Buckwheat; IUIS Allergen: Unassigned; Type: Unassigned; Group: Fagopyrum tataricum Oleosin; Allergenicity: IgE but no biological test; 1st V: 22; curationNote: 
QZP44316.1	ncbi	species: Crassostrea angulata; common name: ; IUIS Allergen: Unassigned; Type: Unassigned; Group: Cra a 2 Arginine kinase oyster; Allergenicity: IgE plus basophil+ or SPT+; 1st V: 22; curationNote: 
RZC52308.1	ncbi	species: Papaver somniferum; common name: opium poppy; IUIS Allergen: Unassigned; Type: Unassigned; Group: Pap s 1 vicilin opium poppy; Allergenicity: IgE plus basophil+ or SPT+; 1st V: 23; curationNote: 
RZC84488.1	ncbi	species: Papaver somniferum; common name: opium poppy; IUIS Allergen: Unassigned; Type: Unassigned; Group: Pap s 2 legumin; Allergenicity: IgE plus basophil+ or SPT+; 1st V: 23; curationNote: 
S32101	ncbi	species: Phleum pratense; common name: Common timothy; IUIS Allergen: ; Type: Aero Plant; Group: Phleum Phl p 5; Allergenicity: IgE plus basophil+ or SPT+; 1st V: 7; curationNote: 
S38584	ncbi	species: Phleum pratense; common name: Common timothy; IUIS Allergen: ; Type: Aero Plant; Group: Phleum Phl p 5; Allergenicity: IgE plus basophil+ or SPT+; 1st V: 7; curationNote: 
S43242	ncbi	species: Syringa vulgaris; common name: Lilac; IUIS Allergen: Syr v 1.0101; Type: Aero Plant; Group: Syringa Syr v I; Allergenicity: IgE but no biological test; 1st V: 7; curationNote: 
S43243	ncbi	species: Syringa vulgaris; common name: Lilac; IUIS Allergen: Syr v 1.0102; Type: Aero Plant; Group: Syringa Syr v I; Allergenicity: IgE but no biological test; 1st V: 7; curationNote: 
S43244	ncbi	species: Syringa vulgaris; common name: Lilac; IUIS Allergen: Syr v 1.0103; Type: Aero Plant; Group: Syringa Syr v I; Allergenicity: IgE but no biological test; 1st V: 7; curationNote: 
S65143	ncbi	species: Brassica rapa; common name: Turnip; IUIS Allergen: Unassigned; Type: Aero Plant; Group: Bra n Bra r 2; Allergenicity: IgE but no biological test; 1st V: 7; curationNote: 
S65144	ncbi	species: Brassica napus; common name: Rape; IUIS Allergen: Unassigned; Type: Aero Plant; Group: Bra n Bra r 2; Allergenicity: IgE but no biological test; 1st V: 7; curationNote: 
S65145	ncbi	species: Brassica napus; common name: Rape; IUIS Allergen: Unassigned; Type: Aero Plant; Group: Bra n Bra r 2; Allergenicity: IgE but no biological test; 1st V: 7; curationNote: 
SHD75397.1	ncbi	species: Sarcoptes scabiei; common name: mite; IUIS Allergen: Unassigned; Type: Venom or Salivary; Group: Sarcoptes scabiei paramyosin; Allergenicity: IgE but no biological test; 1st V: 18; curationNote: 
SHO79205.1	ncbi	species: Malassezia sympodialis ATCC 42132; common name: Yeast; IUIS Allergen: Unassigned; Type: Contact; Group: Malassezia Mala s 7; Allergenicity: IgE but no biological test; 1st V: 18; curationNote: 
URW11955.1	ncbi	species: Penaeus monodon; common name: Black tiger shrimp; IUIS Allergen: Unassigned; Type: Unassigned; Group: Pen m 14 Glycogen phosphorylase; Allergenicity: IgE but no biological test; 1st V: 22; curationNote: 
UTE00286.1	ncbi	species: Corylus avellana; common name: European hazelnut; IUIS Allergen: Unassigned; Type: Unassigned; Group: Cor a 16.0101 mature and ProPro lidholm; Allergenicity: IgE but no biological test; 1st V: 22; curationNote: 
UXW65969.1	ncbi	species: Tyrophagus putrescentiae; common name: Dust mite; IUIS Allergen: Unassigned; Type: Unassigned; Group: Tyr p 11 paramyosin Cui; Allergenicity: IgE but no biological test; 1st V: 22; curationNote: 
UYQ90943.1	ncbi	species: Platanus x acerifolia; common name: London plane tree; IUIS Allergen: Unassigned; Type: Unassigned; Group: Pla a 6 Enolase pollen; Allergenicity: IgE plus basophil+ or SPT+; 1st V: 22; curationNote: 
UYQ90947.1	ncbi	species: Platanus x acerifolia; common name: London plane tree; IUIS Allergen: Unassigned; Type: Unassigned; Group: Pla a 4 profilin; Allergenicity: IgE plus basophil+ or SPT+; 1st V: 22; curationNote: 
UZC36337.1	ncbi	species: Periplaneta americana; common name: American cockroach; IUIS Allergen: Unassigned; Type: Unassigned; Group: Per a 14.01 Enolase; Allergenicity: IgE but no biological test; 1st V: 22; curationNote: 
UZC36339.1	ncbi	species: Periplaneta americana; common name: American cockroach; IUIS Allergen: Unassigned; Type: Unassigned; Group: Per a 16.01; Allergenicity: IgE but no biological test; 1st V: 22; curationNote: 
UZC36340.1	ncbi	species: Periplaneta americana; common name: American cockroach; IUIS Allergen: Unassigned; Type: Unassigned; Group: Per a 17.01; Allergenicity: IgE but no biological test; 1st V: 22; curationNote: 
UZC36341.1	ncbi	species: Periplaneta americana; common name: American cockroach; IUIS Allergen: Unassigned; Type: Unassigned; Group: Per a 18.01 Cyclophilin; Allergenicity: IgE but no biological test; 1st V: 22; curationNote: 
UZC36342.1	ncbi	species: Periplaneta americana; common name: American cockroach; IUIS Allergen: Unassigned; Type: Unassigned; Group: Per a 19.01 Porin 3; Allergenicity: IgE but no biological test; 1st V: 22; curationNote: 
UZC36343.1	ncbi	species: Periplaneta americana; common name: American cockroach; IUIS Allergen: Unassigned; Type: Unassigned; Group: Per a 20.01 Peroxiredoxin; Allergenicity: IgE but no biological test; 1st V: 22; curationNote: 
VEV85353.1	ncbi	species: Cavia porcellus; common name: Domestic guinea pig; IUIS Allergen: Cav p 1.0101; Type: Aero Animal; Group: Cavia Cav p 1; Allergenicity: IgE but no biological test; 1st V: 20; curationNote: 
VEV85354.1	ncbi	species: Cavia porcellus; common name: Domestic guinea pig; IUIS Allergen: Cav p 1.0102; Type: Aero Animal; Group: Cavia Cav p 1; Allergenicity: IgE but no biological test; 1st V: 20; curationNote: 
WBV73488.1	ncbi	species: Blomia tropicalis; common name: Mite; IUIS Allergen: Unassigned; Type: Unassigned; Group: Blo t homologue Der f 18; Allergenicity: IgE but no biological test; 1st V: 23; curationNote: 
WBV73493.1	ncbi	species: Blomia tropicalis; common name: Mite; IUIS Allergen: Unassigned; Type: Unassigned; Group: Blo t 41 Peritrophin like protein; Allergenicity: IgE plus basophil+ or SPT+; 1st V: 23; curationNote: 
XAG93339.1	ncbi	species: Artemisia sieversiana; common name: ; IUIS Allergen: Unassigned; Type: Unassigned; Group: Art si 6 pectate lyase; Allergenicity: IgE but no biological test; 1st V: 23; curationNote: 
XLT98297.1	ncbi	species: Lateolabrax maculatus; common name: ; IUIS Allergen: Unassigned; Type: Unassigned; Group: Lat m parvalbumin; Allergenicity: IgE but no biological test; 1st V: 24; curationNote: 
XLT98298.1	ncbi	species: Lateolabrax maculatus; common name: ; IUIS Allergen: Unassigned; Type: Unassigned; Group: Lat m parvalbumin; Allergenicity: IgE but no biological test; 1st V: 24; curationNote: 
XP_001653462.1	ncbi	species: Aedes aegypti; common name: Yellow fever mosquito; IUIS Allergen: Aed a 5.0101; Type: Venom or Salivary; Group: Aedes Aed a 5  Sarcoplasmic Ca+ bind; Allergenicity: IgE but no biological test; 1st V: 17; curationNote: 
XP_001654291.1	ncbi	species: Aedes aegypti; common name: Yellow fever mosquito; IUIS Allergen: Aed a 7.0101; Type: Venom or Salivary; Group: Aedes Aed a 7; Allergenicity: IgE but no biological test; 1st V: 17; curationNote: 
XP_001655948.1	ncbi	species: Aedes aegypti; common name: Yellow fever mosquito; IUIS Allergen: Aed a 10.0201; Type: Venom or Salivary; Group: Aedes aegypti Aed a 10; Allergenicity: IgE but no biological test; 1st V: 16; curationNote: 
XP_001655954.1	ncbi	species: Aedes aegypti; common name: Yellow fever mosquito; IUIS Allergen: Aed a 10.0101; Type: Venom or Salivary; Group: Aedes aegypti Aed a 10; Allergenicity: IgE but no biological test; 1st V: 16; curationNote: 
XP_001657556.2	ncbi	species: Aedes aegypti; common name: Yellow fever mosquito; IUIS Allergen: Aed a 11; Type: Venom or Salivary; Group: Aedes Aed a 11 Lysosomal protease; Allergenicity: IgE but no biological test; 1st V: 18; curationNote: 
XP_003030591.1	ncbi	species: Schizophyllum commune H4-8; common name: Mushroom; IUIS Allergen: Sch c 1.0101; Type: Aero Fungi; Group: Schizophyllum Sch c 1; Allergenicity: IgE but no biological test; 1st V: 15; curationNote: 
XP_004229753.1	ncbi	species: Solanum lycopersicum (Lycopersicon esculentum); common name: Tomato; IUIS Allergen: Sola l 7.0101; Type: Food Plant; Group: Solanum lycopersicum Sola l 7; Allergenicity: IgE plus basophil+ or SPT+; 1st V: 16; curationNote: 
XP_005902099.2	ncbi	species: Bos grunniens mutus; common name: Yak; IUIS Allergen: Bos d 11.0101; Type: Food Animal; Group: Bos Bos d 11 beta casein; Allergenicity: IgE plus basophil+ or SPT+; 1st V: 16; curationNote: 
XP_006472264.1	ncbi	species: Citrus sinensis; common name: Navel orange; IUIS Allergen: Cit s 7; Type: Food Plant; Group: Citrus sinensis Cit s 7; Allergenicity: IgE plus basophil+ or SPT+; 1st V: 20; curationNote: 
XP_007199020.1	ncbi	species: Prunus persica; common name: Peach; IUIS Allergen: Unassigned; Type: Food Plant; Group: Pru p 9 peach a PR-1 protein Cys rich; Allergenicity: IgE plus basophil+ or SPT+; 1st V: 20; curationNote: 
XP_007214724.1	ncbi	species: Prunus persica; common name: Peach; IUIS Allergen: Unassigned; Type: Unassigned; Group: Per a 10 Prunus polygalacturonase; Allergenicity: IgE plus basophil+ or SPT+; 1st V: 23; curationNote: 
XP_013623213.1	ncbi	species: Brassica oleracea var. oleracea; common name: Wild cabbage; IUIS Allergen: Bra o 3.0101; Type: Aero Plant; Group: Brassica Bra o 3 LTP full length; Allergenicity: IgE plus basophil+ or SPT+; 1st V: 16; curationNote: 
XP_013998297.1	ncbi	species: Salmo salar; common name: Salmon; IUIS Allergen: Unassigned; Type: Food Animal; Group: Sal s 6; Allergenicity: IgE plus basophil+ or SPT+; 1st V: 21; curationNote: 
XP_014033985.1	ncbi	species: Salmo salar; common name: Salmon; IUIS Allergen: Unassigned; Type: Food Animal; Group: Sal s 6; Allergenicity: IgE plus basophil+ or SPT+; 1st V: 21; curationNote: 
XP_014048044.1	ncbi	species: Salmo salar; common name: Salmon; IUIS Allergen: Unassigned; Type: Food Animal; Group: Sal s 6; Allergenicity: IgE plus basophil+ or SPT+; 1st V: 21; curationNote: 
XP_014059932.1	ncbi	species: Salmo salar; common name: Salmon; IUIS Allergen: Unassigned; Type: Food Animal; Group: Sal s 6; Allergenicity: IgE plus basophil+ or SPT+; 1st V: 21; curationNote: 
XP_014705584.1	ncbi	species: Equus asinus; common name: ; IUIS Allergen: Equ a 6; Type: Food Animal; Group: Equus asinus / caballas  Equ a 6 Equ c 6 lysozyme; Allergenicity: IgE plus basophil+ or SPT+; 1st V: 18; curationNote: 
XP_015174445.1	ncbi	species: Polistes dominula; common name: ; IUIS Allergen: Unassigned; Type: Venom or Salivary; Group: Polistes Pol d 3; Allergenicity: IgE plus basophil+ or SPT+; 1st V: 19; curationNote: 
XP_016553101.1	ncbi	species: Capsicum annuum; common name: Bell pepper; IUIS Allergen: Unassigned; Type: Unassigned; Group: Cap a 7 Peamaclein GRP; Allergenicity: IgE plus basophil+ or SPT+; 1st V: 23; curationNote: 
XP_018521723.1	ncbi	species: Lates calcarifer; common name: Asian Seabass; IUIS Allergen: Unassigned; Type: Food Animal; Group: Lat c 6; Allergenicity: IgE plus basophil+ or SPT+; 1st V: 20; curationNote: 
XP_018522130.1	ncbi	species: Lates calcarifer; common name: Asian Seabass; IUIS Allergen: Unassigned; Type: Food Animal; Group: Lat c 6; Allergenicity: IgE plus basophil+ or SPT+; 1st V: 21; curationNote: 
XP_018558992.1	ncbi	species: Lates calcarifer; common name: Asian Seabass; IUIS Allergen: Unassigned; Type: Food Animal; Group: Lat c 6; Allergenicity: IgE plus basophil+ or SPT+; 1st V: 21; curationNote: 
XP_018814692.1	ncbi	species: Juglans regia; common name: English walnut; IUIS Allergen: Jug r 6.0101; Type: Food Plant; Group: Jug r 6; Allergenicity: IgE but no biological test; 1st V: 19; curationNote: 
XP_021820299.1	ncbi	species: Prunus avium; common name: Cherry; IUIS Allergen: Unassigned; Type: Food Plant; Group: Prunus avium Pru av 7.01 Gibberellin; Allergenicity: IgE but no biological test; 1st V: 20; curationNote: 
XP_025675300.1	ncbi	species: Arachis hypogaea; common name: Peanut; IUIS Allergen: Unassigned; Type: Unassigned; Group: Arachis hypogaea Ara h 18 IgE; Allergenicity: IgE but no biological test; 1st V: 22; curationNote: 
XP_026771637.1	ncbi	species: Pangasianodon hypophthalmus; common name: ; IUIS Allergen: Unassigned; Type: Food Animal; Group: Pan h 3; Allergenicity: IgE but no biological test; 1st V: 21; curationNote: 
XP_026772003.1	ncbi	species: Pangasianodon hypophthalmus; common name: ; IUIS Allergen: Unassigned; Type: Food Animal; Group: Pangasianodon hypothalmus Pan h 1; Allergenicity: IgE but no biological test; 1st V: 20; curationNote: 
XP_026774991.1	ncbi	species: Pangasianodon hypophthalmus; common name: ; IUIS Allergen: Unassigned; Type: Food Animal; Group: Pangasianodon Pan h 10; Allergenicity: IgE but no biological test; 1st V: 21; curationNote: 
XP_026775428.1	ncbi	species: Pangasianodon hypophthalmus; common name: ; IUIS Allergen: Unassigned; Type: Food Animal; Group: Pan h 4; Allergenicity: IgE but no biological test; 1st V: 21; curationNote: 
XP_026775867.1	ncbi	species: Pangasianodon hypophthalmus; common name: ; IUIS Allergen: Unassigned; Type: Food Animal; Group: Pan h 9; Allergenicity: IgE but no biological test; 1st V: 21; curationNote: 
XP_026777250.1	ncbi	species: Pangasianodon hypophthalmus; common name: ; IUIS Allergen: Unassigned; Type: Food Animal; Group: Pan h 2; Allergenicity: IgE but no biological test; 1st V: 21; curationNote: 
XP_026780620.1	ncbi	species: Pangasianodon hypophthalmus; common name: ; IUIS Allergen: Unassigned; Type: Food Animal; Group: Pan h 7; Allergenicity: IgE but no biological test; 1st V: 21; curationNote: 
XP_026781482.1	ncbi	species: Pangasianodon hypophthalmus; common name: ; IUIS Allergen: Unassigned; Type: Food Animal; Group: Pan h 4; Allergenicity: IgE but no biological test; 1st V: 21; curationNote: 
XP_026782131.1	ncbi	species: Pangasianodon hypophthalmus; common name: ; IUIS Allergen: Unassigned; Type: Food Animal; Group: Pan h 13; Allergenicity: IgE but no biological test; 1st V: 21; curationNote: 
XP_026782721.1	ncbi	species: Pangasianodon hypophthalmus; common name: ; IUIS Allergen: Unassigned; Type: Food Animal; Group: Pangasianodon hypothalmus Pan h 11; Allergenicity: IgE but no biological test; 1st V: 21; curationNote: 
XP_026795867.1	ncbi	species: Pangasianodon hypophthalmus; common name: ; IUIS Allergen: Unassigned; Type: Food Animal; Group: Pan h 8; Allergenicity: IgE but no biological test; 1st V: 21; curationNote: 
XP_026803769.1	ncbi	species: Pangasianodon hypophthalmus; common name: ; IUIS Allergen: Unassigned; Type: Food Animal; Group: Pangasianodon hypothalmus Pan h 1; Allergenicity: IgE but no biological test; 1st V: 20; curationNote: 
XP_030482568.2	ncbi	species: Cannabis sativa; common name: Hemp; IUIS Allergen: Unassigned; Type: Unassigned; Group: Can s 4 Oxygen enhancing protein 2; Allergenicity: IgE plus basophil+ or SPT+; 1st V: 23; curationNote: 
XP_030492464.1	ncbi	species: Cannabis sativa; common name: Hemp; IUIS Allergen: Unassigned; Type: Unassigned; Group: Can s 2 Cannabis profiliin; Allergenicity: IgE plus basophil+ or SPT+; 1st V: 22; curationNote: 
XP_030502297.2	ncbi	species: Cannabis sativa; common name: Hemp; IUIS Allergen: Unassigned; Type: Unassigned; Group: Can s 7 Thaumatin like; Allergenicity: IgE plus basophil+ or SPT+; 1st V: 23; curationNote: 
XP_044472144.1	ncbi	species: Mangifera indica; common name: Mango; IUIS Allergen: Unassigned; Type: Unassigned; Group: Man i 4 Profilin Mango fruit; Allergenicity: IgE but no biological test; 1st V: 23; curationNote: 
XPT07169.1	ncbi	species: Lateolabrax japonicus; common name: ; IUIS Allergen: Unassigned; Type: Unassigned; Group: Lat j tropomyosin; Allergenicity: IgE but no biological test; 1st V: 24; curationNote: 
